order_id,order_datetime,buyer_id,buyer_type,fruit_type,quantity,catalog_price,paid_amount,is_anomaly
ORD-00926,2024-01-01 09:00:00,BUY-0073,reseller,Jeruk,15,21645.0,319102.0,False
ORD-02617,2024-01-01 10:00:00,BUY-0036,retail,Anggur,1,50491.0,49069.0,False
ORD-02131,2024-01-01 13:00:00,BUY-0121,retail,Semangka,1,9745.0,9335.0,False
ORD-04127,2024-01-01 15:00:00,BUY-0111,retail,Pisang,3,17131.0,47955.0,False
ORD-03672,2024-01-01 17:00:00,BUY-0039,retail,Apel,3,32737.0,91760.0,False
ORD-03773,2024-01-01 18:00:00,BUY-0093,retail,Pepaya,2,9566.0,17901.0,False
ORD-01941,2024-01-02 12:00:00,BUY-0145,retail,Jeruk,4,21432.0,81443.0,False
ORD-00951,2024-01-02 12:00:00,BUY-0111,retail,Anggur,4,52531.0,203797.0,False
ORD-01280,2024-01-02 16:00:00,BUY-0103,retail,Apel,2,33934.0,63681.0,False
ORD-00150,2024-01-02 16:00:00,BUY-0138,retail,Jeruk,3,22651.0,64293.0,False
ORD-00879,2024-01-02 17:00:00,BUY-0048,retail,Pepaya,4,9640.0,36083.0,False
ORD-02235,2024-01-03 08:00:00,BUY-0074,retail,Semangka,3,10018.0,27737.0,False
ORD-03803,2024-01-03 12:00:00,BUY-0039,retail,Jeruk,2,22041.0,42077.0,False
ORD-02819,2024-01-03 15:00:00,BUY-0074,retail,Jeruk,4,23116.0,90253.0,False
ORD-03084,2024-01-03 17:00:00,BUY-0055,retail,Anggur,2,51466.0,100585.0,False
ORD-01497,2024-01-03 18:00:00,BUY-0108,retail,Jeruk,4,22055.0,83633.0,False
ORD-02015,2024-01-03 19:00:00,BUY-0077,retail,Pepaya,3,10399.0,28612.0,False
ORD-02716,2024-01-04 09:00:00,BUY-0102,retail,Jeruk,4,21517.0,79400.0,False
ORD-03099,2024-01-04 10:00:00,BUY-0135,retail,Mangga,3,25614.0,73807.0,False
ORD-03957,2024-01-04 12:00:00,BUY-0037,retail,Jeruk,1,21641.0,21170.0,False
ORD-03637,2024-01-04 14:00:00,BUY-0081,retail,Jeruk,4,23257.0,85238.0,False
ORD-01154,2024-01-04 15:00:00,BUY-0047,retail,Apel,4,33018.0,119339.0,False
ORD-02984,2024-01-04 15:00:00,BUY-0066,retail,Pepaya,2,10149.0,19442.0,False
ORD-00231,2024-01-04 18:00:00,BUY-0081,retail,Nanas,3,11892.0,33830.0,False
ORD-01903,2024-01-04 18:00:00,BUY-0118,retail,Jeruk,4,21603.0,82654.0,False
ORD-01054,2024-01-04 21:00:00,BUY-0069,retail,Mangga,4,26016.0,100795.0,False
ORD-03776,2024-01-05 03:00:00,BUY-0067,retail,Nanas,124,12051.0,75844.0,True
ORD-01719,2024-01-05 03:00:00,BUY-0125,retail,Anggur,111,53421.0,134927.0,True
ORD-02879,2024-01-05 09:00:00,BUY-0110,reseller,Apel,11,31467.0,322879.0,False
ORD-01862,2024-01-05 10:00:00,BUY-0106,retail,Pepaya,3,10000.0,27242.0,False
ORD-02186,2024-01-05 15:00:00,BUY-0060,retail,Mangga,1,25865.0,24279.0,False
ORD-02481,2024-01-05 17:00:00,BUY-0018,retail,Mangga,3,26090.0,71046.0,False
ORD-03125,2024-01-06 10:00:00,BUY-0088,retail,Pepaya,1,9672.0,9622.0,False
ORD-00008,2024-01-06 10:00:00,BUY-0080,retail,Pepaya,4,10139.0,38080.0,False
ORD-02692,2024-01-06 14:00:00,BUY-0117,retail,Nanas,2,12314.0,23633.0,False
ORD-01757,2024-01-06 15:00:00,BUY-0042,reseller,Mangga,22,23830.0,516610.0,False
ORD-01247,2024-01-06 17:00:00,BUY-0033,retail,Pisang,4,16423.0,63576.0,False
ORD-02686,2024-01-06 21:00:00,BUY-0021,retail,Mangga,3,26095.0,77781.0,False
ORD-00312,2024-01-06 21:00:00,BUY-0114,retail,Anggur,1,52479.0,49910.0,False
ORD-03790,2024-01-07 09:00:00,BUY-0030,retail,Semangka,4,10150.0,38504.0,False
ORD-02381,2024-01-07 12:00:00,BUY-0026,retail,Pepaya,4,10366.0,38141.0,False
ORD-03723,2024-01-07 14:00:00,BUY-0110,reseller,Mangga,32,26211.0,811421.0,False
ORD-01109,2024-01-07 16:00:00,BUY-0009,retail,Semangka,3,10018.0,29896.0,False
ORD-00436,2024-01-08 00:00:00,BUY-0046,reseller,Pepaya,98,9904.0,65649.0,True
ORD-00786,2024-01-08 10:00:00,BUY-0028,retail,Pepaya,2,10190.0,19519.0,False
ORD-03817,2024-01-08 11:00:00,BUY-0129,retail,Nanas,1,12099.0,11034.0,False
ORD-03902,2024-01-08 17:00:00,BUY-0001,retail,Nanas,1,12699.0,11709.0,False
ORD-00977,2024-01-08 21:00:00,BUY-0072,retail,Pisang,3,15779.0,42952.0,False
ORD-03167,2024-01-09 10:00:00,BUY-0070,retail,Pisang,2,16258.0,31461.0,False
ORD-03102,2024-01-09 11:00:00,BUY-0072,retail,Semangka,3,9805.0,27569.0,False
ORD-00901,2024-01-09 15:00:00,BUY-0144,retail,Nanas,3,12818.0,37295.0,False
ORD-04001,2024-01-09 16:00:00,BUY-0079,retail,Jeruk,2,22446.0,43667.0,False
ORD-02600,2024-01-09 16:00:00,BUY-0130,retail,Apel,1,32490.0,31326.0,False
ORD-04141,2024-01-09 21:00:00,BUY-0082,retail,Jeruk,2,22382.0,41346.0,False
ORD-00029,2024-01-10 08:00:00,BUY-0111,retail,Semangka,3,10496.0,29052.0,False
ORD-01192,2024-01-10 09:00:00,BUY-0018,retail,Mangga,1,25833.0,23973.0,False
ORD-01423,2024-01-10 09:00:00,BUY-0126,retail,Apel,3,33111.0,91569.0,False
ORD-00023,2024-01-10 14:00:00,BUY-0147,retail,Apel,2,34080.0,64269.0,False
ORD-01183,2024-01-10 18:00:00,BUY-0015,retail,Anggur,2,52473.0,104143.0,False
ORD-01860,2024-01-11 03:00:00,BUY-0141,retail,Apel,173,33565.0,194289.0,True
ORD-04068,2024-01-11 12:00:00,BUY-0055,retail,Anggur,1,50974.0,47396.0,False
ORD-02141,2024-01-11 13:00:00,BUY-0126,retail,Mangga,1,24333.0,23476.0,False
ORD-01184,2024-01-11 13:00:00,BUY-0042,reseller,Pepaya,20,9757.0,176254.0,False
ORD-01940,2024-01-11 18:00:00,BUY-0021,retail,Apel,2,33006.0,61987.0,False
ORD-03031,2024-01-11 20:00:00,BUY-0148,retail,Mangga,1,26155.0,23683.0,False
ORD-00085,2024-01-11 20:00:00,BUY-0005,retail,Semangka,2,10111.0,19106.0,False
ORD-03601,2024-01-12 12:00:00,BUY-0109,retail,Anggur,3,54208.0,159749.0,False
ORD-03197,2024-01-12 12:00:00,BUY-0060,retail,Jeruk,3,23499.0,70447.0,False
ORD-00897,2024-01-12 13:00:00,BUY-0147,retail,Semangka,1,9628.0,9420.0,False
ORD-00479,2024-01-12 14:00:00,BUY-0058,retail,Nanas,4,11993.0,43845.0,False
ORD-01483,2024-01-12 15:00:00,BUY-0126,retail,Jeruk,1,22981.0,21399.0,False
ORD-00378,2024-01-12 16:00:00,BUY-0098,retail,Anggur,3,51113.0,148335.0,False
ORD-03022,2024-01-12 17:00:00,BUY-0010,retail,Pepaya,3,10171.0,29139.0,False
ORD-01928,2024-01-12 17:00:00,BUY-0086,retail,Pisang,3,16872.0,47577.0,False
ORD-02643,2024-01-12 20:00:00,BUY-0061,retail,Nanas,3,12851.0,36388.0,False
ORD-01297,2024-01-12 20:00:00,BUY-0036,retail,Semangka,2,9793.0,18973.0,False
ORD-01553,2024-01-13 10:00:00,BUY-0064,retail,Jeruk,2,22907.0,43172.0,False
ORD-02890,2024-01-13 14:00:00,BUY-0133,retail,Nanas,1,12620.0,11576.0,False
ORD-01363,2024-01-13 15:00:00,BUY-0079,retail,Apel,2,33486.0,63268.0,False
ORD-00545,2024-01-13 19:00:00,BUY-0111,retail,Apel,1,31788.0,31227.0,False
ORD-01685,2024-01-14 09:00:00,BUY-0061,retail,Pisang,1,16636.0,16001.0,False
ORD-03267,2024-01-14 15:00:00,BUY-0028,retail,Anggur,2,54185.0,100634.0,False
ORD-03760,2024-01-15 10:00:00,BUY-0150,retail,Anggur,1,53115.0,51795.0,False
ORD-03900,2024-01-15 15:00:00,BUY-0087,retail,Nanas,1,11880.0,11209.0,False
ORD-00407,2024-01-15 17:00:00,BUY-0110,reseller,Semangka,39,9847.0,381576.0,False
ORD-00785,2024-01-15 17:00:00,BUY-0039,retail,Anggur,2,54037.0,98614.0,False
ORD-01851,2024-01-16 10:00:00,BUY-0030,retail,Jeruk,4,21753.0,81695.0,False
ORD-01519,2024-01-16 11:00:00,BUY-0146,retail,Jeruk,4,23333.0,91730.0,False
ORD-00083,2024-01-16 15:00:00,BUY-0069,retail,Nanas,2,12166.0,22538.0,False
ORD-02983,2024-01-16 19:00:00,BUY-0008,retail,Pisang,4,16240.0,59737.0,False
ORD-02081,2024-01-16 19:00:00,BUY-0087,retail,Semangka,4,10156.0,39044.0,False
ORD-01677,2024-01-16 20:00:00,BUY-0024,reseller,Pisang,37,16438.0,607933.0,False
ORD-01926,2024-01-16 21:00:00,BUY-0067,retail,Mangga,3,25918.0,71952.0,False
ORD-02040,2024-01-17 19:00:00,BUY-0069,retail,Mangga,2,24972.0,44974.0,False
ORD-01622,2024-01-18 00:00:00,BUY-0058,retail,Pisang,192,15758.0,74112.0,True
ORD-00088,2024-01-18 09:00:00,BUY-0057,retail,Mangga,2,25112.0,47597.0,False
ORD-02359,2024-01-18 09:00:00,BUY-0013,retail,Apel,1,34035.0,31907.0,False
ORD-00708,2024-01-18 16:00:00,BUY-0134,retail,Nanas,3,13101.0,37993.0,False
ORD-01229,2024-01-18 17:00:00,BUY-0070,retail,Jeruk,2,21509.0,39856.0,False
ORD-00959,2024-01-18 19:00:00,BUY-0012,reseller,Pisang,30,15861.0,450146.0,False
ORD-03811,2024-01-19 03:00:00,BUY-0040,retail,Pisang,196,16724.0,159728.0,True
ORD-00046,2024-01-19 12:00:00,BUY-0037,retail,Nanas,4,12348.0,49169.0,False
ORD-03106,2024-01-19 17:00:00,BUY-0039,retail,Mangga,3,25302.0,73705.0,False
ORD-04070,2024-01-19 18:00:00,BUY-0074,retail,Jeruk,4,22443.0,89191.0,False
ORD-03317,2024-01-19 18:00:00,BUY-0030,retail,Apel,2,33181.0,65864.0,False
ORD-03385,2024-01-19 18:00:00,BUY-0050,retail,Pepaya,4,9827.0,36285.0,False
ORD-00417,2024-01-19 19:00:00,BUY-0131,retail,Anggur,1,53636.0,52213.0,False
ORD-01697,2024-01-19 20:00:00,BUY-0107,retail,Semangka,1,10067.0,9299.0,False
ORD-01806,2024-01-20 02:00:00,BUY-0126,retail,Anggur,197,50683.0,651861.0,True
ORD-00622,2024-01-20 08:00:00,BUY-0137,reseller,Pepaya,32,9821.0,301233.0,False
ORD-02868,2024-01-20 09:00:00,BUY-0120,retail,Mangga,3,25995.0,72198.0,False
ORD-01673,2024-01-20 10:00:00,BUY-0026,retail,Pisang,3,17021.0,47970.0,False
ORD-03121,2024-01-20 11:00:00,BUY-0037,retail,Semangka,2,10123.0,19269.0,False
ORD-00618,2024-01-20 12:00:00,BUY-0086,retail,Apel,1,32494.0,29462.0,False
ORD-00907,2024-01-20 17:00:00,BUY-0146,retail,Mangga,4,25915.0,101525.0,False
ORD-02099,2024-01-20 17:00:00,BUY-0014,reseller,Mangga,18,25793.0,459591.0,False
ORD-01417,2024-01-20 19:00:00,BUY-0053,retail,Nanas,1,12152.0,11541.0,False
ORD-02438,2024-01-20 20:00:00,BUY-0062,retail,Mangga,3,24450.0,72612.0,False
ORD-00496,2024-01-21 08:00:00,BUY-0051,retail,Anggur,1,51490.0,47619.0,False
ORD-03843,2024-01-21 13:00:00,BUY-0072,retail,Apel,3,33024.0,94544.0,False
ORD-00650,2024-01-21 14:00:00,BUY-0053,retail,Pisang,3,15901.0,43464.0,False
ORD-00623,2024-01-21 15:00:00,BUY-0045,reseller,Anggur,22,49896.0,1080971.0,False
ORD-01074,2024-01-22 01:00:00,BUY-0077,retail,Jeruk,61,21537.0,99378.0,True
ORD-00617,2024-01-22 14:00:00,BUY-0005,retail,Jeruk,1,22925.0,22516.0,False
ORD-02282,2024-01-22 14:00:00,BUY-0070,retail,Semangka,1,10239.0,9923.0,False
ORD-02166,2024-01-22 15:00:00,BUY-0010,retail,Semangka,1,10284.0,9753.0,False
ORD-01343,2024-01-22 15:00:00,BUY-0007,retail,Jeruk,3,22648.0,66903.0,False
ORD-03398,2024-01-22 20:00:00,BUY-0119,retail,Semangka,1,10178.0,9514.0,False
ORD-03528,2024-01-23 10:00:00,BUY-0012,reseller,Nanas,20,12404.0,242103.0,False
ORD-03367,2024-01-23 10:00:00,BUY-0118,retail,Semangka,2,9850.0,18154.0,False
ORD-02725,2024-01-23 14:00:00,BUY-0099,retail,Pepaya,4,9845.0,35517.0,False
ORD-03735,2024-01-23 14:00:00,BUY-0134,retail,Semangka,4,9927.0,36625.0,False
ORD-02215,2024-01-23 17:00:00,BUY-0150,retail,Semangka,2,10142.0,19918.0,False
ORD-02586,2024-01-23 17:00:00,BUY-0147,retail,Mangga,1,25878.0,24251.0,False
ORD-00411,2024-01-23 19:00:00,BUY-0033,retail,Pisang,4,15802.0,58057.0,False
ORD-00596,2024-01-24 01:00:00,BUY-0066,retail,Nanas,52,12015.0,35730.0,True
ORD-03671,2024-01-24 14:00:00,BUY-0084,retail,Pisang,4,17104.0,62479.0,False
ORD-01715,2024-01-24 14:00:00,BUY-0124,retail,Semangka,1,10170.0,9239.0,False
ORD-01747,2024-01-24 17:00:00,BUY-0032,reseller,Anggur,31,53787.0,1516706.0,False
ORD-00917,2024-01-24 19:00:00,BUY-0025,retail,Anggur,1,55070.0,52227.0,False
ORD-02923,2024-01-24 19:00:00,BUY-0075,retail,Nanas,2,12331.0,22633.0,False
ORD-01135,2024-01-25 03:00:00,BUY-0149,retail,Pepaya,133,10279.0,45237.0,True
ORD-03816,2024-01-25 08:00:00,BUY-0133,retail,Nanas,4,12183.0,45300.0,False
ORD-02736,2024-01-25 09:00:00,BUY-0031,retail,Mangga,3,24417.0,67864.0,False
ORD-02941,2024-01-25 09:00:00,BUY-0116,reseller,Pepaya,30,9712.0,270767.0,False
ORD-02275,2024-01-25 09:00:00,BUY-0026,retail,Apel,1,33624.0,31612.0,False
ORD-03133,2024-01-25 10:00:00,BUY-0098,retail,Apel,3,31477.0,90866.0,False
ORD-03475,2024-01-25 12:00:00,BUY-0016,retail,Mangga,1,24230.0,22334.0,False
ORD-02198,2024-01-25 15:00:00,BUY-0037,retail,Anggur,3,52311.0,149891.0,False
ORD-03753,2024-01-25 16:00:00,BUY-0111,retail,Nanas,1,12127.0,11874.0,False
ORD-03651,2024-01-25 20:00:00,BUY-0050,retail,Pepaya,1,9908.0,9257.0,False
ORD-04104,2024-01-25 20:00:00,BUY-0067,retail,Semangka,1,10045.0,9428.0,False
ORD-00934,2024-01-26 03:00:00,BUY-0136,retail,Semangka,106,9829.0,30558.0,True
ORD-00681,2024-01-26 10:00:00,BUY-0111,retail,Anggur,3,49999.0,148452.0,False
ORD-01228,2024-01-26 11:00:00,BUY-0086,retail,Apel,2,32926.0,62122.0,False
ORD-01882,2024-01-26 11:00:00,BUY-0028,retail,Nanas,1,12223.0,12131.0,False
ORD-01702,2024-01-26 15:00:00,BUY-0036,retail,Jeruk,3,22895.0,68282.0,False
ORD-00995,2024-01-26 20:00:00,BUY-0060,retail,Jeruk,2,22435.0,43201.0,False
ORD-03683,2024-01-26 21:00:00,BUY-0041,retail,Mangga,3,25322.0,70427.0,False
ORD-02061,2024-01-27 08:00:00,BUY-0090,retail,Mangga,3,25374.0,73254.0,False
ORD-03677,2024-01-27 08:00:00,BUY-0131,retail,Apel,4,33429.0,126843.0,False
ORD-01004,2024-01-27 09:00:00,BUY-0045,reseller,Jeruk,34,21380.0,712228.0,False
ORD-01749,2024-01-27 11:00:00,BUY-0083,reseller,Pepaya,15,10284.0,153498.0,False
ORD-02441,2024-01-27 16:00:00,BUY-0127,retail,Semangka,3,10236.0,29406.0,False
ORD-02714,2024-01-27 16:00:00,BUY-0112,retail,Apel,3,33018.0,92773.0,False
ORD-03873,2024-01-27 21:00:00,BUY-0086,retail,Anggur,4,54172.0,204884.0,False
ORD-03729,2024-01-28 08:00:00,BUY-0020,retail,Semangka,3,9662.0,26574.0,False
ORD-00052,2024-01-28 09:00:00,BUY-0111,retail,Anggur,1,53388.0,51304.0,False
ORD-00319,2024-01-28 13:00:00,BUY-0150,retail,Anggur,1,54668.0,54361.0,False
ORD-01554,2024-01-28 18:00:00,BUY-0051,retail,Pisang,3,16966.0,46194.0,False
ORD-03316,2024-01-28 19:00:00,BUY-0026,retail,Jeruk,2,23116.0,43234.0,False
ORD-02571,2024-01-28 21:00:00,BUY-0099,retail,Nanas,3,12718.0,37672.0,False
ORD-03123,2024-01-29 08:00:00,BUY-0117,retail,Jeruk,2,22515.0,45018.0,False
ORD-03017,2024-01-29 11:00:00,BUY-0111,retail,Semangka,4,9886.0,38724.0,False
ORD-02207,2024-01-29 12:00:00,BUY-0074,retail,Jeruk,4,21479.0,80448.0,False
ORD-04020,2024-01-29 13:00:00,BUY-0098,retail,Anggur,4,50103.0,182953.0,False
ORD-03104,2024-01-29 15:00:00,BUY-0052,retail,Pepaya,1,9692.0,9425.0,False
ORD-02874,2024-01-29 15:00:00,BUY-0096,retail,Nanas,2,12991.0,24938.0,False
ORD-02208,2024-01-29 16:00:00,BUY-0099,retail,Pisang,1,15920.0,14390.0,False
ORD-00170,2024-01-29 16:00:00,BUY-0090,retail,Jeruk,1,23455.0,22558.0,False
ORD-02842,2024-01-29 17:00:00,BUY-0065,retail,Jeruk,4,22638.0,90311.0,False
ORD-02391,2024-01-29 20:00:00,BUY-0106,retail,Nanas,1,12013.0,10928.0,False
ORD-01802,2024-01-30 01:00:00,BUY-0124,retail,Anggur,137,55111.0,495430.0,True
ORD-04035,2024-01-30 08:00:00,BUY-0139,retail,Pepaya,1,9992.0,9242.0,False
ORD-01479,2024-01-30 10:00:00,BUY-0049,retail,Anggur,3,53669.0,146332.0,False
ORD-01001,2024-01-30 15:00:00,BUY-0107,retail,Mangga,3,24289.0,71665.0,False
ORD-01083,2024-01-30 19:00:00,BUY-0060,retail,Apel,3,31622.0,88324.0,False
ORD-04037,2024-01-30 21:00:00,BUY-0140,retail,Semangka,1,9861.0,9559.0,False
ORD-03676,2024-01-31 10:00:00,BUY-0060,retail,Apel,1,32903.0,32418.0,False
ORD-00580,2024-01-31 10:00:00,BUY-0070,retail,Anggur,3,53004.0,154956.0,False
ORD-01567,2024-01-31 11:00:00,BUY-0113,retail,Pepaya,2,9565.0,18675.0,False
ORD-03057,2024-01-31 18:00:00,BUY-0116,reseller,Pepaya,27,10087.0,258343.0,False
ORD-03474,2024-02-01 10:00:00,BUY-0103,retail,Pepaya,4,9929.0,36304.0,False
ORD-03350,2024-02-01 10:00:00,BUY-0138,retail,Anggur,1,54873.0,51474.0,False
ORD-00390,2024-02-01 14:00:00,BUY-0026,retail,Nanas,2,12239.0,22411.0,False
ORD-02548,2024-02-01 16:00:00,BUY-0095,retail,Pepaya,3,10273.0,28515.0,False
ORD-03215,2024-02-02 10:00:00,BUY-0014,reseller,Semangka,18,10231.0,183305.0,False
ORD-02512,2024-02-02 10:00:00,BUY-0092,retail,Anggur,1,50818.0,50552.0,False
ORD-00525,2024-02-02 15:00:00,BUY-0048,retail,Pepaya,3,9854.0,29040.0,False
ORD-02254,2024-02-02 15:00:00,BUY-0003,reseller,Pisang,15,16884.0,239261.0,False
ORD-02926,2024-02-02 20:00:00,BUY-0144,retail,Pepaya,2,10109.0,19137.0,False
ORD-02436,2024-02-03 10:00:00,BUY-0002,retail,Semangka,4,9906.0,39369.0,False
ORD-01392,2024-02-03 10:00:00,BUY-0054,retail,Apel,4,33779.0,122376.0,False
ORD-01760,2024-02-03 13:00:00,BUY-0081,retail,Semangka,2,10072.0,18515.0,False
ORD-02506,2024-02-03 14:00:00,BUY-0137,reseller,Pisang,37,16367.0,587428.0,False
ORD-00692,2024-02-03 14:00:00,BUY-0016,retail,Pisang,1,15986.0,15797.0,False
ORD-00109,2024-02-04 10:00:00,BUY-0079,retail,Jeruk,4,23389.0,86242.0,False
ORD-01274,2024-02-04 11:00:00,BUY-0019,reseller,Jeruk,32,21968.0,671379.0,False
ORD-03544,2024-02-04 15:00:00,BUY-0096,retail,Mangga,2,24047.0,44285.0,False
ORD-01605,2024-02-04 16:00:00,BUY-0122,retail,Anggur,2,50896.0,98462.0,False
ORD-01895,2024-02-04 17:00:00,BUY-0078,retail,Pepaya,4,9632.0,36629.0,False
ORD-02652,2024-02-04 19:00:00,BUY-0020,retail,Mangga,1,23948.0,23625.0,False
ORD-02357,2024-02-04 20:00:00,BUY-0132,reseller,Pepaya,34,10180.0,314047.0,False
ORD-02465,2024-02-05 10:00:00,BUY-0150,retail,Apel,2,33479.0,65461.0,False
ORD-00182,2024-02-05 12:00:00,BUY-0118,retail,Jeruk,1,22673.0,20460.0,False
ORD-02790,2024-02-05 13:00:00,BUY-0086,retail,Anggur,3,51160.0,151652.0,False
ORD-01681,2024-02-05 14:00:00,BUY-0040,retail,Pepaya,4,10199.0,39583.0,False
ORD-01606,2024-02-06 09:00:00,BUY-0009,retail,Pepaya,1,9729.0,9168.0,False
ORD-01608,2024-02-06 11:00:00,BUY-0137,reseller,Anggur,33,53167.0,1727681.0,False
ORD-00063,2024-02-06 12:00:00,BUY-0096,retail,Semangka,1,9792.0,9081.0,False
ORD-01994,2024-02-06 12:00:00,BUY-0097,retail,Semangka,3,9579.0,28309.0,False
ORD-04091,2024-02-06 17:00:00,BUY-0036,retail,Jeruk,1,22503.0,22212.0,False
ORD-00587,2024-02-06 21:00:00,BUY-0037,retail,Pisang,2,17055.0,33149.0,False
ORD-00585,2024-02-07 09:00:00,BUY-0103,retail,Pepaya,2,10284.0,19310.0,False
ORD-02077,2024-02-07 15:00:00,BUY-0123,retail,Pisang,3,16914.0,45803.0,False
ORD-02124,2024-02-07 16:00:00,BUY-0104,reseller,Apel,30,31618.0,910095.0,False
ORD-03770,2024-02-07 19:00:00,BUY-0078,retail,Pisang,4,16872.0,65174.0,False
ORD-00985,2024-02-07 20:00:00,BUY-0123,retail,Nanas,3,12080.0,34614.0,False
ORD-02347,2024-02-07 21:00:00,BUY-0002,retail,Nanas,4,12811.0,47693.0,False
ORD-00874,2024-02-08 11:00:00,BUY-0001,retail,Apel,2,31698.0,61188.0,False
ORD-00201,2024-02-08 13:00:00,BUY-0135,retail,Semangka,4,9607.0,37313.0,False
ORD-03485,2024-02-08 13:00:00,BUY-0099,retail,Pepaya,1,10184.0,9568.0,False
ORD-02451,2024-02-09 10:00:00,BUY-0124,retail,Anggur,3,52639.0,156364.0,False
ORD-02478,2024-02-09 17:00:00,BUY-0038,retail,Mangga,4,25504.0,93016.0,False
ORD-00979,2024-02-09 17:00:00,BUY-0140,retail,Jeruk,2,22495.0,41415.0,False
ORD-03675,2024-02-10 15:00:00,BUY-0105,retail,Jeruk,1,22606.0,20498.0,False
ORD-02497,2024-02-10 16:00:00,BUY-0107,retail,Mangga,1,24748.0,23204.0,False
ORD-00507,2024-02-10 18:00:00,BUY-0074,retail,Mangga,4,26230.0,102557.0,False
ORD-01632,2024-02-10 18:00:00,BUY-0024,reseller,Apel,24,33662.0,747477.0,False
ORD-00422,2024-02-10 20:00:00,BUY-0065,retail,Jeruk,2,21906.0,42435.0,False
ORD-00515,2024-02-11 08:00:00,BUY-0118,retail,Mangga,1,24086.0,22359.0,False
ORD-03913,2024-02-11 10:00:00,BUY-0097,retail,Anggur,4,51791.0,197920.0,False
ORD-01373,2024-02-11 10:00:00,BUY-0024,reseller,Semangka,33,10050.0,307793.0,False
ORD-02267,2024-02-11 10:00:00,BUY-0090,retail,Anggur,2,53610.0,103703.0,False
ORD-01959,2024-02-11 13:00:00,BUY-0067,retail,Mangga,3,25377.0,70881.0,False
ORD-02760,2024-02-11 16:00:00,BUY-0040,retail,Pisang,4,17075.0,67728.0,False
ORD-00921,2024-02-11 18:00:00,BUY-0114,retail,Pisang,3,16084.0,47792.0,False
ORD-03482,2024-02-11 19:00:00,BUY-0032,reseller,Pisang,32,15944.0,501577.0,False
ORD-01995,2024-02-12 08:00:00,BUY-0029,retail,Apel,1,34084.0,30997.0,False
ORD-00638,2024-02-12 09:00:00,BUY-0052,retail,Pisang,4,15963.0,57678.0,False
ORD-01552,2024-02-12 12:00:00,BUY-0061,retail,Pisang,2,17297.0,34065.0,False
ORD-02378,2024-02-12 14:00:00,BUY-0067,retail,Pisang,3,16669.0,48577.0,False
ORD-02549,2024-02-12 17:00:00,BUY-0149,retail,Semangka,1,10252.0,9967.0,False
ORD-00848,2024-02-12 21:00:00,BUY-0109,retail,Pisang,2,15944.0,30843.0,False
ORD-00624,2024-02-13 11:00:00,BUY-0033,retail,Nanas,2,11887.0,21886.0,False
ORD-01345,2024-02-13 14:00:00,BUY-0150,retail,Apel,2,30992.0,60467.0,False
ORD-02583,2024-02-13 14:00:00,BUY-0101,reseller,Apel,21,32628.0,653326.0,False
ORD-03198,2024-02-13 19:00:00,BUY-0060,retail,Pisang,1,15702.0,15664.0,False
ORD-04122,2024-02-13 19:00:00,BUY-0148,retail,Pepaya,2,10083.0,18985.0,False
ORD-02763,2024-02-13 21:00:00,BUY-0117,retail,Anggur,4,50998.0,192458.0,False
ORD-01512,2024-02-14 08:00:00,BUY-0031,retail,Anggur,2,54830.0,102477.0,False
ORD-02829,2024-02-14 13:00:00,BUY-0086,retail,Mangga,1,24946.0,23302.0,False
ORD-02537,2024-02-14 14:00:00,BUY-0097,retail,Nanas,2,12547.0,24306.0,False
ORD-01110,2024-02-14 15:00:00,BUY-0025,retail,Mangga,2,24220.0,47732.0,False
ORD-01006,2024-02-14 16:00:00,BUY-0116,reseller,Jeruk,27,22133.0,571812.0,False
ORD-01763,2024-02-14 16:00:00,BUY-0136,retail,Nanas,3,12649.0,34943.0,False
ORD-02408,2024-02-14 19:00:00,BUY-0113,retail,Pepaya,1,10051.0,9236.0,False
ORD-00502,2024-02-15 02:00:00,BUY-0001,retail,Pisang,186,17259.0,234805.0,True
ORD-00238,2024-02-15 17:00:00,BUY-0116,reseller,Mangga,10,24549.0,227061.0,False
ORD-03290,2024-02-15 18:00:00,BUY-0057,retail,Apel,2,34055.0,63854.0,False
ORD-03597,2024-02-15 19:00:00,BUY-0131,retail,Anggur,2,54208.0,99302.0,False
ORD-00616,2024-02-15 19:00:00,BUY-0090,retail,Apel,1,30997.0,30984.0,False
ORD-01657,2024-02-15 21:00:00,BUY-0061,retail,Semangka,1,9642.0,9364.0,False
ORD-03730,2024-02-15 21:00:00,BUY-0080,retail,Mangga,1,26164.0,24596.0,False
ORD-03906,2024-02-16 09:00:00,BUY-0043,retail,Mangga,1,24574.0,22376.0,False
ORD-03055,2024-02-16 11:00:00,BUY-0126,retail,Anggur,1,53527.0,52394.0,False
ORD-01573,2024-02-16 13:00:00,BUY-0074,retail,Nanas,1,12248.0,12192.0,False
ORD-04137,2024-02-16 15:00:00,BUY-0022,retail,Nanas,4,11967.0,45627.0,False
ORD-02679,2024-02-16 17:00:00,BUY-0133,retail,Nanas,2,12353.0,23888.0,False
ORD-01639,2024-02-16 21:00:00,BUY-0072,retail,Pepaya,1,10392.0,10288.0,False
ORD-02313,2024-02-17 08:00:00,BUY-0122,retail,Apel,1,31271.0,29623.0,False
ORD-00893,2024-02-17 12:00:00,BUY-0050,retail,Pisang,1,16315.0,15935.0,False
ORD-03530,2024-02-17 12:00:00,BUY-0048,retail,Nanas,1,12095.0,10895.0,False
ORD-02704,2024-02-17 19:00:00,BUY-0053,retail,Nanas,1,11963.0,11506.0,False
ORD-00437,2024-02-18 11:00:00,BUY-0033,retail,Semangka,1,9862.0,9615.0,False
ORD-00994,2024-02-18 12:00:00,BUY-0107,retail,Semangka,3,9689.0,28880.0,False
ORD-02112,2024-02-18 12:00:00,BUY-0103,retail,Apel,2,32608.0,59993.0,False
ORD-01282,2024-02-18 15:00:00,BUY-0035,retail,Mangga,2,24548.0,47715.0,False
ORD-00691,2024-02-18 19:00:00,BUY-0041,retail,Pisang,1,16675.0,15976.0,False
ORD-02502,2024-02-18 21:00:00,BUY-0098,retail,Pepaya,3,9827.0,27784.0,False
ORD-04079,2024-02-19 08:00:00,BUY-0135,retail,Apel,4,33251.0,129171.0,False
ORD-03293,2024-02-19 09:00:00,BUY-0023,reseller,Semangka,33,10201.0,334812.0,False
ORD-02113,2024-02-19 10:00:00,BUY-0007,retail,Semangka,2,9579.0,17480.0,False
ORD-03239,2024-02-19 10:00:00,BUY-0099,retail,Pepaya,3,10288.0,28840.0,False
ORD-01161,2024-02-19 13:00:00,BUY-0052,retail,Pepaya,3,10243.0,28598.0,False
ORD-00820,2024-02-19 16:00:00,BUY-0076,retail,Mangga,3,24080.0,67573.0,False
ORD-00165,2024-02-19 17:00:00,BUY-0042,reseller,Mangga,18,24606.0,436208.0,False
ORD-03086,2024-02-19 18:00:00,BUY-0093,retail,Nanas,2,11952.0,22885.0,False
ORD-03120,2024-02-19 18:00:00,BUY-0116,reseller,Mangga,36,24806.0,808755.0,False
ORD-02133,2024-02-20 03:00:00,BUY-0095,retail,Pepaya,198,10260.0,149916.0,True
ORD-01214,2024-02-20 09:00:00,BUY-0038,retail,Anggur,4,54419.0,214567.0,False
ORD-03745,2024-02-20 10:00:00,BUY-0040,retail,Apel,1,32817.0,32009.0,False
ORD-02805,2024-02-20 11:00:00,BUY-0144,retail,Jeruk,3,22542.0,63779.0,False
ORD-01013,2024-02-20 11:00:00,BUY-0041,retail,Pisang,1,15739.0,15373.0,False
ORD-02209,2024-02-20 14:00:00,BUY-0001,retail,Anggur,4,53060.0,203159.0,False
ORD-03996,2024-02-20 16:00:00,BUY-0046,reseller,Nanas,21,12324.0,239832.0,False
ORD-02075,2024-02-20 17:00:00,BUY-0079,retail,Mangga,3,24374.0,68172.0,False
ORD-03445,2024-02-20 19:00:00,BUY-0064,retail,Anggur,3,53517.0,151355.0,False
ORD-00048,2024-02-21 00:00:00,BUY-0036,retail,Apel,155,33777.0,333766.0,True
ORD-01611,2024-02-21 10:00:00,BUY-0045,reseller,Apel,30,33231.0,914146.0,False
ORD-02468,2024-02-21 11:00:00,BUY-0099,retail,Nanas,1,12974.0,11852.0,False
ORD-03812,2024-02-21 12:00:00,BUY-0069,retail,Anggur,2,54223.0,104324.0,False
ORD-00294,2024-02-21 12:00:00,BUY-0007,retail,Pisang,4,17323.0,65949.0,False
ORD-01876,2024-02-21 14:00:00,BUY-0144,retail,Pepaya,4,10018.0,36591.0,False
ORD-03027,2024-02-21 17:00:00,BUY-0044,retail,Pisang,2,16003.0,28976.0,False
ORD-00113,2024-02-21 18:00:00,BUY-0105,retail,Anggur,2,54549.0,103023.0,False
ORD-02213,2024-02-21 20:00:00,BUY-0137,reseller,Jeruk,38,23586.0,887863.0,False
ORD-00286,2024-02-21 21:00:00,BUY-0020,retail,Pepaya,1,9681.0,8752.0,False
ORD-00054,2024-02-22 04:00:00,BUY-0043,retail,Pepaya,187,9586.0,132535.0,True
ORD-04136,2024-02-22 10:00:00,BUY-0027,retail,Jeruk,3,22351.0,62843.0,False
ORD-01026,2024-02-22 11:00:00,BUY-0134,retail,Anggur,2,53958.0,106360.0,False
ORD-01225,2024-02-22 13:00:00,BUY-0040,retail,Anggur,1,51064.0,47513.0,False
ORD-03203,2024-02-22 14:00:00,BUY-0023,reseller,Anggur,19,51252.0,915661.0,False
ORD-01493,2024-02-22 16:00:00,BUY-0092,retail,Pepaya,1,9737.0,8990.0,False
ORD-00713,2024-02-22 19:00:00,BUY-0003,reseller,Apel,18,33294.0,558049.0,False
ORD-02678,2024-02-23 04:00:00,BUY-0132,reseller,Pepaya,171,10220.0,110587.0,True
ORD-02553,2024-02-23 09:00:00,BUY-0078,retail,Apel,4,31078.0,116599.0,False
ORD-02975,2024-02-23 10:00:00,BUY-0073,reseller,Apel,19,33707.0,590295.0,False
ORD-00844,2024-02-23 12:00:00,BUY-0003,reseller,Mangga,12,24327.0,277323.0,False
ORD-00764,2024-02-23 14:00:00,BUY-0066,retail,Semangka,3,10069.0,27214.0,False
ORD-00734,2024-02-23 17:00:00,BUY-0135,retail,Apel,1,33576.0,32141.0,False
ORD-02406,2024-02-23 18:00:00,BUY-0028,retail,Pepaya,2,9765.0,19243.0,False
ORD-02146,2024-02-23 21:00:00,BUY-0055,retail,Jeruk,1,23219.0,21781.0,False
ORD-03132,2024-02-24 00:00:00,BUY-0087,retail,Jeruk,197,22356.0,142287.0,True
ORD-03117,2024-02-24 08:00:00,BUY-0144,retail,Mangga,2,25812.0,48323.0,False
ORD-00855,2024-02-24 08:00:00,BUY-0138,retail,Pepaya,1,10418.0,10031.0,False
ORD-03410,2024-02-24 12:00:00,BUY-0086,retail,Semangka,2,10469.0,19171.0,False
ORD-00205,2024-02-25 13:00:00,BUY-0016,retail,Pepaya,3,9683.0,27646.0,False
ORD-02882,2024-02-25 13:00:00,BUY-0050,retail,Mangga,3,24912.0,73540.0,False
ORD-01443,2024-02-25 16:00:00,BUY-0066,retail,Mangga,1,26136.0,24852.0,False
ORD-03974,2024-02-25 18:00:00,BUY-0125,retail,Nanas,3,12062.0,33683.0,False
ORD-00224,2024-02-25 18:00:00,BUY-0002,retail,Apel,1,34038.0,33022.0,False
ORD-01421,2024-02-25 21:00:00,BUY-0008,retail,Apel,4,32299.0,119322.0,False
ORD-00322,2024-02-26 09:00:00,BUY-0015,retail,Pepaya,3,10430.0,28694.0,False
ORD-02783,2024-02-26 10:00:00,BUY-0114,retail,Pepaya,1,10199.0,9578.0,False
ORD-01727,2024-02-26 16:00:00,BUY-0090,retail,Pisang,1,16287.0,14713.0,False
ORD-02891,2024-02-26 17:00:00,BUY-0005,retail,Anggur,4,50874.0,192164.0,False
ORD-01821,2024-02-26 19:00:00,BUY-0067,retail,Pisang,3,16330.0,45910.0,False
ORD-00778,2024-02-27 09:00:00,BUY-0109,retail,Pepaya,2,10303.0,18921.0,False
ORD-03322,2024-02-27 11:00:00,BUY-0045,reseller,Apel,23,32310.0,682080.0,False
ORD-01236,2024-02-27 13:00:00,BUY-0140,retail,Anggur,2,52432.0,96951.0,False
ORD-01187,2024-02-27 15:00:00,BUY-0094,retail,Mangga,4,24828.0,93598.0,False
ORD-02194,2024-02-27 17:00:00,BUY-0116,reseller,Pisang,36,16912.0,590465.0,False
ORD-04066,2024-02-27 19:00:00,BUY-0029,retail,Mangga,4,25449.0,95850.0,False
ORD-04058,2024-02-28 08:00:00,BUY-0069,retail,Semangka,1,9748.0,9431.0,False
ORD-00421,2024-02-28 14:00:00,BUY-0069,retail,Apel,2,31834.0,63316.0,False
ORD-02609,2024-02-28 17:00:00,BUY-0113,retail,Nanas,1,12865.0,12490.0,False
ORD-01819,2024-02-28 20:00:00,BUY-0112,retail,Nanas,4,12270.0,47613.0,False
ORD-03688,2024-02-28 20:00:00,BUY-0054,retail,Pepaya,2,9520.0,18387.0,False
ORD-00257,2024-02-28 21:00:00,BUY-0085,retail,Jeruk,1,22051.0,21712.0,False
ORD-02929,2024-02-29 02:00:00,BUY-0049,retail,Anggur,60,53138.0,84717.0,True
ORD-01419,2024-02-29 09:00:00,BUY-0122,retail,Pisang,4,15931.0,57695.0,False
ORD-03785,2024-02-29 11:00:00,BUY-0042,reseller,Jeruk,32,23588.0,704048.0,False
ORD-03377,2024-02-29 11:00:00,BUY-0101,reseller,Nanas,15,12780.0,190900.0,False
ORD-03878,2024-02-29 13:00:00,BUY-0100,reseller,Nanas,10,12545.0,118720.0,False
ORD-01155,2024-02-29 14:00:00,BUY-0089,retail,Mangga,4,24215.0,89287.0,False
ORD-00720,2024-02-29 15:00:00,BUY-0085,retail,Mangga,2,24028.0,46660.0,False
ORD-02302,2024-03-01 10:00:00,BUY-0008,retail,Mangga,4,25215.0,92122.0,False
ORD-00940,2024-03-01 11:00:00,BUY-0070,retail,Anggur,3,50469.0,148903.0,False
ORD-00538,2024-03-01 16:00:00,BUY-0080,retail,Anggur,2,49994.0,95764.0,False
ORD-01774,2024-03-02 08:00:00,BUY-0143,reseller,Nanas,36,12274.0,413844.0,False
ORD-03649,2024-03-02 17:00:00,BUY-0078,retail,Apel,2,32407.0,59016.0,False
ORD-02463,2024-03-03 08:00:00,BUY-0073,reseller,Nanas,35,12525.0,396425.0,False
ORD-00430,2024-03-03 10:00:00,BUY-0121,retail,Semangka,2,10449.0,19360.0,False
ORD-01196,2024-03-03 13:00:00,BUY-0041,retail,Nanas,2,12991.0,24533.0,False
ORD-02691,2024-03-03 18:00:00,BUY-0046,reseller,Pisang,26,16265.0,411190.0,False
ORD-01716,2024-03-03 21:00:00,BUY-0039,retail,Apel,4,32643.0,118780.0,False
ORD-02978,2024-03-03 21:00:00,BUY-0074,retail,Anggur,3,50557.0,150247.0,False
ORD-03468,2024-03-04 08:00:00,BUY-0045,reseller,Mangga,34,25004.0,780480.0,False
ORD-00533,2024-03-04 09:00:00,BUY-0011,retail,Mangga,2,24969.0,46224.0,False
ORD-02924,2024-03-04 10:00:00,BUY-0118,retail,Jeruk,2,23115.0,45146.0,False
ORD-02796,2024-03-04 12:00:00,BUY-0101,reseller,Jeruk,11,22955.0,242316.0,False
ORD-00728,2024-03-04 14:00:00,BUY-0115,retail,Mangga,2,24316.0,46405.0,False
ORD-01775,2024-03-04 15:00:00,BUY-0030,retail,Pepaya,2,9678.0,18257.0,False
ORD-00732,2024-03-04 19:00:00,BUY-0124,retail,Apel,1,33415.0,32815.0,False
ORD-00185,2024-03-04 21:00:00,BUY-0029,retail,Pisang,4,16871.0,65618.0,False
ORD-01081,2024-03-05 08:00:00,BUY-0042,reseller,Apel,11,31412.0,339837.0,False
ORD-02351,2024-03-05 09:00:00,BUY-0064,retail,Pepaya,2,10417.0,19642.0,False
ORD-00355,2024-03-05 10:00:00,BUY-0027,retail,Nanas,1,11906.0,10891.0,False
ORD-02386,2024-03-05 14:00:00,BUY-0004,retail,Anggur,1,50509.0,46157.0,False
ORD-02493,2024-03-05 14:00:00,BUY-0086,retail,Nanas,1,12198.0,11766.0,False
ORD-03302,2024-03-05 18:00:00,BUY-0070,retail,Apel,2,33449.0,62395.0,False
ORD-00836,2024-03-05 21:00:00,BUY-0052,retail,Anggur,2,50730.0,94907.0,False
ORD-01522,2024-03-06 12:00:00,BUY-0016,retail,Mangga,3,24803.0,73851.0,False
ORD-03728,2024-03-06 15:00:00,BUY-0069,retail,Semangka,2,9859.0,18235.0,False
ORD-02943,2024-03-06 17:00:00,BUY-0054,retail,Nanas,4,12796.0,46595.0,False
ORD-02084,2024-03-06 19:00:00,BUY-0088,retail,Pisang,3,16087.0,48240.0,False
ORD-01042,2024-03-07 02:00:00,BUY-0064,retail,Mangga,73,24315.0,66647.0,True
ORD-01199,2024-03-07 11:00:00,BUY-0056,retail,Pisang,4,16658.0,63322.0,False
ORD-01892,2024-03-07 12:00:00,BUY-0105,retail,Anggur,3,52341.0,155486.0,False
ORD-01488,2024-03-07 14:00:00,BUY-0103,retail,Pepaya,1,10442.0,9725.0,False
ORD-01283,2024-03-07 16:00:00,BUY-0082,retail,Pepaya,2,10199.0,19043.0,False
ORD-00216,2024-03-07 17:00:00,BUY-0118,retail,Anggur,2,50735.0,93063.0,False
ORD-00034,2024-03-07 19:00:00,BUY-0063,retail,Mangga,4,25329.0,98304.0,False
ORD-01287,2024-03-08 10:00:00,BUY-0079,retail,Pepaya,4,9655.0,35977.0,False
ORD-03743,2024-03-08 11:00:00,BUY-0148,retail,Pepaya,2,9836.0,19510.0,False
ORD-04067,2024-03-08 12:00:00,BUY-0105,retail,Apel,2,31713.0,61531.0,False
ORD-03185,2024-03-08 14:00:00,BUY-0077,retail,Pepaya,3,9699.0,28672.0,False
ORD-02402,2024-03-08 15:00:00,BUY-0075,retail,Apel,2,31693.0,59709.0,False
ORD-00194,2024-03-08 19:00:00,BUY-0050,retail,Apel,3,33133.0,99287.0,False
ORD-00731,2024-03-08 20:00:00,BUY-0115,retail,Semangka,3,10153.0,28424.0,False
ORD-03961,2024-03-09 08:00:00,BUY-0090,retail,Jeruk,4,21394.0,80194.0,False
ORD-02875,2024-03-09 10:00:00,BUY-0113,retail,Pisang,3,16265.0,48000.0,False
ORD-01284,2024-03-09 10:00:00,BUY-0112,retail,Mangga,3,26109.0,71170.0,False
ORD-02870,2024-03-09 11:00:00,BUY-0079,retail,Nanas,3,12766.0,35816.0,False
ORD-02728,2024-03-09 12:00:00,BUY-0120,retail,Nanas,4,12426.0,48612.0,False
ORD-01580,2024-03-09 12:00:00,BUY-0031,retail,Apel,2,31920.0,59013.0,False
ORD-01060,2024-03-09 13:00:00,BUY-0012,reseller,Nanas,13,12914.0,165461.0,False
ORD-00955,2024-03-09 13:00:00,BUY-0057,retail,Pisang,3,16243.0,48023.0,False
ORD-02445,2024-03-09 16:00:00,BUY-0132,reseller,Semangka,29,9792.0,275089.0,False
ORD-03074,2024-03-09 18:00:00,BUY-0077,retail,Anggur,4,52519.0,193720.0,False
ORD-00476,2024-03-09 19:00:00,BUY-0014,reseller,Pisang,28,16698.0,430979.0,False
ORD-00546,2024-03-10 08:00:00,BUY-0119,retail,Apel,4,32286.0,128447.0,False
ORD-02103,2024-03-10 09:00:00,BUY-0043,retail,Mangga,3,25563.0,75090.0,False
ORD-01221,2024-03-10 11:00:00,BUY-0025,retail,Jeruk,1,22763.0,21165.0,False
ORD-02278,2024-03-10 16:00:00,BUY-0100,reseller,Jeruk,14,22190.0,292082.0,False
ORD-03397,2024-03-11 08:00:00,BUY-0113,retail,Jeruk,1,23555.0,21817.0,False
ORD-00061,2024-03-11 09:00:00,BUY-0147,retail,Jeruk,4,23236.0,88548.0,False
ORD-02946,2024-03-11 11:00:00,BUY-0104,reseller,Pisang,33,16651.0,505688.0,False
ORD-01128,2024-03-11 13:00:00,BUY-0023,reseller,Pepaya,31,9508.0,293733.0,False
ORD-03111,2024-03-11 15:00:00,BUY-0128,retail,Nanas,2,13042.0,25235.0,False
ORD-00489,2024-03-11 16:00:00,BUY-0005,retail,Pepaya,1,9917.0,9274.0,False
ORD-02988,2024-03-11 17:00:00,BUY-0030,retail,Anggur,4,50227.0,195402.0,False
ORD-03581,2024-03-12 08:00:00,BUY-0133,retail,Pepaya,2,9924.0,18449.0,False
ORD-00563,2024-03-12 11:00:00,BUY-0026,retail,Pisang,1,16375.0,15359.0,False
ORD-03305,2024-03-12 13:00:00,BUY-0059,retail,Apel,1,33497.0,30175.0,False
ORD-01870,2024-03-12 16:00:00,BUY-0082,retail,Jeruk,3,22457.0,64229.0,False
ORD-02462,2024-03-12 17:00:00,BUY-0094,retail,Anggur,3,50649.0,137818.0,False
ORD-03228,2024-03-12 18:00:00,BUY-0076,retail,Anggur,1,51292.0,49097.0,False
ORD-00415,2024-03-12 20:00:00,BUY-0065,retail,Nanas,2,13113.0,23941.0,False
ORD-03232,2024-03-12 20:00:00,BUY-0093,retail,Jeruk,2,22069.0,42005.0,False
ORD-04149,2024-03-13 02:00:00,BUY-0129,retail,Anggur,74,53566.0,252646.0,True
ORD-01427,2024-03-13 12:00:00,BUY-0066,retail,Nanas,2,11888.0,21497.0,False
ORD-00325,2024-03-13 15:00:00,BUY-0113,retail,Pepaya,3,10299.0,28955.0,False
ORD-03894,2024-03-13 17:00:00,BUY-0037,retail,Jeruk,1,21877.0,20215.0,False
ORD-02773,2024-03-14 08:00:00,BUY-0128,retail,Pisang,3,16822.0,45770.0,False
ORD-04142,2024-03-14 09:00:00,BUY-0016,retail,Mangga,4,26201.0,98002.0,False
ORD-00878,2024-03-14 12:00:00,BUY-0048,retail,Pepaya,2,10398.0,20053.0,False
ORD-03306,2024-03-14 13:00:00,BUY-0062,retail,Nanas,2,12125.0,23764.0,False
ORD-02372,2024-03-14 14:00:00,BUY-0086,retail,Apel,3,34033.0,96852.0,False
ORD-02097,2024-03-14 16:00:00,BUY-0023,reseller,Mangga,31,24410.0,686012.0,False
ORD-00911,2024-03-14 18:00:00,BUY-0119,retail,Mangga,1,25024.0,22696.0,False
ORD-01845,2024-03-14 19:00:00,BUY-0061,retail,Nanas,1,12319.0,11881.0,False
ORD-00892,2024-03-14 19:00:00,BUY-0052,retail,Apel,2,31225.0,61843.0,False
ORD-00275,2024-03-14 20:00:00,BUY-0024,reseller,Pisang,37,16622.0,608801.0,False
ORD-03556,2024-03-14 20:00:00,BUY-0055,retail,Nanas,4,12016.0,47404.0,False
ORD-00925,2024-03-15 02:00:00,BUY-0071,retail,Pisang,86,16533.0,96112.0,True
ORD-03587,2024-03-15 10:00:00,BUY-0088,retail,Pepaya,4,9674.0,36122.0,False
ORD-00957,2024-03-15 11:00:00,BUY-0018,retail,Apel,3,32102.0,88105.0,False
ORD-03108,2024-03-15 16:00:00,BUY-0037,retail,Pepaya,2,9907.0,18560.0,False
ORD-03534,2024-03-15 18:00:00,BUY-0002,retail,Nanas,2,13024.0,23943.0,False
ORD-03025,2024-03-15 18:00:00,BUY-0041,retail,Anggur,1,51783.0,49041.0,False
ORD-02995,2024-03-15 18:00:00,BUY-0009,retail,Semangka,1,10445.0,9686.0,False
ORD-00653,2024-03-15 20:00:00,BUY-0101,reseller,Pisang,39,15794.0,576228.0,False
ORD-01309,2024-03-16 14:00:00,BUY-0148,retail,Pepaya,4,9760.0,36315.0,False
ORD-03881,2024-03-16 16:00:00,BUY-0113,retail,Semangka,1,10373.0,9768.0,False
ORD-04108,2024-03-16 21:00:00,BUY-0089,retail,Anggur,2,53158.0,102314.0,False
ORD-00030,2024-03-17 10:00:00,BUY-0096,retail,Semangka,4,9594.0,37689.0,False
ORD-01249,2024-03-17 12:00:00,BUY-0023,reseller,Semangka,34,10035.0,324012.0,False
ORD-03954,2024-03-17 18:00:00,BUY-0133,retail,Semangka,2,9751.0,18194.0,False
ORD-02268,2024-03-17 18:00:00,BUY-0120,retail,Semangka,3,10343.0,30090.0,False
ORD-04083,2024-03-17 19:00:00,BUY-0113,retail,Semangka,3,9698.0,28934.0,False
ORD-01086,2024-03-17 20:00:00,BUY-0097,retail,Apel,3,33214.0,99085.0,False
ORD-03032,2024-03-18 10:00:00,BUY-0077,retail,Jeruk,2,23324.0,44460.0,False
ORD-03980,2024-03-18 13:00:00,BUY-0144,retail,Mangga,3,25946.0,70512.0,False
ORD-01115,2024-03-18 15:00:00,BUY-0074,retail,Anggur,2,50586.0,99697.0,False
ORD-02143,2024-03-18 16:00:00,BUY-0029,retail,Semangka,4,9837.0,38040.0,False
ORD-01789,2024-03-18 17:00:00,BUY-0128,retail,Pepaya,1,10168.0,9947.0,False
ORD-02002,2024-03-18 19:00:00,BUY-0089,retail,Semangka,4,9667.0,35840.0,False
ORD-04082,2024-03-19 14:00:00,BUY-0097,retail,Anggur,4,52974.0,193944.0,False
ORD-01354,2024-03-19 17:00:00,BUY-0056,retail,Pepaya,3,10008.0,27322.0,False
ORD-01601,2024-03-19 18:00:00,BUY-0111,retail,Apel,1,32681.0,30996.0,False
ORD-01125,2024-03-20 10:00:00,BUY-0010,retail,Jeruk,4,22405.0,89143.0,False
ORD-01446,2024-03-20 10:00:00,BUY-0051,retail,Anggur,3,52870.0,156482.0,False
ORD-01315,2024-03-20 11:00:00,BUY-0015,retail,Jeruk,1,23018.0,22181.0,False
ORD-00932,2024-03-20 12:00:00,BUY-0093,retail,Jeruk,4,22317.0,84232.0,False
ORD-03298,2024-03-20 12:00:00,BUY-0053,retail,Mangga,4,25050.0,97736.0,False
ORD-02501,2024-03-20 13:00:00,BUY-0098,retail,Apel,3,33012.0,90689.0,False
ORD-03944,2024-03-20 20:00:00,BUY-0124,retail,Apel,1,32859.0,30050.0,False
ORD-00331,2024-03-21 08:00:00,BUY-0144,retail,Pepaya,3,10207.0,29978.0,False
ORD-00914,2024-03-21 09:00:00,BUY-0114,retail,Jeruk,1,21563.0,19965.0,False
ORD-02645,2024-03-21 12:00:00,BUY-0136,retail,Anggur,2,52811.0,98758.0,False
ORD-00094,2024-03-21 14:00:00,BUY-0054,retail,Anggur,2,54100.0,98561.0,False
ORD-03617,2024-03-21 17:00:00,BUY-0004,retail,Jeruk,1,21607.0,20709.0,False
ORD-03594,2024-03-22 02:00:00,BUY-0037,retail,Nanas,110,12032.0,93599.0,True
ORD-02226,2024-03-22 09:00:00,BUY-0015,retail,Anggur,2,54615.0,107266.0,False
ORD-00047,2024-03-22 12:00:00,BUY-0006,reseller,Apel,28,31884.0,828362.0,False
ORD-00738,2024-03-22 12:00:00,BUY-0144,retail,Semangka,1,10419.0,9898.0,False
ORD-03764,2024-03-22 15:00:00,BUY-0058,retail,Pisang,3,15847.0,44177.0,False
ORD-01848,2024-03-22 15:00:00,BUY-0090,retail,Apel,3,32191.0,92946.0,False
ORD-03978,2024-03-22 20:00:00,BUY-0063,retail,Semangka,1,10205.0,9948.0,False
ORD-00777,2024-03-22 21:00:00,BUY-0021,retail,Mangga,4,24065.0,92061.0,False
ORD-02250,2024-03-23 09:00:00,BUY-0116,reseller,Apel,28,32711.0,860703.0,False
ORD-03799,2024-03-23 10:00:00,BUY-0065,retail,Apel,3,33456.0,93288.0,False
ORD-02601,2024-03-23 14:00:00,BUY-0008,retail,Mangga,4,25341.0,91298.0,False
ORD-00463,2024-03-24 08:00:00,BUY-0113,retail,Anggur,3,52922.0,157885.0,False
ORD-00817,2024-03-24 14:00:00,BUY-0118,retail,Jeruk,2,22807.0,45188.0,False
ORD-01136,2024-03-24 16:00:00,BUY-0055,retail,Mangga,1,25907.0,25357.0,False
ORD-02653,2024-03-24 16:00:00,BUY-0127,retail,Anggur,4,52706.0,196030.0,False
ORD-00528,2024-03-24 17:00:00,BUY-0105,retail,Apel,3,32972.0,89280.0,False
ORD-01394,2024-03-24 17:00:00,BUY-0083,reseller,Jeruk,13,22888.0,279467.0,False
ORD-03742,2024-03-24 20:00:00,BUY-0008,retail,Semangka,4,9601.0,37877.0,False
ORD-03217,2024-03-25 08:00:00,BUY-0052,retail,Pepaya,1,10360.0,9392.0,False
ORD-00615,2024-03-25 09:00:00,BUY-0144,retail,Anggur,4,52848.0,202469.0,False
ORD-01119,2024-03-25 13:00:00,BUY-0097,retail,Pepaya,1,9986.0,9376.0,False
ORD-01480,2024-03-25 15:00:00,BUY-0027,retail,Pisang,1,16645.0,15884.0,False
ORD-03681,2024-03-25 18:00:00,BUY-0148,retail,Pepaya,1,10170.0,10153.0,False
ORD-01173,2024-03-26 12:00:00,BUY-0086,retail,Jeruk,2,21690.0,43084.0,False
ORD-03003,2024-03-26 13:00:00,BUY-0033,retail,Pepaya,2,10156.0,18694.0,False
ORD-00475,2024-03-27 09:00:00,BUY-0100,reseller,Pisang,14,16373.0,217000.0,False
ORD-03732,2024-03-27 10:00:00,BUY-0069,retail,Pepaya,3,9669.0,26711.0,False
ORD-02429,2024-03-27 15:00:00,BUY-0048,retail,Nanas,1,12042.0,11347.0,False
ORD-00595,2024-03-27 20:00:00,BUY-0008,retail,Semangka,1,9955.0,9545.0,False
ORD-03772,2024-03-28 10:00:00,BUY-0147,retail,Anggur,1,50677.0,47157.0,False
ORD-01094,2024-03-28 19:00:00,BUY-0037,retail,Nanas,4,12276.0,44731.0,False
ORD-00174,2024-03-28 19:00:00,BUY-0129,retail,Apel,4,32066.0,124431.0,False
ORD-03431,2024-03-28 20:00:00,BUY-0077,retail,Pisang,1,16540.0,16428.0,False
ORD-01991,2024-03-29 08:00:00,BUY-0071,retail,Mangga,2,24618.0,45629.0,False
ORD-03259,2024-03-29 09:00:00,BUY-0021,retail,Nanas,3,12332.0,36616.0,False
ORD-01378,2024-03-29 14:00:00,BUY-0061,retail,Jeruk,2,21879.0,39980.0,False
ORD-01698,2024-03-29 16:00:00,BUY-0057,retail,Mangga,2,25837.0,47740.0,False
ORD-04102,2024-03-29 20:00:00,BUY-0062,retail,Apel,4,33104.0,123366.0,False
ORD-01253,2024-03-30 08:00:00,BUY-0083,reseller,Semangka,32,9844.0,306569.0,False
ORD-02845,2024-03-30 14:00:00,BUY-0055,retail,Pepaya,4,9608.0,36734.0,False
ORD-01431,2024-03-30 19:00:00,BUY-0114,retail,Pepaya,4,10001.0,38971.0,False
ORD-01788,2024-03-30 19:00:00,BUY-0093,retail,Mangga,4,24014.0,90022.0,False
ORD-01984,2024-03-31 09:00:00,BUY-0126,retail,Jeruk,2,21921.0,40266.0,False
ORD-02628,2024-03-31 09:00:00,BUY-0023,reseller,Anggur,20,51853.0,993363.0,False
ORD-03127,2024-03-31 10:00:00,BUY-0063,retail,Semangka,4,10108.0,40050.0,False
ORD-02334,2024-03-31 10:00:00,BUY-0144,retail,Mangga,3,25251.0,75381.0,False
ORD-02399,2024-03-31 11:00:00,BUY-0049,retail,Apel,3,31275.0,84557.0,False
ORD-01914,2024-03-31 12:00:00,BUY-0104,reseller,Nanas,20,12047.0,231021.0,False
ORD-03884,2024-03-31 17:00:00,BUY-0040,retail,Pisang,2,15755.0,30512.0,False
ORD-03892,2024-03-31 17:00:00,BUY-0124,retail,Pisang,3,16026.0,46847.0,False
ORD-03254,2024-04-01 02:00:00,BUY-0082,retail,Anggur,101,52300.0,348261.0,True
ORD-00386,2024-04-01 08:00:00,BUY-0137,reseller,Anggur,35,49931.0,1592612.0,False
ORD-02363,2024-04-01 10:00:00,BUY-0027,retail,Pisang,4,17056.0,64534.0,False
ORD-02123,2024-04-01 14:00:00,BUY-0001,retail,Semangka,2,10277.0,18603.0,False
ORD-00357,2024-04-01 16:00:00,BUY-0015,retail,Mangga,4,25956.0,99089.0,False
ORD-01947,2024-04-02 15:00:00,BUY-0098,retail,Apel,4,30999.0,117064.0,False
ORD-02328,2024-04-02 21:00:00,BUY-0119,retail,Nanas,3,12893.0,36381.0,False
ORD-02046,2024-04-03 03:00:00,BUY-0109,retail,Nanas,193,12573.0,189668.0,True
ORD-00866,2024-04-03 11:00:00,BUY-0129,retail,Nanas,2,12575.0,23709.0,False
ORD-01067,2024-04-03 12:00:00,BUY-0069,retail,Pisang,1,15733.0,14488.0,False
ORD-00207,2024-04-03 19:00:00,BUY-0026,retail,Nanas,4,11960.0,46364.0,False
ORD-02150,2024-04-03 20:00:00,BUY-0036,retail,Apel,2,30990.0,61885.0,False
ORD-03478,2024-04-04 09:00:00,BUY-0088,retail,Mangga,4,24358.0,90241.0,False
ORD-02751,2024-04-04 10:00:00,BUY-0115,retail,Semangka,4,9861.0,37038.0,False
ORD-00980,2024-04-04 10:00:00,BUY-0088,retail,Nanas,2,12258.0,22187.0,False
ORD-00992,2024-04-04 10:00:00,BUY-0067,retail,Mangga,2,25629.0,48090.0,False
ORD-04016,2024-04-04 11:00:00,BUY-0095,retail,Apel,3,32580.0,90711.0,False
ORD-03260,2024-04-04 16:00:00,BUY-0026,retail,Anggur,2,53050.0,101983.0,False
ORD-03002,2024-04-04 18:00:00,BUY-0067,retail,Nanas,2,12141.0,24200.0,False
ORD-00523,2024-04-04 20:00:00,BUY-0141,retail,Mangga,4,25990.0,95144.0,False
ORD-03975,2024-04-04 21:00:00,BUY-0102,retail,Nanas,2,12113.0,22723.0,False
ORD-02452,2024-04-05 08:00:00,BUY-0098,retail,Apel,4,31455.0,115998.0,False
ORD-02036,2024-04-05 11:00:00,BUY-0129,retail,Semangka,3,9725.0,27707.0,False
ORD-01177,2024-04-05 13:00:00,BUY-0118,retail,Apel,4,31958.0,118639.0,False
ORD-01231,2024-04-05 17:00:00,BUY-0082,retail,Nanas,1,12616.0,11471.0,False
ORD-01855,2024-04-06 09:00:00,BUY-0060,retail,Pepaya,2,10485.0,18975.0,False
ORD-02264,2024-04-06 10:00:00,BUY-0054,retail,Mangga,4,24377.0,90026.0,False
ORD-02389,2024-04-06 13:00:00,BUY-0140,retail,Nanas,3,12899.0,35800.0,False
ORD-01237,2024-04-06 15:00:00,BUY-0104,reseller,Anggur,35,51248.0,1775068.0,False
ORD-00311,2024-04-06 16:00:00,BUY-0035,retail,Pisang,4,16621.0,66351.0,False
ORD-00663,2024-04-06 19:00:00,BUY-0042,reseller,Anggur,21,50247.0,1000017.0,False
ORD-03173,2024-04-06 20:00:00,BUY-0139,retail,Mangga,4,25872.0,100609.0,False
ORD-00988,2024-04-06 21:00:00,BUY-0124,retail,Semangka,1,10493.0,10167.0,False
ORD-03925,2024-04-07 12:00:00,BUY-0053,retail,Semangka,2,9695.0,18854.0,False
ORD-01742,2024-04-07 13:00:00,BUY-0118,retail,Pepaya,2,9687.0,18986.0,False
ORD-04140,2024-04-07 14:00:00,BUY-0104,reseller,Pisang,18,16037.0,263300.0,False
ORD-00688,2024-04-07 15:00:00,BUY-0045,reseller,Pisang,38,16237.0,572756.0,False
ORD-01462,2024-04-07 18:00:00,BUY-0052,retail,Anggur,3,52133.0,142179.0,False
ORD-02053,2024-04-07 20:00:00,BUY-0121,retail,Mangga,2,24165.0,46891.0,False
ORD-01407,2024-04-07 21:00:00,BUY-0086,retail,Pepaya,3,9856.0,28440.0,False
ORD-00845,2024-04-08 13:00:00,BUY-0002,retail,Pisang,3,15846.0,44989.0,False
ORD-01904,2024-04-08 15:00:00,BUY-0091,retail,Pepaya,3,9566.0,27386.0,False
ORD-00433,2024-04-08 17:00:00,BUY-0084,retail,Pepaya,3,10175.0,28341.0,False
ORD-00982,2024-04-08 19:00:00,BUY-0101,reseller,Apel,37,32144.0,1129269.0,False
ORD-02563,2024-04-09 11:00:00,BUY-0017,retail,Pisang,2,15902.0,29994.0,False
ORD-04005,2024-04-09 13:00:00,BUY-0015,retail,Mangga,2,23814.0,47474.0,False
ORD-00148,2024-04-09 16:00:00,BUY-0050,retail,Pepaya,4,10318.0,39271.0,False
ORD-04113,2024-04-09 18:00:00,BUY-0048,retail,Pepaya,1,10231.0,9493.0,False
ORD-03169,2024-04-10 08:00:00,BUY-0071,retail,Apel,2,33693.0,66150.0,False
ORD-02577,2024-04-10 09:00:00,BUY-0070,retail,Mangga,3,25435.0,70649.0,False
ORD-01736,2024-04-10 10:00:00,BUY-0046,reseller,Nanas,30,12533.0,343571.0,False
ORD-02963,2024-04-10 12:00:00,BUY-0047,retail,Pepaya,1,10148.0,9200.0,False
ORD-04090,2024-04-10 16:00:00,BUY-0047,retail,Mangga,1,24325.0,22168.0,False
ORD-02853,2024-04-10 18:00:00,BUY-0029,retail,Anggur,3,53951.0,149243.0,False
ORD-02156,2024-04-11 12:00:00,BUY-0126,retail,Anggur,4,53340.0,194410.0,False
ORD-00598,2024-04-11 14:00:00,BUY-0120,retail,Pepaya,2,10189.0,18957.0,False
ORD-03275,2024-04-11 14:00:00,BUY-0041,retail,Apel,3,31768.0,88342.0,False
ORD-04146,2024-04-11 15:00:00,BUY-0011,retail,Anggur,2,53140.0,99667.0,False
ORD-00641,2024-04-11 19:00:00,BUY-0036,retail,Jeruk,3,21858.0,61897.0,False
ORD-01726,2024-04-11 20:00:00,BUY-0007,retail,Pisang,1,16575.0,16426.0,False
ORD-03481,2024-04-11 20:00:00,BUY-0069,retail,Nanas,1,12079.0,11305.0,False
ORD-02992,2024-04-11 20:00:00,BUY-0050,retail,Anggur,3,52188.0,148998.0,False
ORD-01025,2024-04-12 08:00:00,BUY-0137,reseller,Semangka,38,9526.0,345698.0,False
ORD-03554,2024-04-12 09:00:00,BUY-0129,retail,Apel,3,31623.0,86940.0,False
ORD-02574,2024-04-12 11:00:00,BUY-0078,retail,Nanas,4,12634.0,45600.0,False
ORD-00101,2024-04-12 14:00:00,BUY-0075,retail,Mangga,2,26142.0,48213.0,False
ORD-01492,2024-04-12 16:00:00,BUY-0088,retail,Apel,4,32758.0,123765.0,False
ORD-02524,2024-04-12 21:00:00,BUY-0040,retail,Nanas,1,12484.0,11718.0,False
ORD-03276,2024-04-13 10:00:00,BUY-0107,retail,Pepaya,4,9741.0,38753.0,False
ORD-00583,2024-04-13 12:00:00,BUY-0083,reseller,Semangka,39,9998.0,378775.0,False
ORD-00164,2024-04-13 14:00:00,BUY-0030,retail,Jeruk,3,23078.0,67757.0,False
ORD-02573,2024-04-13 16:00:00,BUY-0141,retail,Jeruk,3,21427.0,58907.0,False
ORD-03737,2024-04-13 18:00:00,BUY-0001,retail,Pepaya,3,9894.0,29589.0,False
ORD-03236,2024-04-14 08:00:00,BUY-0024,reseller,Anggur,33,50294.0,1547630.0,False
ORD-03034,2024-04-14 08:00:00,BUY-0047,retail,Nanas,1,13074.0,12713.0,False
ORD-02798,2024-04-14 09:00:00,BUY-0029,retail,Pepaya,3,9503.0,26696.0,False
ORD-01604,2024-04-14 12:00:00,BUY-0031,retail,Mangga,2,25610.0,46519.0,False
ORD-00111,2024-04-14 13:00:00,BUY-0119,retail,Mangga,4,25603.0,102245.0,False
ORD-02588,2024-04-14 13:00:00,BUY-0079,retail,Semangka,2,10236.0,19248.0,False
ORD-01666,2024-04-14 15:00:00,BUY-0039,retail,Mangga,4,26174.0,99101.0,False
ORD-04094,2024-04-14 16:00:00,BUY-0030,retail,Semangka,2,9988.0,19580.0,False
ORD-02298,2024-04-14 19:00:00,BUY-0143,reseller,Semangka,11,10223.0,110739.0,False
ORD-00811,2024-04-14 19:00:00,BUY-0001,retail,Semangka,2,9909.0,18698.0,False
ORD-01590,2024-04-14 20:00:00,BUY-0047,retail,Apel,1,31704.0,29752.0,False
ORD-03009,2024-04-14 21:00:00,BUY-0042,reseller,Apel,26,32598.0,797805.0,False
ORD-04129,2024-04-15 08:00:00,BUY-0019,reseller,Anggur,14,51166.0,666075.0,False
ORD-03411,2024-04-15 12:00:00,BUY-0068,retail,Pepaya,1,9881.0,9534.0,False
ORD-01112,2024-04-15 13:00:00,BUY-0045,reseller,Anggur,22,53268.0,1158247.0,False
ORD-00765,2024-04-15 14:00:00,BUY-0072,retail,Pepaya,2,10065.0,19560.0,False
ORD-01654,2024-04-15 16:00:00,BUY-0011,retail,Nanas,4,12630.0,49068.0,False
ORD-03840,2024-04-15 17:00:00,BUY-0081,retail,Nanas,2,12928.0,24294.0,False
ORD-00368,2024-04-16 12:00:00,BUY-0092,retail,Semangka,2,10273.0,19067.0,False
ORD-02807,2024-04-16 14:00:00,BUY-0072,retail,Jeruk,3,23372.0,69216.0,False
ORD-00822,2024-04-16 18:00:00,BUY-0080,retail,Nanas,3,12782.0,37700.0,False
ORD-01226,2024-04-17 04:00:00,BUY-0107,retail,Apel,71,32490.0,154528.0,True
ORD-04022,2024-04-17 11:00:00,BUY-0129,retail,Jeruk,3,22538.0,60948.0,False
ORD-01599,2024-04-17 11:00:00,BUY-0109,retail,Mangga,2,24262.0,44858.0,False
ORD-02114,2024-04-17 13:00:00,BUY-0084,retail,Nanas,2,12536.0,24782.0,False
ORD-01985,2024-04-17 13:00:00,BUY-0105,retail,Jeruk,4,22749.0,84631.0,False
ORD-00350,2024-04-17 16:00:00,BUY-0023,reseller,Pepaya,28,10300.0,275109.0,False
ORD-03080,2024-04-18 10:00:00,BUY-0070,retail,Pepaya,3,9737.0,26849.0,False
ORD-01320,2024-04-18 11:00:00,BUY-0124,retail,Apel,1,33178.0,30071.0,False
ORD-02083,2024-04-18 14:00:00,BUY-0038,retail,Apel,3,31823.0,85957.0,False
ORD-00621,2024-04-18 14:00:00,BUY-0144,retail,Nanas,1,12511.0,12092.0,False
ORD-03616,2024-04-18 16:00:00,BUY-0012,reseller,Apel,20,33278.0,656485.0,False
ORD-03875,2024-04-18 17:00:00,BUY-0072,retail,Jeruk,3,23149.0,65862.0,False
ORD-03935,2024-04-19 10:00:00,BUY-0135,retail,Apel,1,32220.0,31799.0,False
ORD-02765,2024-04-19 10:00:00,BUY-0081,retail,Pisang,3,17108.0,51211.0,False
ORD-03271,2024-04-19 12:00:00,BUY-0105,retail,Jeruk,3,21872.0,61378.0,False
ORD-02647,2024-04-19 14:00:00,BUY-0050,retail,Anggur,3,52231.0,143434.0,False
ORD-02542,2024-04-19 16:00:00,BUY-0049,retail,Apel,1,31660.0,29249.0,False
ORD-00886,2024-04-19 18:00:00,BUY-0150,retail,Semangka,2,9540.0,18635.0,False
ORD-00444,2024-04-20 10:00:00,BUY-0011,retail,Anggur,3,51632.0,142572.0,False
ORD-01104,2024-04-20 10:00:00,BUY-0024,reseller,Semangka,38,10447.0,367819.0,False
ORD-00327,2024-04-20 11:00:00,BUY-0023,reseller,Jeruk,22,22398.0,465533.0,False
ORD-03406,2024-04-20 11:00:00,BUY-0010,retail,Pepaya,3,9921.0,29383.0,False
ORD-02216,2024-04-20 12:00:00,BUY-0038,retail,Anggur,2,50615.0,99651.0,False
ORD-00179,2024-04-20 15:00:00,BUY-0072,retail,Apel,1,32292.0,32089.0,False
ORD-01906,2024-04-20 15:00:00,BUY-0111,retail,Jeruk,4,22683.0,83192.0,False
ORD-01002,2024-04-20 17:00:00,BUY-0088,retail,Jeruk,4,22339.0,82239.0,False
ORD-01475,2024-04-20 17:00:00,BUY-0006,reseller,Pepaya,35,9905.0,343615.0,False
ORD-03970,2024-04-21 03:00:00,BUY-0121,retail,Pepaya,142,10386.0,57815.0,True
ORD-03283,2024-04-21 10:00:00,BUY-0075,retail,Apel,4,33182.0,120592.0,False
ORD-03257,2024-04-21 12:00:00,BUY-0134,retail,Pepaya,2,10297.0,20508.0,False
ORD-02904,2024-04-21 13:00:00,BUY-0122,retail,Anggur,3,50272.0,139996.0,False
ORD-03049,2024-04-21 20:00:00,BUY-0048,retail,Pisang,2,17176.0,33176.0,False
ORD-03223,2024-04-22 08:00:00,BUY-0102,retail,Nanas,4,12718.0,45865.0,False
ORD-03226,2024-04-22 09:00:00,BUY-0081,retail,Nanas,2,12146.0,23596.0,False
ORD-02054,2024-04-22 10:00:00,BUY-0040,retail,Mangga,4,25598.0,93487.0,False
ORD-01918,2024-04-22 11:00:00,BUY-0124,retail,Semangka,3,9702.0,27098.0,False
ORD-01474,2024-04-22 13:00:00,BUY-0079,retail,Pepaya,1,10020.0,9303.0,False
ORD-00187,2024-04-22 18:00:00,BUY-0143,reseller,Pisang,27,16108.0,424445.0,False
ORD-03575,2024-04-22 18:00:00,BUY-0076,retail,Jeruk,3,22267.0,65918.0,False
ORD-02210,2024-04-22 21:00:00,BUY-0055,retail,Jeruk,3,22514.0,66614.0,False
ORD-03196,2024-04-23 13:00:00,BUY-0139,retail,Mangga,2,24344.0,45306.0,False
ORD-01518,2024-04-23 14:00:00,BUY-0001,retail,Pisang,1,16779.0,15992.0,False
ORD-02856,2024-04-23 17:00:00,BUY-0094,retail,Pisang,1,17312.0,16346.0,False
ORD-00759,2024-04-23 18:00:00,BUY-0037,retail,Nanas,4,12106.0,45378.0,False
ORD-02336,2024-04-23 19:00:00,BUY-0109,retail,Anggur,4,51053.0,203348.0,False
ORD-02087,2024-04-23 20:00:00,BUY-0056,retail,Nanas,1,12722.0,12617.0,False
ORD-01375,2024-04-24 14:00:00,BUY-0088,retail,Pisang,1,17089.0,17084.0,False
ORD-02841,2024-04-24 20:00:00,BUY-0114,retail,Pepaya,2,9753.0,19306.0,False
ORD-01962,2024-04-25 12:00:00,BUY-0036,retail,Pepaya,4,10143.0,40564.0,False
ORD-02375,2024-04-25 12:00:00,BUY-0106,retail,Pepaya,3,9987.0,27180.0,False
ORD-03589,2024-04-25 12:00:00,BUY-0135,retail,Apel,2,30937.0,60678.0,False
ORD-00289,2024-04-25 18:00:00,BUY-0034,retail,Nanas,3,12528.0,36060.0,False
ORD-02844,2024-04-25 18:00:00,BUY-0133,retail,Apel,4,33433.0,123415.0,False
ORD-02674,2024-04-25 19:00:00,BUY-0146,retail,Jeruk,1,22153.0,20519.0,False
ORD-00978,2024-04-25 20:00:00,BUY-0038,retail,Apel,4,31446.0,116522.0,False
ORD-03366,2024-04-25 20:00:00,BUY-0048,retail,Mangga,4,25076.0,91073.0,False
ORD-02914,2024-04-25 21:00:00,BUY-0037,retail,Semangka,4,10129.0,36722.0,False
ORD-01931,2024-04-26 08:00:00,BUY-0041,retail,Anggur,1,50949.0,50263.0,False
ORD-02602,2024-04-26 16:00:00,BUY-0044,retail,Apel,2,31769.0,62257.0,False
ORD-00877,2024-04-26 16:00:00,BUY-0065,retail,Jeruk,3,22015.0,60419.0,False
ORD-02109,2024-04-26 19:00:00,BUY-0045,reseller,Semangka,30,10092.0,275126.0,False
ORD-03591,2024-04-26 21:00:00,BUY-0048,retail,Apel,3,33506.0,96294.0,False
ORD-03507,2024-04-27 11:00:00,BUY-0141,retail,Semangka,2,10053.0,19867.0,False
ORD-00452,2024-04-27 12:00:00,BUY-0042,reseller,Apel,37,30955.0,1046086.0,False
ORD-02252,2024-04-27 17:00:00,BUY-0059,retail,Mangga,2,25433.0,49521.0,False
ORD-03284,2024-04-27 18:00:00,BUY-0135,retail,Apel,2,31044.0,57668.0,False
ORD-03149,2024-04-27 20:00:00,BUY-0013,retail,Jeruk,1,23266.0,21070.0,False
ORD-01317,2024-04-27 21:00:00,BUY-0058,retail,Mangga,1,24562.0,23901.0,False
ORD-03595,2024-04-28 10:00:00,BUY-0064,retail,Mangga,1,23844.0,22605.0,False
ORD-03319,2024-04-28 16:00:00,BUY-0121,retail,Nanas,2,11879.0,23599.0,False
ORD-01885,2024-04-28 17:00:00,BUY-0096,retail,Apel,2,33975.0,61307.0,False
ORD-03579,2024-04-29 09:00:00,BUY-0054,retail,Pepaya,4,9639.0,36752.0,False
ORD-03206,2024-04-29 13:00:00,BUY-0110,reseller,Jeruk,12,22013.0,241504.0,False
ORD-00733,2024-04-29 15:00:00,BUY-0121,retail,Anggur,3,54138.0,151186.0,False
ORD-01687,2024-04-29 16:00:00,BUY-0144,retail,Apel,4,32218.0,127877.0,False
ORD-01277,2024-04-29 16:00:00,BUY-0120,retail,Pepaya,4,10336.0,39420.0,False
ORD-01866,2024-04-30 08:00:00,BUY-0009,retail,Anggur,3,52866.0,146692.0,False
ORD-00570,2024-04-30 09:00:00,BUY-0006,reseller,Mangga,35,25807.0,871996.0,False
ORD-00810,2024-04-30 10:00:00,BUY-0050,retail,Semangka,1,10111.0,9478.0,False
ORD-02247,2024-04-30 11:00:00,BUY-0013,retail,Pisang,4,16557.0,62230.0,False
ORD-03540,2024-04-30 12:00:00,BUY-0141,retail,Nanas,1,12414.0,11406.0,False
ORD-03178,2024-04-30 14:00:00,BUY-0012,reseller,Jeruk,14,21400.0,289644.0,False
ORD-04125,2024-04-30 17:00:00,BUY-0134,retail,Apel,3,31704.0,86210.0,False
ORD-02543,2024-05-01 08:00:00,BUY-0084,retail,Anggur,3,52314.0,152867.0,False
ORD-01971,2024-05-01 12:00:00,BUY-0020,retail,Mangga,3,24049.0,65475.0,False
ORD-01844,2024-05-01 16:00:00,BUY-0134,retail,Anggur,4,53678.0,199508.0,False
ORD-04096,2024-05-01 17:00:00,BUY-0140,retail,Semangka,2,10345.0,18891.0,False
ORD-00481,2024-05-01 18:00:00,BUY-0105,retail,Anggur,2,51562.0,99896.0,False
ORD-03861,2024-05-01 20:00:00,BUY-0150,retail,Jeruk,4,23619.0,93358.0,False
ORD-03625,2024-05-01 21:00:00,BUY-0046,reseller,Mangga,33,24773.0,753739.0,False
ORD-00178,2024-05-02 08:00:00,BUY-0051,retail,Pisang,2,16249.0,32296.0,False
ORD-00252,2024-05-02 10:00:00,BUY-0076,retail,Pepaya,4,10257.0,40289.0,False
ORD-02552,2024-05-02 21:00:00,BUY-0070,retail,Jeruk,4,23565.0,87980.0,False
ORD-02775,2024-05-03 02:00:00,BUY-0139,retail,Nanas,147,12678.0,55392.0,True
ORD-02697,2024-05-03 10:00:00,BUY-0064,retail,Pisang,1,16094.0,15302.0,False
ORD-03332,2024-05-03 21:00:00,BUY-0031,retail,Mangga,3,25684.0,70119.0,False
ORD-03815,2024-05-04 08:00:00,BUY-0116,reseller,Nanas,32,12367.0,357885.0,False
ORD-02575,2024-05-04 08:00:00,BUY-0050,retail,Semangka,3,9713.0,27474.0,False
ORD-01089,2024-05-04 09:00:00,BUY-0035,retail,Apel,4,32852.0,127255.0,False
ORD-01660,2024-05-04 10:00:00,BUY-0126,retail,Mangga,3,25592.0,73727.0,False
ORD-01147,2024-05-04 13:00:00,BUY-0123,retail,Anggur,2,55118.0,107969.0,False
ORD-02482,2024-05-04 19:00:00,BUY-0015,retail,Nanas,3,12561.0,36963.0,False
ORD-03570,2024-05-04 19:00:00,BUY-0030,retail,Semangka,1,10152.0,9630.0,False
ORD-00724,2024-05-04 20:00:00,BUY-0061,retail,Apel,1,33504.0,31500.0,False
ORD-00348,2024-05-05 10:00:00,BUY-0113,retail,Anggur,3,54658.0,163831.0,False
ORD-02362,2024-05-05 13:00:00,BUY-0115,retail,Pepaya,3,9806.0,26818.0,False
ORD-02157,2024-05-06 00:00:00,BUY-0068,retail,Jeruk,56,22109.0,28605.0,True
ORD-00467,2024-05-06 11:00:00,BUY-0080,retail,Pisang,3,16665.0,47317.0,False
ORD-01693,2024-05-06 15:00:00,BUY-0126,retail,Pisang,2,17239.0,33891.0,False
ORD-02993,2024-05-06 15:00:00,BUY-0008,retail,Pepaya,3,10455.0,29177.0,False
ORD-00431,2024-05-06 16:00:00,BUY-0095,retail,Pepaya,2,9743.0,19360.0,False
ORD-01049,2024-05-07 04:00:00,BUY-0050,retail,Nanas,180,12807.0,180304.0,True
ORD-01034,2024-05-07 08:00:00,BUY-0018,retail,Pepaya,2,10164.0,19205.0,False
ORD-02664,2024-05-07 09:00:00,BUY-0115,retail,Pepaya,3,9960.0,27101.0,False
ORD-01129,2024-05-07 09:00:00,BUY-0096,retail,Anggur,4,52253.0,189598.0,False
ORD-01275,2024-05-07 12:00:00,BUY-0149,retail,Pepaya,3,10462.0,30036.0,False
ORD-02916,2024-05-07 12:00:00,BUY-0048,retail,Semangka,2,9518.0,18970.0,False
ORD-00290,2024-05-07 17:00:00,BUY-0021,retail,Semangka,1,9892.0,9553.0,False
ORD-02749,2024-05-07 17:00:00,BUY-0042,reseller,Apel,20,32289.0,586523.0,False
ORD-02855,2024-05-07 18:00:00,BUY-0130,retail,Pepaya,1,9752.0,8901.0,False
ORD-00206,2024-05-07 20:00:00,BUY-0088,retail,Pisang,4,16374.0,62842.0,False
ORD-00146,2024-05-07 21:00:00,BUY-0131,retail,Mangga,3,25343.0,72688.0,False
ORD-03645,2024-05-08 13:00:00,BUY-0048,retail,Apel,3,33903.0,100124.0,False
ORD-01669,2024-05-08 16:00:00,BUY-0111,retail,Pepaya,1,9650.0,8749.0,False
ORD-03170,2024-05-09 08:00:00,BUY-0022,retail,Pepaya,3,9512.0,28247.0,False
ORD-03321,2024-05-09 15:00:00,BUY-0017,retail,Pisang,3,16796.0,46883.0,False
ORD-02809,2024-05-09 15:00:00,BUY-0020,retail,Nanas,3,12181.0,33012.0,False
ORD-02799,2024-05-09 15:00:00,BUY-0053,retail,Pisang,2,17135.0,31448.0,False
ORD-01385,2024-05-10 08:00:00,BUY-0144,retail,Pisang,3,15732.0,43785.0,False
ORD-03355,2024-05-10 13:00:00,BUY-0058,retail,Jeruk,1,22791.0,20983.0,False
ORD-02515,2024-05-10 15:00:00,BUY-0014,reseller,Nanas,24,12366.0,281352.0,False
ORD-03112,2024-05-10 15:00:00,BUY-0073,reseller,Anggur,33,50541.0,1534478.0,False
ORD-03501,2024-05-10 18:00:00,BUY-0034,retail,Jeruk,2,21684.0,42404.0,False
ORD-00138,2024-05-10 19:00:00,BUY-0058,retail,Nanas,3,11931.0,32496.0,False
ORD-01805,2024-05-11 08:00:00,BUY-0089,retail,Pepaya,3,9800.0,28493.0,False
ORD-01583,2024-05-11 08:00:00,BUY-0019,reseller,Mangga,13,24567.0,301472.0,False
ORD-01294,2024-05-11 19:00:00,BUY-0069,retail,Semangka,4,10117.0,38658.0,False
ORD-00239,2024-05-11 20:00:00,BUY-0129,retail,Apel,1,33892.0,32457.0,False
ORD-00177,2024-05-12 12:00:00,BUY-0057,retail,Apel,1,34047.0,30663.0,False
ORD-00349,2024-05-12 17:00:00,BUY-0013,retail,Apel,1,31143.0,30749.0,False
ORD-01795,2024-05-12 19:00:00,BUY-0146,retail,Jeruk,1,23413.0,22772.0,False
ORD-00466,2024-05-12 21:00:00,BUY-0112,retail,Nanas,1,12711.0,12258.0,False
ORD-01911,2024-05-13 02:00:00,BUY-0108,retail,Apel,60,32086.0,140331.0,True
ORD-00575,2024-05-13 02:00:00,BUY-0141,retail,Semangka,75,10083.0,37022.0,True
ORD-01800,2024-05-13 13:00:00,BUY-0140,retail,Nanas,4,12138.0,46216.0,False
ORD-03342,2024-05-13 14:00:00,BUY-0053,retail,Nanas,4,11939.0,47439.0,False
ORD-02766,2024-05-13 17:00:00,BUY-0143,reseller,Mangga,11,24700.0,269608.0,False
ORD-01916,2024-05-14 10:00:00,BUY-0012,reseller,Anggur,23,51045.0,1152296.0,False
ORD-00965,2024-05-14 11:00:00,BUY-0065,retail,Anggur,3,55059.0,155911.0,False
ORD-00726,2024-05-14 13:00:00,BUY-0035,retail,Pisang,1,17016.0,16509.0,False
ORD-00107,2024-05-14 14:00:00,BUY-0064,retail,Semangka,2,9571.0,17240.0,False
ORD-03903,2024-05-14 16:00:00,BUY-0056,retail,Apel,3,33170.0,90624.0,False
ORD-01692,2024-05-14 20:00:00,BUY-0124,retail,Semangka,2,10151.0,19200.0,False
ORD-03070,2024-05-14 20:00:00,BUY-0125,retail,Mangga,4,24188.0,93313.0,False
ORD-03303,2024-05-15 08:00:00,BUY-0110,reseller,Semangka,35,9692.0,330088.0,False
ORD-01952,2024-05-15 16:00:00,BUY-0017,retail,Apel,1,33191.0,32504.0,False
ORD-00388,2024-05-15 16:00:00,BUY-0044,retail,Mangga,2,26123.0,47941.0,False
ORD-01659,2024-05-15 21:00:00,BUY-0051,retail,Jeruk,2,21520.0,41744.0,False
ORD-03596,2024-05-16 08:00:00,BUY-0114,retail,Semangka,4,9632.0,37097.0,False
ORD-02211,2024-05-16 11:00:00,BUY-0006,reseller,Pepaya,12,9831.0,111073.0,False
ORD-01471,2024-05-16 11:00:00,BUY-0010,retail,Pepaya,4,9696.0,37000.0,False
ORD-01571,2024-05-16 15:00:00,BUY-0043,retail,Anggur,2,49875.0,93146.0,False
ORD-00758,2024-05-16 16:00:00,BUY-0053,retail,Nanas,2,13092.0,25912.0,False
ORD-02985,2024-05-16 16:00:00,BUY-0148,retail,Mangga,3,24152.0,69323.0,False
ORD-02615,2024-05-16 20:00:00,BUY-0094,retail,Semangka,3,10139.0,28136.0,False
ORD-03547,2024-05-17 00:00:00,BUY-0101,reseller,Anggur,148,52063.0,295906.0,True
ORD-00117,2024-05-17 12:00:00,BUY-0084,retail,Semangka,4,10396.0,37833.0,False
ORD-01148,2024-05-17 12:00:00,BUY-0008,retail,Apel,2,31678.0,57399.0,False
ORD-04072,2024-05-17 12:00:00,BUY-0143,reseller,Apel,19,33206.0,613072.0,False
ORD-01765,2024-05-17 13:00:00,BUY-0054,retail,Anggur,3,50962.0,152884.0,False
ORD-02918,2024-05-17 14:00:00,BUY-0050,retail,Pepaya,3,9547.0,26861.0,False
ORD-01799,2024-05-17 16:00:00,BUY-0055,retail,Jeruk,2,22723.0,45201.0,False
ORD-02927,2024-05-17 18:00:00,BUY-0010,retail,Semangka,1,10431.0,10303.0,False
ORD-02140,2024-05-17 19:00:00,BUY-0041,retail,Pisang,4,17096.0,67656.0,False
ORD-03828,2024-05-17 20:00:00,BUY-0110,reseller,Pisang,13,16498.0,195939.0,False
ORD-03115,2024-05-18 10:00:00,BUY-0122,retail,Pepaya,1,10249.0,9822.0,False
ORD-00394,2024-05-18 10:00:00,BUY-0120,retail,Anggur,1,53445.0,50208.0,False
ORD-02353,2024-05-18 12:00:00,BUY-0142,retail,Apel,3,33605.0,93117.0,False
ORD-02592,2024-05-18 12:00:00,BUY-0063,retail,Mangga,4,24424.0,96037.0,False
ORD-02305,2024-05-18 16:00:00,BUY-0034,retail,Apel,2,33147.0,65458.0,False
ORD-02889,2024-05-18 16:00:00,BUY-0106,retail,Mangga,4,26119.0,102935.0,False
ORD-02239,2024-05-18 18:00:00,BUY-0050,retail,Jeruk,1,22708.0,21274.0,False
ORD-01037,2024-05-19 08:00:00,BUY-0125,retail,Mangga,3,25124.0,68576.0,False
ORD-02540,2024-05-19 08:00:00,BUY-0084,retail,Anggur,3,52885.0,155843.0,False
ORD-04099,2024-05-19 10:00:00,BUY-0055,retail,Mangga,3,24745.0,69673.0,False
ORD-01525,2024-05-19 10:00:00,BUY-0006,reseller,Anggur,37,54781.0,1827311.0,False
ORD-02484,2024-05-19 13:00:00,BUY-0013,retail,Nanas,4,11903.0,45887.0,False
ORD-03977,2024-05-19 15:00:00,BUY-0131,retail,Mangga,2,26077.0,49808.0,False
ORD-00947,2024-05-20 08:00:00,BUY-0038,retail,Pisang,2,16153.0,29354.0,False
ORD-03608,2024-05-20 10:00:00,BUY-0069,retail,Semangka,2,10097.0,19397.0,False
ORD-02172,2024-05-20 11:00:00,BUY-0127,retail,Pepaya,4,9680.0,37841.0,False
ORD-02915,2024-05-20 15:00:00,BUY-0058,retail,Anggur,4,55072.0,201822.0,False
ORD-03172,2024-05-20 17:00:00,BUY-0069,retail,Apel,1,33566.0,32809.0,False
ORD-01725,2024-05-21 08:00:00,BUY-0063,retail,Semangka,4,10482.0,40942.0,False
ORD-03282,2024-05-21 10:00:00,BUY-0019,reseller,Pisang,25,16639.0,409318.0,False
ORD-03640,2024-05-21 11:00:00,BUY-0040,retail,Semangka,2,9872.0,19151.0,False
ORD-00288,2024-05-21 12:00:00,BUY-0123,retail,Pisang,2,15974.0,30670.0,False
ORD-00360,2024-05-21 13:00:00,BUY-0080,retail,Mangga,2,23933.0,44526.0,False
ORD-00714,2024-05-22 08:00:00,BUY-0054,retail,Mangga,2,25701.0,50286.0,False
ORD-01269,2024-05-22 08:00:00,BUY-0149,retail,Pisang,3,17019.0,46458.0,False
ORD-01634,2024-05-22 12:00:00,BUY-0124,retail,Jeruk,2,22475.0,41679.0,False
ORD-00882,2024-05-22 15:00:00,BUY-0119,retail,Apel,2,32807.0,65031.0,False
ORD-02385,2024-05-22 16:00:00,BUY-0109,retail,Mangga,3,25286.0,72647.0,False
ORD-02747,2024-05-22 19:00:00,BUY-0047,retail,Nanas,2,12278.0,23880.0,False
ORD-00857,2024-05-22 20:00:00,BUY-0005,retail,Pisang,4,16891.0,65708.0,False
ORD-00800,2024-05-22 21:00:00,BUY-0076,retail,Mangga,1,24062.0,23332.0,False
ORD-02999,2024-05-23 11:00:00,BUY-0146,retail,Nanas,2,12777.0,23326.0,False
ORD-02898,2024-05-23 11:00:00,BUY-0135,retail,Pepaya,1,10432.0,10163.0,False
ORD-00798,2024-05-23 21:00:00,BUY-0137,reseller,Pisang,10,15853.0,147833.0,False
ORD-01683,2024-05-23 21:00:00,BUY-0090,retail,Jeruk,1,22346.0,21716.0,False
ORD-03020,2024-05-24 09:00:00,BUY-0036,retail,Nanas,2,13012.0,24324.0,False
ORD-00657,2024-05-24 09:00:00,BUY-0144,retail,Pepaya,4,10476.0,39063.0,False
ORD-02098,2024-05-24 10:00:00,BUY-0091,retail,Pisang,3,16663.0,48878.0,False
ORD-03338,2024-05-24 14:00:00,BUY-0102,retail,Pepaya,3,10374.0,29921.0,False
ORD-01893,2024-05-24 15:00:00,BUY-0127,retail,Pisang,1,17136.0,16015.0,False
ORD-01526,2024-05-24 17:00:00,BUY-0023,reseller,Nanas,36,11888.0,410716.0,False
ORD-01469,2024-05-24 18:00:00,BUY-0122,retail,Semangka,3,9708.0,27749.0,False
ORD-04084,2024-05-25 02:00:00,BUY-0080,retail,Mangga,194,24235.0,238623.0,True
ORD-00186,2024-05-25 02:00:00,BUY-0084,retail,Pepaya,90,9669.0,68632.0,True
ORD-01964,2024-05-25 03:00:00,BUY-0007,retail,Pepaya,120,9979.0,35358.0,True
ORD-02136,2024-05-25 08:00:00,BUY-0051,retail,Mangga,3,26079.0,77996.0,False
ORD-03656,2024-05-25 11:00:00,BUY-0007,retail,Pepaya,2,10426.0,19675.0,False
ORD-03904,2024-05-25 11:00:00,BUY-0061,retail,Semangka,1,10051.0,9306.0,False
ORD-00304,2024-05-25 14:00:00,BUY-0089,retail,Mangga,2,24692.0,45564.0,False
ORD-04121,2024-05-26 09:00:00,BUY-0022,retail,Jeruk,4,22472.0,85391.0,False
ORD-00640,2024-05-26 10:00:00,BUY-0068,retail,Anggur,3,54861.0,151650.0,False
ORD-03309,2024-05-26 11:00:00,BUY-0093,retail,Mangga,1,24306.0,22558.0,False
ORD-01024,2024-05-26 15:00:00,BUY-0007,retail,Anggur,3,53680.0,151406.0,False
ORD-03473,2024-05-26 16:00:00,BUY-0129,retail,Nanas,3,12206.0,34269.0,False
ORD-04064,2024-05-26 18:00:00,BUY-0135,retail,Nanas,1,12682.0,12009.0,False
ORD-02950,2024-05-26 19:00:00,BUY-0032,reseller,Pepaya,36,10286.0,344153.0,False
ORD-03010,2024-05-26 21:00:00,BUY-0141,retail,Mangga,4,24735.0,97392.0,False
ORD-02905,2024-05-26 21:00:00,BUY-0027,retail,Semangka,2,9760.0,17608.0,False
ORD-03813,2024-05-26 21:00:00,BUY-0087,retail,Semangka,1,9741.0,9624.0,False
ORD-02990,2024-05-27 11:00:00,BUY-0003,reseller,Apel,36,32315.0,1142664.0,False
ORD-02529,2024-05-27 16:00:00,BUY-0111,retail,Pepaya,4,10466.0,39440.0,False
ORD-01933,2024-05-27 18:00:00,BUY-0088,retail,Apel,2,31146.0,59372.0,False
ORD-02833,2024-05-27 19:00:00,BUY-0019,reseller,Apel,21,33865.0,692132.0,False
ORD-03920,2024-05-27 20:00:00,BUY-0087,retail,Nanas,4,12066.0,44167.0,False
ORD-00518,2024-05-28 08:00:00,BUY-0013,retail,Jeruk,1,21438.0,19519.0,False
ORD-03758,2024-05-28 11:00:00,BUY-0136,retail,Anggur,1,54055.0,52327.0,False
ORD-03373,2024-05-28 11:00:00,BUY-0017,retail,Mangga,2,25152.0,48765.0,False
ORD-03526,2024-05-28 12:00:00,BUY-0081,retail,Mangga,1,24476.0,22984.0,False
ORD-02665,2024-05-28 13:00:00,BUY-0029,retail,Apel,1,33720.0,30903.0,False
ORD-03151,2024-05-28 20:00:00,BUY-0139,retail,Pisang,1,17033.0,15812.0,False
ORD-04041,2024-05-29 00:00:00,BUY-0044,retail,Mangga,149,25899.0,264429.0,True
ORD-03466,2024-05-29 13:00:00,BUY-0129,retail,Pisang,1,17164.0,16943.0,False
ORD-00455,2024-05-29 15:00:00,BUY-0060,retail,Apel,1,32852.0,30761.0,False
ORD-03012,2024-05-29 20:00:00,BUY-0134,retail,Semangka,4,10294.0,39266.0,False
ORD-04065,2024-05-30 11:00:00,BUY-0028,retail,Pisang,3,15849.0,42926.0,False
ORD-01398,2024-05-30 14:00:00,BUY-0050,retail,Jeruk,3,22703.0,65377.0,False
ORD-01400,2024-05-30 16:00:00,BUY-0117,retail,Pisang,4,16639.0,61115.0,False
ORD-02596,2024-05-30 17:00:00,BUY-0013,retail,Nanas,1,12762.0,12266.0,False
ORD-02029,2024-05-30 18:00:00,BUY-0062,retail,Pepaya,3,9689.0,27449.0,False
ORD-03109,2024-05-31 13:00:00,BUY-0085,retail,Apel,1,32166.0,31936.0,False
ORD-00051,2024-05-31 15:00:00,BUY-0073,reseller,Anggur,11,53139.0,555466.0,False
ORD-01455,2024-05-31 15:00:00,BUY-0033,retail,Apel,4,31064.0,112544.0,False
ORD-00761,2024-05-31 16:00:00,BUY-0108,retail,Jeruk,3,23458.0,67276.0,False
ORD-03667,2024-05-31 16:00:00,BUY-0117,retail,Semangka,4,10494.0,41861.0,False
ORD-03307,2024-05-31 16:00:00,BUY-0076,retail,Apel,3,32416.0,95688.0,False
ORD-01489,2024-05-31 19:00:00,BUY-0013,retail,Anggur,4,54994.0,217941.0,False
ORD-01656,2024-05-31 20:00:00,BUY-0120,retail,Semangka,1,10285.0,10236.0,False
ORD-02005,2024-06-01 04:00:00,BUY-0060,retail,Anggur,70,53575.0,132279.0,True
ORD-00081,2024-06-01 08:00:00,BUY-0081,retail,Pepaya,4,9620.0,35919.0,False
ORD-02122,2024-06-01 13:00:00,BUY-0129,retail,Anggur,1,51029.0,48141.0,False
ORD-02221,2024-06-01 13:00:00,BUY-0104,reseller,Pepaya,13,9754.0,126634.0,False
ORD-01387,2024-06-01 17:00:00,BUY-0144,retail,Nanas,3,11931.0,32401.0,False
ORD-03035,2024-06-02 08:00:00,BUY-0038,retail,Apel,4,33469.0,124739.0,False
ORD-00195,2024-06-02 10:00:00,BUY-0143,reseller,Anggur,39,53377.0,1978752.0,False
ORD-01127,2024-06-02 11:00:00,BUY-0150,retail,Nanas,2,13107.0,25844.0,False
ORD-03356,2024-06-02 13:00:00,BUY-0105,retail,Pisang,3,15926.0,46271.0,False
ORD-03525,2024-06-02 14:00:00,BUY-0123,retail,Jeruk,1,23285.0,22710.0,False
ORD-00881,2024-06-02 14:00:00,BUY-0111,retail,Pisang,2,16412.0,32022.0,False
ORD-01641,2024-06-02 15:00:00,BUY-0022,retail,Mangga,1,24718.0,22482.0,False
ORD-03768,2024-06-02 16:00:00,BUY-0021,retail,Pepaya,2,10221.0,19299.0,False
ORD-02048,2024-06-03 10:00:00,BUY-0116,reseller,Semangka,36,9971.0,328181.0,False
ORD-01313,2024-06-03 10:00:00,BUY-0005,retail,Pepaya,4,10162.0,39819.0,False
ORD-04144,2024-06-03 11:00:00,BUY-0095,retail,Pepaya,4,9915.0,37417.0,False
ORD-00309,2024-06-03 14:00:00,BUY-0009,retail,Nanas,2,13042.0,25094.0,False
ORD-03558,2024-06-03 16:00:00,BUY-0093,retail,Pepaya,4,10153.0,37459.0,False
ORD-03237,2024-06-03 18:00:00,BUY-0084,retail,Semangka,3,9637.0,26227.0,False
ORD-02158,2024-06-03 18:00:00,BUY-0086,retail,Apel,3,32903.0,96595.0,False
ORD-00042,2024-06-04 13:00:00,BUY-0120,retail,Apel,4,32965.0,127284.0,False
ORD-03352,2024-06-04 13:00:00,BUY-0015,retail,Apel,2,31963.0,60041.0,False
ORD-01411,2024-06-04 14:00:00,BUY-0146,retail,Semangka,1,9987.0,9640.0,False
ORD-03716,2024-06-05 10:00:00,BUY-0137,reseller,Mangga,28,24783.0,681856.0,False
ORD-03713,2024-06-05 11:00:00,BUY-0043,retail,Semangka,2,10106.0,18497.0,False
ORD-04135,2024-06-05 18:00:00,BUY-0061,retail,Nanas,4,12050.0,47913.0,False
ORD-04076,2024-06-06 01:00:00,BUY-0007,retail,Semangka,126,10211.0,95773.0,True
ORD-00123,2024-06-06 11:00:00,BUY-0045,reseller,Pepaya,19,9544.0,163397.0,False
ORD-00462,2024-06-06 16:00:00,BUY-0148,retail,Semangka,3,10043.0,30058.0,False
ORD-00189,2024-06-07 09:00:00,BUY-0113,retail,Anggur,2,50627.0,97872.0,False
ORD-03725,2024-06-07 15:00:00,BUY-0080,retail,Anggur,3,54557.0,155104.0,False
ORD-03663,2024-06-07 17:00:00,BUY-0147,retail,Anggur,4,51728.0,188664.0,False
ORD-01896,2024-06-07 19:00:00,BUY-0110,reseller,Semangka,29,9646.0,268271.0,False
ORD-03461,2024-06-07 21:00:00,BUY-0074,retail,Anggur,3,53195.0,145683.0,False
ORD-03113,2024-06-08 01:00:00,BUY-0044,retail,Pisang,113,16161.0,133476.0,True
ORD-01018,2024-06-08 14:00:00,BUY-0026,retail,Mangga,3,25894.0,73004.0,False
ORD-01655,2024-06-08 17:00:00,BUY-0150,retail,Mangga,4,25687.0,99689.0,False
ORD-00581,2024-06-08 17:00:00,BUY-0148,retail,Apel,4,32818.0,130003.0,False
ORD-01951,2024-06-08 18:00:00,BUY-0038,retail,Semangka,2,10413.0,19926.0,False
ORD-01712,2024-06-08 18:00:00,BUY-0070,retail,Semangka,4,10245.0,40047.0,False
ORD-00283,2024-06-09 08:00:00,BUY-0003,reseller,Jeruk,38,22098.0,801478.0,False
ORD-00941,2024-06-09 13:00:00,BUY-0078,retail,Apel,4,33539.0,131669.0,False
ORD-02526,2024-06-09 19:00:00,BUY-0130,retail,Anggur,4,50160.0,192335.0,False
ORD-02432,2024-06-09 20:00:00,BUY-0113,retail,Nanas,3,11924.0,33426.0,False
ORD-01048,2024-06-09 20:00:00,BUY-0088,retail,Pepaya,3,10145.0,27820.0,False
ORD-01140,2024-06-09 21:00:00,BUY-0077,retail,Mangga,1,25063.0,24247.0,False
ORD-00323,2024-06-10 11:00:00,BUY-0026,retail,Anggur,2,51165.0,98010.0,False
ORD-02810,2024-06-10 15:00:00,BUY-0019,reseller,Pepaya,28,9709.0,259619.0,False
ORD-02126,2024-06-10 18:00:00,BUY-0150,retail,Semangka,2,9628.0,19057.0,False
ORD-02687,2024-06-10 18:00:00,BUY-0119,retail,Pisang,4,16255.0,60305.0,False
ORD-03051,2024-06-10 19:00:00,BUY-0134,retail,Pisang,4,16370.0,59756.0,False
ORD-00018,2024-06-10 19:00:00,BUY-0098,retail,Pepaya,3,10264.0,30131.0,False
ORD-03666,2024-06-10 21:00:00,BUY-0137,reseller,Jeruk,12,22950.0,249908.0,False
ORD-02635,2024-06-11 08:00:00,BUY-0002,retail,Pepaya,2,9846.0,18998.0,False
ORD-01532,2024-06-11 10:00:00,BUY-0014,reseller,Apel,34,32697.0,1042307.0,False
ORD-00662,2024-06-11 10:00:00,BUY-0148,retail,Semangka,3,9851.0,27787.0,False
ORD-03924,2024-06-11 16:00:00,BUY-0056,retail,Semangka,2,10260.0,19380.0,False
ORD-00307,2024-06-11 17:00:00,BUY-0002,retail,Pisang,2,16498.0,31283.0,False
ORD-02457,2024-06-11 19:00:00,BUY-0046,reseller,Pisang,13,15849.0,190061.0,False
ORD-04118,2024-06-11 19:00:00,BUY-0147,retail,Mangga,4,25611.0,98395.0,False
ORD-01672,2024-06-12 12:00:00,BUY-0015,retail,Apel,2,32429.0,63226.0,False
ORD-00769,2024-06-12 21:00:00,BUY-0081,retail,Pepaya,3,9826.0,28086.0,False
ORD-03227,2024-06-13 10:00:00,BUY-0127,retail,Jeruk,1,22807.0,22106.0,False
ORD-00086,2024-06-13 13:00:00,BUY-0075,retail,Mangga,2,24688.0,45190.0,False
ORD-03854,2024-06-13 15:00:00,BUY-0033,retail,Mangga,2,24948.0,46127.0,False
ORD-00671,2024-06-13 16:00:00,BUY-0095,retail,Apel,4,32794.0,121083.0,False
ORD-02356,2024-06-13 20:00:00,BUY-0002,retail,Pisang,3,16702.0,45367.0,False
ORD-03183,2024-06-14 10:00:00,BUY-0004,retail,Apel,4,31545.0,120682.0,False
ORD-00702,2024-06-14 10:00:00,BUY-0016,retail,Mangga,2,23989.0,47781.0,False
ORD-00007,2024-06-14 12:00:00,BUY-0051,retail,Nanas,3,12236.0,34152.0,False
ORD-01708,2024-06-14 12:00:00,BUY-0046,reseller,Jeruk,31,22809.0,683629.0,False
ORD-02981,2024-06-14 13:00:00,BUY-0025,retail,Mangga,3,24693.0,66976.0,False
ORD-02642,2024-06-14 14:00:00,BUY-0044,retail,Mangga,3,25310.0,70570.0,False
ORD-00584,2024-06-14 16:00:00,BUY-0113,retail,Pepaya,1,9867.0,9455.0,False
ORD-02818,2024-06-14 17:00:00,BUY-0053,retail,Pisang,1,16957.0,15704.0,False
ORD-00315,2024-06-14 17:00:00,BUY-0125,retail,Mangga,1,24265.0,23891.0,False
ORD-00154,2024-06-14 17:00:00,BUY-0006,reseller,Semangka,33,10005.0,310912.0,False
ORD-02572,2024-06-14 17:00:00,BUY-0150,retail,Mangga,4,25672.0,97542.0,False
ORD-03599,2024-06-14 20:00:00,BUY-0135,retail,Apel,1,33258.0,31512.0,False
ORD-03650,2024-06-15 08:00:00,BUY-0039,retail,Pepaya,1,9565.0,9473.0,False
ORD-03951,2024-06-15 12:00:00,BUY-0144,retail,Pepaya,3,9827.0,27639.0,False
ORD-03685,2024-06-15 16:00:00,BUY-0083,reseller,Anggur,10,52992.0,481133.0,False
ORD-03552,2024-06-16 02:00:00,BUY-0055,retail,Mangga,78,25667.0,79838.0,True
ORD-02843,2024-06-17 11:00:00,BUY-0040,retail,Nanas,4,11957.0,43153.0,False
ORD-02374,2024-06-17 13:00:00,BUY-0092,retail,Pepaya,3,10061.0,29280.0,False
ORD-04098,2024-06-17 15:00:00,BUY-0019,reseller,Pepaya,23,9574.0,209716.0,False
ORD-01410,2024-06-17 15:00:00,BUY-0110,reseller,Anggur,13,54916.0,659897.0,False
ORD-02400,2024-06-17 18:00:00,BUY-0033,retail,Apel,1,31616.0,29636.0,False
ORD-03289,2024-06-17 20:00:00,BUY-0071,retail,Apel,4,32698.0,128418.0,False
ORD-03279,2024-06-18 09:00:00,BUY-0141,retail,Mangga,1,23895.0,23371.0,False
ORD-00006,2024-06-18 11:00:00,BUY-0093,retail,Pisang,1,16903.0,16585.0,False
ORD-03423,2024-06-18 14:00:00,BUY-0120,retail,Pepaya,4,9542.0,36011.0,False
ORD-00278,2024-06-18 15:00:00,BUY-0020,retail,Jeruk,2,22625.0,44900.0,False
ORD-01477,2024-06-19 09:00:00,BUY-0122,retail,Jeruk,1,21553.0,20799.0,False
ORD-02170,2024-06-19 12:00:00,BUY-0013,retail,Jeruk,1,22072.0,21886.0,False
ORD-00784,2024-06-19 17:00:00,BUY-0074,retail,Pepaya,3,9642.0,27881.0,False
ORD-02100,2024-06-20 12:00:00,BUY-0063,retail,Apel,4,31836.0,124350.0,False
ORD-02197,2024-06-20 14:00:00,BUY-0144,retail,Mangga,3,25091.0,72930.0,False
ORD-03715,2024-06-20 14:00:00,BUY-0019,reseller,Semangka,28,9513.0,249855.0,False
ORD-01842,2024-06-20 16:00:00,BUY-0055,retail,Apel,2,32687.0,60352.0,False
ORD-02437,2024-06-20 17:00:00,BUY-0098,retail,Semangka,4,9920.0,36392.0,False
ORD-02632,2024-06-20 18:00:00,BUY-0135,retail,Pisang,2,16683.0,30612.0,False
ORD-04047,2024-06-20 19:00:00,BUY-0058,retail,Semangka,4,10387.0,40516.0,False
ORD-02376,2024-06-20 21:00:00,BUY-0094,retail,Pisang,2,15785.0,30930.0,False
ORD-02090,2024-06-21 08:00:00,BUY-0067,retail,Nanas,2,12163.0,23766.0,False
ORD-01172,2024-06-21 09:00:00,BUY-0145,retail,Mangga,1,25077.0,25034.0,False
ORD-03871,2024-06-21 11:00:00,BUY-0108,retail,Jeruk,1,21673.0,20936.0,False
ORD-01768,2024-06-21 19:00:00,BUY-0050,retail,Nanas,4,12333.0,46106.0,False
ORD-03419,2024-06-22 08:00:00,BUY-0076,retail,Mangga,1,23790.0,22227.0,False
ORD-00078,2024-06-22 09:00:00,BUY-0062,retail,Anggur,1,52284.0,47585.0,False
ORD-02327,2024-06-22 10:00:00,BUY-0148,retail,Jeruk,2,21754.0,40830.0,False
ORD-00049,2024-06-22 12:00:00,BUY-0048,retail,Anggur,4,53369.0,198118.0,False
ORD-00254,2024-06-22 15:00:00,BUY-0020,retail,Apel,2,32721.0,64416.0,False
ORD-03157,2024-06-22 16:00:00,BUY-0085,retail,Mangga,1,25417.0,24247.0,False
ORD-02838,2024-06-22 19:00:00,BUY-0070,retail,Apel,2,32466.0,59085.0,False
ORD-03019,2024-06-22 21:00:00,BUY-0038,retail,Anggur,3,50604.0,142029.0,False
ORD-01430,2024-06-23 10:00:00,BUY-0131,retail,Nanas,1,12397.0,11208.0,False
ORD-03054,2024-06-23 11:00:00,BUY-0067,retail,Mangga,4,26172.0,97596.0,False
ORD-02903,2024-06-23 15:00:00,BUY-0009,retail,Anggur,2,50744.0,99962.0,False
ORD-01011,2024-06-23 15:00:00,BUY-0117,retail,Apel,3,32284.0,95839.0,False
ORD-02953,2024-06-23 19:00:00,BUY-0018,retail,Pepaya,4,9646.0,36663.0,False
ORD-00591,2024-06-23 20:00:00,BUY-0016,retail,Anggur,1,50939.0,47078.0,False
ORD-00118,2024-06-24 10:00:00,BUY-0074,retail,Anggur,1,54925.0,53465.0,False
ORD-03919,2024-06-24 12:00:00,BUY-0017,retail,Jeruk,3,21875.0,61485.0,False
ORD-01830,2024-06-24 14:00:00,BUY-0054,retail,Nanas,1,12341.0,11397.0,False
ORD-03986,2024-06-24 19:00:00,BUY-0037,retail,Anggur,1,55069.0,54451.0,False
ORD-03636,2024-06-25 11:00:00,BUY-0038,retail,Pepaya,3,9930.0,27116.0,False
ORD-03310,2024-06-25 12:00:00,BUY-0144,retail,Anggur,3,50369.0,146645.0,False
ORD-00253,2024-06-25 13:00:00,BUY-0042,reseller,Pisang,25,16331.0,391832.0,False
ORD-01243,2024-06-25 14:00:00,BUY-0088,retail,Semangka,3,10447.0,30580.0,False
ORD-02236,2024-06-25 19:00:00,BUY-0139,retail,Anggur,2,54713.0,99655.0,False
ORD-03939,2024-06-26 09:00:00,BUY-0137,reseller,Pepaya,13,10421.0,132650.0,False
ORD-01879,2024-06-26 10:00:00,BUY-0059,retail,Anggur,3,50033.0,137690.0,False
ORD-00635,2024-06-26 14:00:00,BUY-0031,retail,Anggur,2,52397.0,100481.0,False
ORD-01679,2024-06-26 17:00:00,BUY-0022,retail,Semangka,4,9984.0,38137.0,False
ORD-02321,2024-06-27 09:00:00,BUY-0009,retail,Anggur,3,50782.0,141878.0,False
ORD-02507,2024-06-27 09:00:00,BUY-0026,retail,Apel,3,31384.0,86346.0,False
ORD-01121,2024-06-27 12:00:00,BUY-0058,retail,Jeruk,2,22055.0,39962.0,False
ORD-01550,2024-06-27 16:00:00,BUY-0008,retail,Anggur,1,54400.0,52923.0,False
ORD-02648,2024-06-27 16:00:00,BUY-0017,retail,Anggur,1,52797.0,51576.0,False
ORD-02603,2024-06-27 18:00:00,BUY-0089,retail,Pisang,3,15709.0,45928.0,False
ORD-01871,2024-06-27 18:00:00,BUY-0085,retail,Pisang,2,16848.0,30865.0,False
ORD-03578,2024-06-27 18:00:00,BUY-0145,retail,Apel,4,33134.0,126084.0,False
ORD-02767,2024-06-27 18:00:00,BUY-0092,retail,Apel,3,31386.0,86317.0,False
ORD-00997,2024-06-28 09:00:00,BUY-0146,retail,Pisang,4,15773.0,61484.0,False
ORD-02520,2024-06-28 09:00:00,BUY-0025,retail,Apel,3,33124.0,96636.0,False
ORD-03221,2024-06-28 11:00:00,BUY-0142,retail,Anggur,2,52503.0,104058.0,False
ORD-03880,2024-06-28 14:00:00,BUY-0018,retail,Mangga,2,25908.0,50140.0,False
ORD-03833,2024-06-28 18:00:00,BUY-0107,retail,Apel,3,33356.0,99582.0,False
ORD-03660,2024-06-28 21:00:00,BUY-0011,retail,Apel,3,33660.0,97613.0,False
ORD-01794,2024-06-29 08:00:00,BUY-0053,retail,Semangka,4,10478.0,41385.0,False
ORD-03692,2024-06-29 09:00:00,BUY-0097,retail,Pisang,4,15725.0,59765.0,False
ORD-00780,2024-06-29 11:00:00,BUY-0108,retail,Nanas,4,12129.0,45962.0,False
ORD-03824,2024-06-29 14:00:00,BUY-0037,retail,Semangka,1,9656.0,9391.0,False
ORD-03329,2024-06-29 14:00:00,BUY-0130,retail,Anggur,2,54475.0,106812.0,False
ORD-03751,2024-06-29 16:00:00,BUY-0135,retail,Anggur,3,55084.0,154296.0,False
ORD-01973,2024-06-29 16:00:00,BUY-0112,retail,Jeruk,1,21581.0,20606.0,False
ORD-01509,2024-06-30 04:00:00,BUY-0127,retail,Jeruk,83,22390.0,73903.0,True
ORD-03344,2024-06-30 12:00:00,BUY-0010,retail,Pepaya,2,9521.0,17237.0,False
ORD-02689,2024-06-30 13:00:00,BUY-0037,retail,Mangga,2,24782.0,46777.0,False
ORD-01271,2024-06-30 13:00:00,BUY-0004,retail,Apel,1,31043.0,31033.0,False
ORD-00602,2024-06-30 18:00:00,BUY-0076,retail,Anggur,3,55122.0,155724.0,False
ORD-02204,2024-06-30 20:00:00,BUY-0068,retail,Anggur,4,55009.0,211621.0,False
ORD-01592,2024-06-30 20:00:00,BUY-0035,retail,Pepaya,3,9757.0,27456.0,False
ORD-00067,2024-06-30 21:00:00,BUY-0129,retail,Apel,2,31631.0,59915.0,False
ORD-03122,2024-06-30 21:00:00,BUY-0021,retail,Pisang,2,16869.0,31046.0,False
ORD-03368,2024-07-01 00:00:00,BUY-0107,retail,Apel,132,31716.0,287426.0,True
ORD-02668,2024-07-01 10:00:00,BUY-0036,retail,Nanas,3,12088.0,34762.0,False
ORD-00321,2024-07-01 10:00:00,BUY-0030,retail,Nanas,2,12945.0,24518.0,False
ORD-03189,2024-07-01 14:00:00,BUY-0018,retail,Anggur,2,50441.0,99852.0,False
ORD-02271,2024-07-01 14:00:00,BUY-0082,retail,Anggur,3,54180.0,160413.0,False
ORD-04077,2024-07-01 15:00:00,BUY-0146,retail,Pisang,2,16282.0,29941.0,False
ORD-00247,2024-07-01 16:00:00,BUY-0108,retail,Mangga,2,25986.0,49673.0,False
ORD-02772,2024-07-01 16:00:00,BUY-0067,retail,Pepaya,2,10281.0,19857.0,False
ORD-02290,2024-07-01 21:00:00,BUY-0001,retail,Semangka,3,10108.0,27767.0,False
ORD-04114,2024-07-02 10:00:00,BUY-0148,retail,Jeruk,3,23302.0,67508.0,False
ORD-01782,2024-07-02 13:00:00,BUY-0005,retail,Pisang,3,16575.0,48552.0,False
ORD-00849,2024-07-02 18:00:00,BUY-0018,retail,Apel,2,33185.0,63689.0,False
ORD-03845,2024-07-03 09:00:00,BUY-0006,reseller,Jeruk,34,22931.0,708863.0,False
ORD-02020,2024-07-03 10:00:00,BUY-0093,retail,Pisang,3,15793.0,45241.0,False
ORD-03990,2024-07-03 12:00:00,BUY-0072,retail,Anggur,4,52623.0,210476.0,False
ORD-00439,2024-07-04 08:00:00,BUY-0054,retail,Semangka,1,10424.0,9801.0,False
ORD-01305,2024-07-04 10:00:00,BUY-0115,retail,Mangga,3,24522.0,73137.0,False
ORD-00993,2024-07-04 11:00:00,BUY-0006,reseller,Apel,37,31794.0,1081666.0,False
ORD-02969,2024-07-04 18:00:00,BUY-0094,retail,Jeruk,1,23495.0,22523.0,False
ORD-03444,2024-07-04 20:00:00,BUY-0050,retail,Anggur,1,50352.0,46141.0,False
ORD-00565,2024-07-04 21:00:00,BUY-0079,retail,Pisang,1,16931.0,16309.0,False
ORD-00470,2024-07-05 04:00:00,BUY-0059,retail,Anggur,71,50926.0,132788.0,True
ORD-00242,2024-07-05 09:00:00,BUY-0029,retail,Mangga,1,25874.0,23964.0,False
ORD-03842,2024-07-05 09:00:00,BUY-0006,reseller,Mangga,29,26122.0,727602.0,False
ORD-03992,2024-07-05 12:00:00,BUY-0029,retail,Mangga,4,24467.0,95824.0,False
ORD-01472,2024-07-05 13:00:00,BUY-0032,reseller,Anggur,27,50690.0,1294226.0,False
ORD-03612,2024-07-05 15:00:00,BUY-0094,retail,Semangka,4,9563.0,36580.0,False
ORD-00642,2024-07-05 16:00:00,BUY-0069,retail,Anggur,3,50304.0,137441.0,False
ORD-02246,2024-07-05 16:00:00,BUY-0118,retail,Apel,3,33810.0,93630.0,False
ORD-02145,2024-07-05 16:00:00,BUY-0089,retail,Mangga,3,25518.0,69253.0,False
ORD-02828,2024-07-05 19:00:00,BUY-0046,reseller,Mangga,20,24651.0,479765.0,False
ORD-04012,2024-07-05 19:00:00,BUY-0110,reseller,Pepaya,26,9675.0,232861.0,False
ORD-01365,2024-07-05 21:00:00,BUY-0005,retail,Mangga,1,23833.0,22877.0,False
ORD-00902,2024-07-05 21:00:00,BUY-0054,retail,Apel,1,32731.0,32709.0,False
ORD-01036,2024-07-06 11:00:00,BUY-0131,retail,Anggur,1,52545.0,49456.0,False
ORD-01980,2024-07-06 12:00:00,BUY-0004,retail,Mangga,1,25118.0,23978.0,False
ORD-03516,2024-07-06 17:00:00,BUY-0099,retail,Pepaya,1,9535.0,8774.0,False
ORD-00486,2024-07-06 17:00:00,BUY-0003,reseller,Anggur,21,50481.0,1034853.0,False
ORD-04000,2024-07-06 17:00:00,BUY-0144,retail,Semangka,3,10076.0,28883.0,False
ORD-02105,2024-07-06 18:00:00,BUY-0001,retail,Pepaya,4,9619.0,35208.0,False
ORD-03938,2024-07-07 10:00:00,BUY-0097,retail,Jeruk,3,21757.0,60693.0,False
ORD-01263,2024-07-07 10:00:00,BUY-0074,retail,Pepaya,4,10244.0,40967.0,False
ORD-01332,2024-07-07 11:00:00,BUY-0134,retail,Pepaya,3,10290.0,28862.0,False
ORD-03615,2024-07-07 13:00:00,BUY-0011,retail,Pisang,2,16796.0,31671.0,False
ORD-03230,2024-07-07 16:00:00,BUY-0013,retail,Jeruk,3,22561.0,64482.0,False
ORD-02821,2024-07-07 17:00:00,BUY-0041,retail,Semangka,2,9855.0,17975.0,False
ORD-02107,2024-07-07 18:00:00,BUY-0120,retail,Apel,1,33827.0,31126.0,False
ORD-03605,2024-07-07 19:00:00,BUY-0069,retail,Pepaya,1,10182.0,9863.0,False
ORD-02092,2024-07-08 09:00:00,BUY-0084,retail,Mangga,2,24222.0,45888.0,False
ORD-02968,2024-07-08 10:00:00,BUY-0083,reseller,Apel,23,33334.0,737968.0,False
ORD-03825,2024-07-08 11:00:00,BUY-0027,retail,Pepaya,2,10140.0,18266.0,False
ORD-03859,2024-07-08 12:00:00,BUY-0016,retail,Mangga,3,25984.0,70802.0,False
ORD-03376,2024-07-08 20:00:00,BUY-0028,retail,Pisang,2,15748.0,29131.0,False
ORD-00268,2024-07-09 08:00:00,BUY-0147,retail,Anggur,2,54496.0,101918.0,False
ORD-02778,2024-07-09 16:00:00,BUY-0092,retail,Pisang,3,17281.0,50870.0,False
ORD-01979,2024-07-09 17:00:00,BUY-0095,retail,Apel,4,33537.0,123307.0,False
ORD-03918,2024-07-09 19:00:00,BUY-0110,reseller,Mangga,19,26081.0,449210.0,False
ORD-04087,2024-07-10 10:00:00,BUY-0137,reseller,Apel,13,31275.0,391337.0,False
ORD-01835,2024-07-10 12:00:00,BUY-0050,retail,Mangga,1,25055.0,24060.0,False
ORD-03103,2024-07-10 12:00:00,BUY-0096,retail,Nanas,4,12192.0,44936.0,False
ORD-02607,2024-07-10 18:00:00,BUY-0018,retail,Mangga,1,25864.0,23703.0,False
ORD-02384,2024-07-10 19:00:00,BUY-0033,retail,Semangka,4,10388.0,38138.0,False
ORD-03577,2024-07-10 20:00:00,BUY-0077,retail,Pisang,1,16039.0,15684.0,False
ORD-00282,2024-07-11 08:00:00,BUY-0112,retail,Nanas,3,12921.0,35398.0,False
ORD-03874,2024-07-11 10:00:00,BUY-0129,retail,Pepaya,3,10145.0,29135.0,False
ORD-02567,2024-07-11 14:00:00,BUY-0061,retail,Pepaya,2,9980.0,18244.0,False
ORD-02707,2024-07-11 14:00:00,BUY-0133,retail,Pisang,3,15897.0,46813.0,False
ORD-01831,2024-07-11 15:00:00,BUY-0132,reseller,Pisang,19,16680.0,286790.0,False
ORD-00603,2024-07-11 16:00:00,BUY-0021,retail,Jeruk,4,22757.0,82135.0,False
ORD-03762,2024-07-11 18:00:00,BUY-0129,retail,Nanas,3,12249.0,36522.0,False
ORD-03200,2024-07-11 20:00:00,BUY-0123,retail,Pisang,4,16814.0,61590.0,False
ORD-03341,2024-07-12 08:00:00,BUY-0016,retail,Pepaya,2,9509.0,17338.0,False
ORD-02734,2024-07-12 08:00:00,BUY-0098,retail,Jeruk,3,22061.0,61414.0,False
ORD-00935,2024-07-12 09:00:00,BUY-0022,retail,Apel,4,33660.0,124346.0,False
ORD-00746,2024-07-12 11:00:00,BUY-0025,retail,Anggur,3,54803.0,158448.0,False
ORD-02037,2024-07-12 12:00:00,BUY-0137,reseller,Pisang,32,16342.0,493263.0,False
ORD-01433,2024-07-12 13:00:00,BUY-0082,retail,Pepaya,1,10168.0,9533.0,False
ORD-02433,2024-07-12 16:00:00,BUY-0123,retail,Pepaya,2,10108.0,20065.0,False
ORD-02762,2024-07-12 21:00:00,BUY-0045,reseller,Anggur,27,52230.0,1373212.0,False
ORD-01925,2024-07-13 08:00:00,BUY-0051,retail,Jeruk,2,23504.0,42991.0,False
ORD-01185,2024-07-13 14:00:00,BUY-0100,reseller,Apel,13,32090.0,416651.0,False
ORD-02368,2024-07-13 17:00:00,BUY-0091,retail,Mangga,2,24238.0,43884.0,False
ORD-03946,2024-07-14 14:00:00,BUY-0146,retail,Anggur,3,52041.0,143140.0,False
ORD-02667,2024-07-14 18:00:00,BUY-0090,retail,Jeruk,4,23050.0,83468.0,False
ORD-03477,2024-07-15 17:00:00,BUY-0105,retail,Pisang,4,16607.0,61312.0,False
ORD-03464,2024-07-15 21:00:00,BUY-0127,retail,Pisang,1,16475.0,16466.0,False
ORD-03934,2024-07-16 08:00:00,BUY-0087,retail,Jeruk,1,21774.0,20499.0,False
ORD-00425,2024-07-16 08:00:00,BUY-0029,retail,Anggur,3,50449.0,136279.0,False
ORD-04048,2024-07-16 08:00:00,BUY-0120,retail,Nanas,2,12265.0,23861.0,False
ORD-03091,2024-07-16 11:00:00,BUY-0013,retail,Jeruk,3,22815.0,64066.0,False
ORD-01762,2024-07-16 13:00:00,BUY-0060,retail,Semangka,2,10264.0,18477.0,False
ORD-00198,2024-07-16 15:00:00,BUY-0017,retail,Pepaya,1,10176.0,9698.0,False
ORD-01290,2024-07-16 17:00:00,BUY-0010,retail,Pisang,4,17225.0,64571.0,False
ORD-02731,2024-07-16 17:00:00,BUY-0050,retail,Semangka,4,10063.0,38969.0,False
ORD-02784,2024-07-17 11:00:00,BUY-0093,retail,Pisang,4,16922.0,63145.0,False
ORD-01384,2024-07-17 11:00:00,BUY-0139,retail,Anggur,4,52495.0,202853.0,False
ORD-03119,2024-07-17 12:00:00,BUY-0059,retail,Jeruk,4,22253.0,82473.0,False
ORD-03948,2024-07-17 19:00:00,BUY-0117,retail,Pepaya,4,10269.0,39792.0,False
ORD-00022,2024-07-17 20:00:00,BUY-0055,retail,Pisang,1,16048.0,15654.0,False
ORD-00441,2024-07-18 08:00:00,BUY-0057,retail,Pepaya,3,9719.0,26714.0,False
ORD-01515,2024-07-18 12:00:00,BUY-0101,reseller,Semangka,24,10263.0,236979.0,False
ORD-03888,2024-07-18 13:00:00,BUY-0006,reseller,Semangka,18,9589.0,161103.0,False
ORD-02050,2024-07-18 13:00:00,BUY-0077,retail,Pepaya,1,9655.0,9150.0,False
ORD-00168,2024-07-18 15:00:00,BUY-0086,retail,Anggur,3,51981.0,155790.0,False
ORD-02257,2024-07-18 16:00:00,BUY-0086,retail,Semangka,1,9592.0,9384.0,False
ORD-02152,2024-07-18 18:00:00,BUY-0104,reseller,Mangga,13,24286.0,314522.0,False
ORD-02917,2024-07-18 19:00:00,BUY-0077,retail,Apel,3,31728.0,88682.0,False
ORD-03718,2024-07-18 21:00:00,BUY-0021,retail,Apel,4,33245.0,131526.0,False
ORD-02521,2024-07-19 09:00:00,BUY-0043,retail,Jeruk,1,23205.0,22738.0,False
ORD-01504,2024-07-19 09:00:00,BUY-0113,retail,Pisang,1,16304.0,15252.0,False
ORD-00053,2024-07-19 11:00:00,BUY-0083,reseller,Mangga,10,23800.0,235791.0,False
ORD-01117,2024-07-19 12:00:00,BUY-0011,retail,Apel,3,33306.0,93072.0,False
ORD-00610,2024-07-19 13:00:00,BUY-0125,retail,Pisang,1,16979.0,15908.0,False
ORD-03492,2024-07-19 14:00:00,BUY-0079,retail,Mangga,1,23763.0,21499.0,False
ORD-03066,2024-07-19 19:00:00,BUY-0092,retail,Nanas,4,11952.0,44881.0,False
ORD-02350,2024-07-19 21:00:00,BUY-0095,retail,Semangka,1,10458.0,10225.0,False
ORD-02677,2024-07-20 08:00:00,BUY-0120,retail,Nanas,1,12559.0,12098.0,False
ORD-01356,2024-07-20 16:00:00,BUY-0041,retail,Apel,3,32660.0,88613.0,False
ORD-01258,2024-07-20 17:00:00,BUY-0039,retail,Apel,4,33833.0,125746.0,False
ORD-03850,2024-07-20 18:00:00,BUY-0077,retail,Mangga,4,25695.0,97512.0,False
ORD-01307,2024-07-20 19:00:00,BUY-0129,retail,Pepaya,3,10487.0,30945.0,False
ORD-02013,2024-07-20 20:00:00,BUY-0085,retail,Anggur,2,53139.0,103317.0,False
ORD-02248,2024-07-20 21:00:00,BUY-0129,retail,Mangga,1,24827.0,23517.0,False
ORD-01894,2024-07-21 09:00:00,BUY-0083,reseller,Semangka,33,9532.0,301990.0,False
ORD-03576,2024-07-21 12:00:00,BUY-0019,reseller,Semangka,32,10145.0,293515.0,False
ORD-00385,2024-07-21 13:00:00,BUY-0106,retail,Nanas,4,13097.0,51890.0,False
ORD-02646,2024-07-21 13:00:00,BUY-0005,retail,Pepaya,1,10104.0,9979.0,False
ORD-01792,2024-07-21 20:00:00,BUY-0035,retail,Anggur,4,52517.0,192680.0,False
ORD-00015,2024-07-21 21:00:00,BUY-0051,retail,Jeruk,4,22961.0,90425.0,False
ORD-00332,2024-07-21 21:00:00,BUY-0057,retail,Pepaya,2,10443.0,18965.0,False
ORD-00106,2024-07-22 09:00:00,BUY-0021,retail,Apel,3,33639.0,95811.0,False
ORD-02517,2024-07-22 10:00:00,BUY-0120,retail,Jeruk,1,22839.0,21118.0,False
ORD-03093,2024-07-22 11:00:00,BUY-0110,reseller,Pepaya,38,10476.0,378849.0,False
ORD-01586,2024-07-22 13:00:00,BUY-0096,retail,Mangga,2,26161.0,51429.0,False
ORD-00694,2024-07-22 14:00:00,BUY-0068,retail,Anggur,1,51729.0,50340.0,False
ORD-02933,2024-07-22 16:00:00,BUY-0145,retail,Nanas,3,12733.0,36872.0,False
ORD-03068,2024-07-22 18:00:00,BUY-0046,reseller,Apel,24,31407.0,699105.0,False
ORD-03277,2024-07-22 18:00:00,BUY-0041,retail,Anggur,4,54719.0,212137.0,False
ORD-00372,2024-07-23 10:00:00,BUY-0052,retail,Mangga,3,25027.0,68162.0,False
ORD-02887,2024-07-23 10:00:00,BUY-0133,retail,Pepaya,2,9653.0,18216.0,False
ORD-00652,2024-07-23 11:00:00,BUY-0066,retail,Anggur,3,52125.0,149115.0,False
ORD-02528,2024-07-23 11:00:00,BUY-0005,retail,Semangka,1,9819.0,9669.0,False
ORD-02034,2024-07-23 13:00:00,BUY-0110,reseller,Pepaya,10,10084.0,100265.0,False
ORD-02682,2024-07-23 20:00:00,BUY-0048,retail,Pisang,3,15952.0,45169.0,False
ORD-02063,2024-07-24 12:00:00,BUY-0068,retail,Anggur,4,54090.0,207111.0,False
ORD-00493,2024-07-24 12:00:00,BUY-0093,retail,Nanas,3,12959.0,37215.0,False
ORD-00864,2024-07-24 12:00:00,BUY-0017,retail,Nanas,2,13016.0,24214.0,False
ORD-02740,2024-07-24 13:00:00,BUY-0138,retail,Mangga,1,26001.0,25277.0,False
ORD-02752,2024-07-24 16:00:00,BUY-0085,retail,Mangga,1,24739.0,22581.0,False
ORD-03890,2024-07-25 02:00:00,BUY-0070,retail,Mangga,98,24067.0,92777.0,True
ORD-03286,2024-07-25 10:00:00,BUY-0143,reseller,Nanas,19,12330.0,217114.0,False
ORD-04034,2024-07-25 11:00:00,BUY-0136,retail,Anggur,3,51564.0,153152.0,False
ORD-03914,2024-07-25 18:00:00,BUY-0108,retail,Jeruk,3,21972.0,64843.0,False
ORD-01500,2024-07-25 19:00:00,BUY-0043,retail,Nanas,4,11878.0,45653.0,False
ORD-02804,2024-07-25 19:00:00,BUY-0015,retail,Anggur,1,50448.0,48877.0,False
ORD-03721,2024-07-26 08:00:00,BUY-0076,retail,Mangga,1,26215.0,25930.0,False
ORD-00969,2024-07-26 10:00:00,BUY-0093,retail,Pepaya,2,10203.0,18663.0,False
ORD-00341,2024-07-26 12:00:00,BUY-0022,retail,Apel,1,31822.0,30501.0,False
ORD-03907,2024-07-26 13:00:00,BUY-0065,retail,Pepaya,1,9512.0,9062.0,False
ORD-01664,2024-07-26 15:00:00,BUY-0056,retail,Jeruk,2,22433.0,42917.0,False
ORD-01935,2024-07-26 15:00:00,BUY-0139,retail,Mangga,2,26038.0,51275.0,False
ORD-01105,2024-07-26 18:00:00,BUY-0091,retail,Anggur,3,51020.0,149465.0,False
ORD-03993,2024-07-26 18:00:00,BUY-0099,retail,Pepaya,3,10313.0,30579.0,False
ORD-00703,2024-07-26 21:00:00,BUY-0043,retail,Anggur,4,53759.0,199281.0,False
ORD-03905,2024-07-26 21:00:00,BUY-0066,retail,Mangga,1,25689.0,25521.0,False
ORD-00036,2024-07-27 09:00:00,BUY-0147,retail,Mangga,3,23917.0,66031.0,False
ORD-03048,2024-07-27 11:00:00,BUY-0112,retail,Pisang,1,16305.0,16098.0,False
ORD-03945,2024-07-27 11:00:00,BUY-0063,retail,Nanas,4,12774.0,47706.0,False
ORD-01954,2024-07-27 14:00:00,BUY-0070,retail,Mangga,2,25288.0,46142.0,False
ORD-03539,2024-07-27 16:00:00,BUY-0143,reseller,Mangga,20,24891.0,485696.0,False
ORD-03182,2024-07-27 20:00:00,BUY-0073,reseller,Mangga,23,24767.0,526059.0,False
ORD-01063,2024-07-27 21:00:00,BUY-0079,retail,Apel,3,32923.0,97218.0,False
ORD-01579,2024-07-27 21:00:00,BUY-0098,retail,Nanas,1,12839.0,12024.0,False
ORD-03701,2024-07-28 10:00:00,BUY-0030,retail,Anggur,3,52044.0,155800.0,False
ORD-01540,2024-07-28 11:00:00,BUY-0100,reseller,Mangga,20,25465.0,482048.0,False
ORD-00265,2024-07-28 14:00:00,BUY-0042,reseller,Anggur,32,54456.0,1585068.0,False
ORD-02492,2024-07-28 14:00:00,BUY-0011,retail,Mangga,4,25157.0,92027.0,False
ORD-00557,2024-07-28 15:00:00,BUY-0054,retail,Anggur,4,50506.0,194533.0,False
ORD-03274,2024-07-28 17:00:00,BUY-0075,retail,Pepaya,4,10179.0,37345.0,False
ORD-02690,2024-07-29 10:00:00,BUY-0036,retail,Semangka,1,10400.0,9675.0,False
ORD-01370,2024-07-29 11:00:00,BUY-0013,retail,Semangka,2,9757.0,18935.0,False
ORD-02595,2024-07-29 16:00:00,BUY-0018,retail,Nanas,3,11894.0,33929.0,False
ORD-01308,2024-07-29 16:00:00,BUY-0083,reseller,Jeruk,25,22538.0,522395.0,False
ORD-02101,2024-07-29 18:00:00,BUY-0145,retail,Jeruk,4,23443.0,86184.0,False
ORD-03471,2024-07-29 18:00:00,BUY-0102,retail,Pisang,3,15916.0,44219.0,False
ORD-02218,2024-07-30 00:00:00,BUY-0010,retail,Semangka,192,9645.0,119414.0,True
ORD-01341,2024-07-30 14:00:00,BUY-0141,retail,Pepaya,4,10348.0,38478.0,False
ORD-00706,2024-07-30 14:00:00,BUY-0102,retail,Semangka,2,10069.0,18720.0,False
ORD-03174,2024-07-31 11:00:00,BUY-0123,retail,Semangka,3,9580.0,25866.0,False
ORD-00719,2024-07-31 12:00:00,BUY-0100,reseller,Semangka,29,9627.0,261549.0,False
ORD-00329,2024-07-31 15:00:00,BUY-0058,retail,Semangka,4,10011.0,36176.0,False
ORD-01822,2024-07-31 15:00:00,BUY-0037,retail,Apel,3,33051.0,95850.0,False
ORD-01690,2024-07-31 18:00:00,BUY-0047,retail,Apel,2,33091.0,62516.0,False
ORD-03372,2024-07-31 18:00:00,BUY-0150,retail,Apel,4,31714.0,126234.0,False
ORD-00531,2024-07-31 21:00:00,BUY-0051,retail,Pepaya,4,10007.0,39641.0,False
ORD-03441,2024-08-01 12:00:00,BUY-0025,retail,Pisang,2,16677.0,31794.0,False
ORD-01767,2024-08-01 13:00:00,BUY-0095,retail,Nanas,1,13115.0,11833.0,False
ORD-00905,2024-08-01 16:00:00,BUY-0109,retail,Pisang,4,15934.0,60746.0,False
ORD-01900,2024-08-01 16:00:00,BUY-0139,retail,Apel,2,32824.0,64176.0,False
ORD-04116,2024-08-01 17:00:00,BUY-0052,retail,Apel,3,32051.0,87982.0,False
ORD-02434,2024-08-01 18:00:00,BUY-0116,reseller,Jeruk,19,23237.0,421245.0,False
ORD-00192,2024-08-01 19:00:00,BUY-0005,retail,Semangka,4,10290.0,38736.0,False
ORD-03633,2024-08-01 19:00:00,BUY-0007,retail,Anggur,1,53813.0,49936.0,False
ORD-03358,2024-08-02 11:00:00,BUY-0058,retail,Nanas,1,12231.0,11925.0,False
ORD-00943,2024-08-02 11:00:00,BUY-0078,retail,Mangga,2,26175.0,50353.0,False
ORD-00492,2024-08-02 15:00:00,BUY-0131,retail,Nanas,1,12297.0,12266.0,False
ORD-03483,2024-08-02 17:00:00,BUY-0064,retail,Semangka,2,9992.0,18232.0,False
ORD-00276,2024-08-02 18:00:00,BUY-0134,retail,Apel,1,32731.0,30908.0,False
ORD-02354,2024-08-02 19:00:00,BUY-0110,reseller,Anggur,28,52291.0,1436004.0,False
ORD-01426,2024-08-02 20:00:00,BUY-0141,retail,Semangka,1,9585.0,9417.0,False
ORD-02241,2024-08-03 10:00:00,BUY-0090,retail,Pisang,4,16763.0,62000.0,False
ORD-02121,2024-08-03 12:00:00,BUY-0026,retail,Pepaya,4,10027.0,39051.0,False
ORD-03347,2024-08-03 17:00:00,BUY-0078,retail,Pisang,4,16578.0,64830.0,False
ORD-01286,2024-08-03 17:00:00,BUY-0129,retail,Anggur,4,54872.0,208716.0,False
ORD-00249,2024-08-04 02:00:00,BUY-0095,retail,Nanas,196,12930.0,200418.0,True
ORD-01569,2024-08-04 03:00:00,BUY-0053,retail,Anggur,127,53862.0,430656.0,True
ORD-03430,2024-08-04 08:00:00,BUY-0140,retail,Anggur,1,54863.0,50015.0,False
ORD-02913,2024-08-04 10:00:00,BUY-0113,retail,Mangga,3,25393.0,71503.0,False
ORD-01635,2024-08-04 13:00:00,BUY-0048,retail,Pepaya,4,10017.0,36223.0,False
ORD-01265,2024-08-04 14:00:00,BUY-0061,retail,Mangga,3,24501.0,69682.0,False
ORD-00017,2024-08-04 15:00:00,BUY-0150,retail,Nanas,1,12004.0,11343.0,False
ORD-01734,2024-08-04 18:00:00,BUY-0018,retail,Apel,2,32770.0,64919.0,False
ORD-03497,2024-08-04 20:00:00,BUY-0037,retail,Mangga,4,24843.0,91788.0,False
ORD-00202,2024-08-05 12:00:00,BUY-0101,reseller,Pisang,16,16531.0,264355.0,False
ORD-00509,2024-08-05 13:00:00,BUY-0059,retail,Pisang,4,17154.0,61998.0,False
ORD-00317,2024-08-05 13:00:00,BUY-0043,retail,Mangga,3,26160.0,78319.0,False
ORD-00366,2024-08-05 13:00:00,BUY-0080,retail,Pepaya,1,9813.0,9449.0,False
ORD-02533,2024-08-05 16:00:00,BUY-0088,retail,Jeruk,2,23467.0,46780.0,False
ORD-00970,2024-08-05 16:00:00,BUY-0067,retail,Mangga,1,25680.0,24139.0,False
ORD-04010,2024-08-05 18:00:00,BUY-0149,retail,Pepaya,3,9674.0,27148.0,False
ORD-00896,2024-08-05 20:00:00,BUY-0129,retail,Jeruk,4,23597.0,92492.0,False
ORD-00875,2024-08-06 09:00:00,BUY-0126,retail,Apel,2,32266.0,60953.0,False
ORD-01405,2024-08-06 11:00:00,BUY-0140,retail,Pisang,1,16405.0,16134.0,False
ORD-01650,2024-08-06 12:00:00,BUY-0036,retail,Nanas,2,12662.0,23570.0,False
ORD-00752,2024-08-06 12:00:00,BUY-0015,retail,Pisang,4,17045.0,66958.0,False
ORD-02699,2024-08-06 17:00:00,BUY-0119,retail,Anggur,3,51387.0,154093.0,False
ORD-01222,2024-08-06 18:00:00,BUY-0010,retail,Apel,3,32284.0,88195.0,False
ORD-00183,2024-08-06 19:00:00,BUY-0089,retail,Pepaya,1,10137.0,9356.0,False
ORD-01039,2024-08-06 20:00:00,BUY-0027,retail,Pisang,3,15934.0,46533.0,False
ORD-01675,2024-08-07 01:00:00,BUY-0119,retail,Anggur,190,52450.0,703109.0,True
ORD-04003,2024-08-07 10:00:00,BUY-0057,retail,Semangka,2,9524.0,18076.0,False
ORD-00923,2024-08-07 11:00:00,BUY-0047,retail,Jeruk,4,22735.0,86831.0,False
ORD-04024,2024-08-07 11:00:00,BUY-0134,retail,Pisang,4,15790.0,58006.0,False
ORD-01390,2024-08-07 14:00:00,BUY-0102,retail,Pisang,3,15948.0,44147.0,False
ORD-00956,2024-08-07 16:00:00,BUY-0011,retail,Anggur,2,53010.0,98889.0,False
ORD-03152,2024-08-07 21:00:00,BUY-0062,retail,Anggur,1,54438.0,49369.0,False
ORD-03220,2024-08-08 08:00:00,BUY-0070,retail,Jeruk,1,23623.0,22999.0,False
ORD-02793,2024-08-08 09:00:00,BUY-0144,retail,Apel,1,31277.0,31193.0,False
ORD-00505,2024-08-08 10:00:00,BUY-0044,retail,Apel,4,33208.0,128609.0,False
ORD-02715,2024-08-08 10:00:00,BUY-0113,retail,Semangka,1,9715.0,9020.0,False
ORD-00838,2024-08-08 15:00:00,BUY-0088,retail,Mangga,2,25143.0,48924.0,False
ORD-03621,2024-08-08 17:00:00,BUY-0059,retail,Semangka,1,9554.0,9443.0,False
ORD-03118,2024-08-08 17:00:00,BUY-0016,retail,Pisang,4,16765.0,63888.0,False
ORD-02755,2024-08-09 08:00:00,BUY-0088,retail,Mangga,2,25632.0,50802.0,False
ORD-01629,2024-08-09 10:00:00,BUY-0120,retail,Nanas,4,12657.0,48403.0,False
ORD-01752,2024-08-09 10:00:00,BUY-0030,retail,Nanas,2,13097.0,24742.0,False
ORD-02769,2024-08-09 13:00:00,BUY-0106,retail,Jeruk,4,23414.0,88481.0,False
ORD-04027,2024-08-09 16:00:00,BUY-0069,retail,Jeruk,2,23274.0,45710.0,False
ORD-02525,2024-08-09 20:00:00,BUY-0092,retail,Anggur,1,53212.0,52244.0,False
ORD-00659,2024-08-10 13:00:00,BUY-0025,retail,Apel,3,31912.0,92687.0,False
ORD-01255,2024-08-10 16:00:00,BUY-0061,retail,Apel,4,31559.0,121976.0,False
ORD-02483,2024-08-11 03:00:00,BUY-0026,retail,Apel,100,32614.0,155339.0,True
ORD-01706,2024-08-11 08:00:00,BUY-0092,retail,Semangka,2,9828.0,18127.0,False
ORD-03443,2024-08-11 12:00:00,BUY-0072,retail,Jeruk,3,21563.0,60015.0,False
ORD-02229,2024-08-11 15:00:00,BUY-0081,retail,Jeruk,4,22278.0,88410.0,False
ORD-02380,2024-08-11 19:00:00,BUY-0017,retail,Pisang,4,16678.0,66121.0,False
ORD-03917,2024-08-12 03:00:00,BUY-0150,retail,Anggur,119,53610.0,298263.0,True
ORD-02234,2024-08-12 12:00:00,BUY-0083,reseller,Jeruk,28,22737.0,595669.0,False
ORD-02658,2024-08-12 14:00:00,BUY-0046,reseller,Jeruk,11,22351.0,229465.0,False
ORD-00983,2024-08-12 15:00:00,BUY-0039,retail,Semangka,1,10183.0,10074.0,False
ORD-02519,2024-08-12 16:00:00,BUY-0048,retail,Pisang,4,16398.0,62506.0,False
ORD-00058,2024-08-12 20:00:00,BUY-0037,retail,Apel,3,31604.0,89184.0,False
ORD-03908,2024-08-12 20:00:00,BUY-0010,retail,Mangga,4,24176.0,92719.0,False
ORD-03869,2024-08-12 20:00:00,BUY-0051,retail,Semangka,2,9957.0,19779.0,False
ORD-03736,2024-08-13 11:00:00,BUY-0003,reseller,Semangka,17,10033.0,167075.0,False
ORD-01932,2024-08-13 12:00:00,BUY-0061,retail,Semangka,1,9750.0,9105.0,False
ORD-00336,2024-08-13 13:00:00,BUY-0119,retail,Pepaya,4,9672.0,36336.0,False
ORD-00813,2024-08-13 14:00:00,BUY-0062,retail,Mangga,3,24374.0,70643.0,False
ORD-03374,2024-08-14 02:00:00,BUY-0054,retail,Nanas,104,12031.0,31272.0,True
ORD-03472,2024-08-14 03:00:00,BUY-0072,retail,Pepaya,68,10093.0,54371.0,True
ORD-01563,2024-08-14 08:00:00,BUY-0082,retail,Nanas,3,12748.0,35893.0,False
ORD-02010,2024-08-14 08:00:00,BUY-0080,retail,Nanas,4,12743.0,45925.0,False
ORD-00364,2024-08-14 15:00:00,BUY-0011,retail,Nanas,4,12647.0,50292.0,False
ORD-03143,2024-08-14 16:00:00,BUY-0096,retail,Mangga,3,25445.0,71476.0,False
ORD-03452,2024-08-14 16:00:00,BUY-0047,retail,Jeruk,3,22675.0,63450.0,False
ORD-03038,2024-08-14 17:00:00,BUY-0021,retail,Pepaya,4,10459.0,40258.0,False
ORD-01897,2024-08-14 17:00:00,BUY-0026,retail,Nanas,2,12507.0,22768.0,False
ORD-00328,2024-08-14 21:00:00,BUY-0040,retail,Mangga,2,26220.0,50850.0,False
ORD-00644,2024-08-15 09:00:00,BUY-0125,retail,Nanas,3,12095.0,35598.0,False
ORD-00300,2024-08-15 09:00:00,BUY-0016,retail,Anggur,3,51487.0,152557.0,False
ORD-01107,2024-08-15 10:00:00,BUY-0144,retail,Apel,3,30929.0,84086.0,False
ORD-02627,2024-08-15 12:00:00,BUY-0123,retail,Pepaya,2,9809.0,17890.0,False
ORD-02412,2024-08-15 15:00:00,BUY-0033,retail,Semangka,2,10360.0,20233.0,False
ORD-02770,2024-08-15 18:00:00,BUY-0149,retail,Pisang,1,17321.0,16217.0,False
ORD-01219,2024-08-16 01:00:00,BUY-0059,retail,Mangga,175,24252.0,139451.0,True
ORD-03724,2024-08-16 02:00:00,BUY-0095,retail,Pisang,135,16172.0,55410.0,True
ORD-01705,2024-08-16 11:00:00,BUY-0132,reseller,Nanas,38,12249.0,422665.0,False
ORD-02405,2024-08-16 12:00:00,BUY-0132,reseller,Semangka,18,9576.0,168931.0,False
ORD-03075,2024-08-16 12:00:00,BUY-0053,retail,Pepaya,1,9917.0,9392.0,False
ORD-02498,2024-08-16 17:00:00,BUY-0018,retail,Anggur,3,50716.0,143013.0,False
ORD-03864,2024-08-16 18:00:00,BUY-0046,reseller,Apel,20,31204.0,597607.0,False
ORD-00815,2024-08-17 08:00:00,BUY-0102,retail,Mangga,2,24607.0,48053.0,False
ORD-02062,2024-08-17 12:00:00,BUY-0030,retail,Apel,3,31121.0,89256.0,False
ORD-03856,2024-08-17 13:00:00,BUY-0013,retail,Anggur,3,50272.0,144985.0,False
ORD-03653,2024-08-17 15:00:00,BUY-0107,retail,Anggur,4,53687.0,211783.0,False
ORD-02794,2024-08-17 16:00:00,BUY-0118,retail,Nanas,1,12757.0,12697.0,False
ORD-00795,2024-08-17 18:00:00,BUY-0019,reseller,Semangka,24,9953.0,223204.0,False
ORD-02291,2024-08-17 19:00:00,BUY-0030,retail,Apel,2,33698.0,67187.0,False
ORD-00562,2024-08-18 08:00:00,BUY-0016,retail,Semangka,1,10199.0,9443.0,False
ORD-00454,2024-08-18 09:00:00,BUY-0105,retail,Pisang,2,15850.0,31666.0,False
ORD-02088,2024-08-18 12:00:00,BUY-0026,retail,Pisang,2,16897.0,33129.0,False
ORD-03559,2024-08-18 14:00:00,BUY-0149,retail,Nanas,1,12033.0,11612.0,False
ORD-02708,2024-08-18 15:00:00,BUY-0117,retail,Apel,3,31144.0,92443.0,False
ORD-00095,2024-08-18 17:00:00,BUY-0005,retail,Mangga,2,24180.0,46359.0,False
ORD-01907,2024-08-18 20:00:00,BUY-0059,retail,Mangga,1,25991.0,24713.0,False
ORD-00895,2024-08-19 10:00:00,BUY-0125,retail,Nanas,3,12779.0,38040.0,False
ORD-03804,2024-08-19 11:00:00,BUY-0049,retail,Mangga,1,24591.0,24576.0,False
ORD-01837,2024-08-19 13:00:00,BUY-0038,retail,Nanas,4,12272.0,47788.0,False
ORD-03045,2024-08-19 13:00:00,BUY-0078,retail,Nanas,1,11885.0,11283.0,False
ORD-02120,2024-08-19 20:00:00,BUY-0086,retail,Anggur,2,52325.0,100067.0,False
ORD-02382,2024-08-20 11:00:00,BUY-0036,retail,Pepaya,1,10305.0,9282.0,False
ORD-02440,2024-08-20 12:00:00,BUY-0001,retail,Anggur,1,51069.0,49597.0,False
ORD-02530,2024-08-20 16:00:00,BUY-0132,reseller,Nanas,37,12265.0,421508.0,False
ORD-01568,2024-08-20 17:00:00,BUY-0003,reseller,Nanas,24,12224.0,286766.0,False
ORD-01883,2024-08-21 10:00:00,BUY-0135,retail,Pisang,2,15879.0,28895.0,False
ORD-00141,2024-08-21 16:00:00,BUY-0098,retail,Semangka,3,10292.0,28015.0,False
ORD-03628,2024-08-21 18:00:00,BUY-0025,retail,Pepaya,3,9888.0,29144.0,False
ORD-03635,2024-08-22 09:00:00,BUY-0142,retail,Anggur,2,54727.0,104368.0,False
ORD-01558,2024-08-22 13:00:00,BUY-0145,retail,Anggur,3,50951.0,145556.0,False
ORD-01165,2024-08-22 16:00:00,BUY-0079,retail,Anggur,3,53850.0,151487.0,False
ORD-00574,2024-08-22 18:00:00,BUY-0133,retail,Jeruk,4,21916.0,80773.0,False
ORD-03063,2024-08-22 20:00:00,BUY-0027,retail,Nanas,2,11876.0,21612.0,False
ORD-01079,2024-08-22 20:00:00,BUY-0092,retail,Pepaya,3,9732.0,27184.0,False
ORD-01618,2024-08-22 21:00:00,BUY-0042,reseller,Nanas,15,13074.0,188140.0,False
ORD-00530,2024-08-23 10:00:00,BUY-0065,retail,Mangga,3,25247.0,73155.0,False
ORD-01238,2024-08-23 10:00:00,BUY-0144,retail,Semangka,2,10063.0,18721.0,False
ORD-03345,2024-08-23 10:00:00,BUY-0063,retail,Nanas,2,12058.0,22342.0,False
ORD-00121,2024-08-23 12:00:00,BUY-0001,retail,Pisang,1,16815.0,15223.0,False
ORD-02670,2024-08-23 13:00:00,BUY-0118,retail,Anggur,4,51186.0,186393.0,False
ORD-03065,2024-08-23 13:00:00,BUY-0014,reseller,Pepaya,37,9906.0,341558.0,False
ORD-03479,2024-08-23 15:00:00,BUY-0095,retail,Apel,4,33787.0,128802.0,False
ORD-00631,2024-08-24 10:00:00,BUY-0131,retail,Pepaya,3,9573.0,26308.0,False
ORD-02333,2024-08-24 11:00:00,BUY-0050,retail,Pepaya,1,9893.0,9394.0,False
ORD-01082,2024-08-24 12:00:00,BUY-0098,retail,Pepaya,2,9877.0,18689.0,False
ORD-03684,2024-08-24 13:00:00,BUY-0060,retail,Pisang,1,17288.0,15678.0,False
ORD-03042,2024-08-24 15:00:00,BUY-0005,retail,Mangga,4,23984.0,89662.0,False
ORD-03491,2024-08-24 18:00:00,BUY-0007,retail,Pisang,1,16799.0,15805.0,False
ORD-02296,2024-08-24 19:00:00,BUY-0008,retail,Nanas,1,12628.0,12606.0,False
ORD-00872,2024-08-24 20:00:00,BUY-0102,retail,Pisang,4,15986.0,60243.0,False
ORD-02417,2024-08-25 09:00:00,BUY-0058,retail,Semangka,3,10019.0,27191.0,False
ORD-01582,2024-08-25 09:00:00,BUY-0092,retail,Jeruk,1,22645.0,22495.0,False
ORD-00833,2024-08-25 09:00:00,BUY-0026,retail,Mangga,1,25573.0,25073.0,False
ORD-00620,2024-08-25 16:00:00,BUY-0089,retail,Nanas,3,12997.0,37123.0,False
ORD-02613,2024-08-25 17:00:00,BUY-0120,retail,Jeruk,3,22236.0,65986.0,False
ORD-02587,2024-08-25 19:00:00,BUY-0102,retail,Nanas,1,13106.0,12376.0,False
ORD-00162,2024-08-25 20:00:00,BUY-0138,retail,Nanas,3,12045.0,32595.0,False
ORD-00597,2024-08-26 01:00:00,BUY-0002,retail,Nanas,55,12906.0,47995.0,True
ORD-01633,2024-08-26 09:00:00,BUY-0147,retail,Jeruk,1,23005.0,21669.0,False
ORD-01380,2024-08-26 12:00:00,BUY-0091,retail,Anggur,4,54134.0,199204.0,False
ORD-04009,2024-08-26 14:00:00,BUY-0132,reseller,Anggur,22,53887.0,1085609.0,False
ORD-03357,2024-08-26 14:00:00,BUY-0132,reseller,Apel,16,33144.0,496230.0,False
ORD-00446,2024-08-26 16:00:00,BUY-0039,retail,Pisang,1,16702.0,16193.0,False
ORD-04124,2024-08-26 20:00:00,BUY-0091,retail,Apel,4,30926.0,122131.0,False
ORD-02640,2024-08-27 11:00:00,BUY-0088,retail,Mangga,1,25249.0,23714.0,False
ORD-02135,2024-08-27 14:00:00,BUY-0068,retail,Apel,1,31527.0,28675.0,False
ORD-00816,2024-08-27 15:00:00,BUY-0027,retail,Nanas,2,12826.0,25368.0,False
ORD-03092,2024-08-27 15:00:00,BUY-0111,retail,Nanas,4,12834.0,47720.0,False
ORD-02049,2024-08-27 15:00:00,BUY-0145,retail,Jeruk,2,21621.0,41015.0,False
ORD-01755,2024-08-27 17:00:00,BUY-0075,retail,Pepaya,3,9981.0,28442.0,False
ORD-03394,2024-08-27 19:00:00,BUY-0090,retail,Pisang,4,17102.0,64299.0,False
ORD-02155,2024-08-28 12:00:00,BUY-0026,retail,Mangga,4,25380.0,97689.0,False
ORD-02569,2024-08-28 13:00:00,BUY-0115,retail,Mangga,4,24395.0,91005.0,False
ORD-00809,2024-08-28 13:00:00,BUY-0098,retail,Nanas,3,12168.0,33964.0,False
ORD-00839,2024-08-28 17:00:00,BUY-0026,retail,Jeruk,3,22613.0,65502.0,False
ORD-00964,2024-08-28 18:00:00,BUY-0123,retail,Apel,2,33730.0,64344.0,False
ORD-01023,2024-08-28 19:00:00,BUY-0073,reseller,Pepaya,13,10013.0,129690.0,False
ORD-03791,2024-08-28 19:00:00,BUY-0063,retail,Apel,1,31725.0,29896.0,False
ORD-00812,2024-08-28 20:00:00,BUY-0046,reseller,Apel,23,31429.0,717828.0,False
ORD-02343,2024-08-29 08:00:00,BUY-0111,retail,Jeruk,4,23162.0,90505.0,False
ORD-02554,2024-08-29 09:00:00,BUY-0088,retail,Pisang,1,16162.0,15533.0,False
ORD-03638,2024-08-29 09:00:00,BUY-0006,reseller,Jeruk,31,22216.0,623198.0,False
ORD-01246,2024-08-29 09:00:00,BUY-0028,retail,Pisang,1,16370.0,15211.0,False
ORD-02545,2024-08-29 12:00:00,BUY-0135,retail,Jeruk,3,23062.0,62685.0,False
ORD-03943,2024-08-29 13:00:00,BUY-0022,retail,Apel,2,32306.0,58481.0,False
ORD-03454,2024-08-29 15:00:00,BUY-0103,retail,Mangga,3,25223.0,71674.0,False
ORD-02162,2024-08-29 17:00:00,BUY-0135,retail,Nanas,1,12898.0,12264.0,False
ORD-01235,2024-08-29 20:00:00,BUY-0005,retail,Pisang,3,16983.0,46640.0,False
ORD-03224,2024-08-29 21:00:00,BUY-0045,reseller,Semangka,12,9535.0,111932.0,False
ORD-02610,2024-08-29 21:00:00,BUY-0041,retail,Pisang,2,15938.0,30424.0,False
ORD-01682,2024-08-30 08:00:00,BUY-0069,retail,Pisang,3,16481.0,48562.0,False
ORD-02261,2024-08-30 10:00:00,BUY-0056,retail,Pisang,3,16607.0,48487.0,False
ORD-04081,2024-08-30 12:00:00,BUY-0077,retail,Pisang,1,16232.0,15848.0,False
ORD-01610,2024-08-30 12:00:00,BUY-0070,retail,Apel,4,34059.0,134826.0,False
ORD-01066,2024-08-30 14:00:00,BUY-0043,retail,Pepaya,4,10286.0,38633.0,False
ORD-00342,2024-08-30 19:00:00,BUY-0088,retail,Mangga,2,25338.0,48761.0,False
ORD-03428,2024-08-30 20:00:00,BUY-0039,retail,Pisang,1,16591.0,15350.0,False
ORD-02852,2024-08-31 11:00:00,BUY-0027,retail,Jeruk,2,22808.0,41442.0,False
ORD-02559,2024-08-31 19:00:00,BUY-0104,reseller,Apel,28,32779.0,885851.0,False
ORD-02422,2024-09-01 00:00:00,BUY-0130,retail,Mangga,101,25386.0,171622.0,True
ORD-01539,2024-09-01 11:00:00,BUY-0032,reseller,Mangga,33,25302.0,773389.0,False
ORD-03696,2024-09-01 11:00:00,BUY-0043,retail,Semangka,3,9957.0,27361.0,False
ORD-01233,2024-09-01 12:00:00,BUY-0084,retail,Pepaya,1,9793.0,9265.0,False
ORD-01468,2024-09-01 15:00:00,BUY-0046,reseller,Apel,10,31396.0,299197.0,False
ORD-02860,2024-09-01 16:00:00,BUY-0038,retail,Pisang,2,15850.0,30966.0,False
ORD-03294,2024-09-02 11:00:00,BUY-0047,retail,Anggur,2,53204.0,106259.0,False
ORD-03647,2024-09-02 11:00:00,BUY-0023,reseller,Nanas,14,12861.0,168604.0,False
ORD-03280,2024-09-02 13:00:00,BUY-0075,retail,Anggur,4,50948.0,203556.0,False
ORD-02318,2024-09-02 17:00:00,BUY-0120,retail,Apel,1,31067.0,28974.0,False
ORD-03956,2024-09-02 18:00:00,BUY-0150,retail,Apel,3,33903.0,95512.0,False
ORD-01484,2024-09-02 18:00:00,BUY-0046,reseller,Nanas,13,12562.0,154500.0,False
ORD-00568,2024-09-02 19:00:00,BUY-0070,retail,Mangga,4,24871.0,96196.0,False
ORD-00120,2024-09-03 08:00:00,BUY-0020,retail,Jeruk,1,21926.0,19827.0,False
ORD-02360,2024-09-03 11:00:00,BUY-0045,reseller,Semangka,29,9742.0,272413.0,False
ORD-00374,2024-09-03 14:00:00,BUY-0067,retail,Semangka,1,9840.0,9790.0,False
ORD-01521,2024-09-03 15:00:00,BUY-0062,retail,Pisang,4,16957.0,61772.0,False
ORD-03796,2024-09-03 15:00:00,BUY-0130,retail,Jeruk,2,22566.0,42343.0,False
ORD-00670,2024-09-03 16:00:00,BUY-0075,retail,Pisang,2,16074.0,31805.0,False
ORD-02403,2024-09-03 20:00:00,BUY-0025,retail,Anggur,4,52129.0,192861.0,False
ORD-04033,2024-09-04 01:00:00,BUY-0110,reseller,Nanas,96,12537.0,94637.0,True
ORD-03669,2024-09-04 08:00:00,BUY-0023,reseller,Pepaya,16,9999.0,150673.0,False
ORD-00068,2024-09-04 11:00:00,BUY-0087,retail,Jeruk,3,22094.0,64946.0,False
ORD-03201,2024-09-04 11:00:00,BUY-0088,retail,Semangka,4,10434.0,40282.0,False
ORD-00314,2024-09-04 13:00:00,BUY-0111,retail,Semangka,3,10009.0,29567.0,False
ORD-03690,2024-09-04 15:00:00,BUY-0086,retail,Jeruk,1,23250.0,23193.0,False
ORD-00299,2024-09-04 16:00:00,BUY-0042,reseller,Apel,21,32071.0,660320.0,False
ORD-00285,2024-09-04 20:00:00,BUY-0130,retail,Anggur,3,53768.0,161274.0,False
ORD-04006,2024-09-04 21:00:00,BUY-0063,retail,Apel,4,33005.0,127367.0,False
ORD-00779,2024-09-05 09:00:00,BUY-0124,retail,Anggur,2,54932.0,109257.0,False
ORD-00722,2024-09-05 11:00:00,BUY-0035,retail,Jeruk,3,22162.0,62628.0,False
ORD-01019,2024-09-05 12:00:00,BUY-0068,retail,Pisang,3,17046.0,47111.0,False
ORD-01627,2024-09-05 17:00:00,BUY-0148,retail,Mangga,1,25509.0,23838.0,False
ORD-03862,2024-09-05 20:00:00,BUY-0090,retail,Pepaya,1,9905.0,9567.0,False
ORD-01311,2024-09-05 21:00:00,BUY-0071,retail,Pepaya,4,9593.0,35576.0,False
ORD-03942,2024-09-05 21:00:00,BUY-0042,reseller,Apel,33,32217.0,1062760.0,False
ORD-00377,2024-09-06 09:00:00,BUY-0145,retail,Mangga,2,25393.0,48924.0,False
ORD-01448,2024-09-06 19:00:00,BUY-0020,retail,Nanas,4,12735.0,50673.0,False
ORD-00540,2024-09-06 20:00:00,BUY-0148,retail,Semangka,1,9764.0,9758.0,False
ORD-00291,2024-09-06 20:00:00,BUY-0009,retail,Pisang,2,16622.0,32103.0,False
ORD-01481,2024-09-06 20:00:00,BUY-0048,retail,Jeruk,2,22416.0,41450.0,False
ORD-03153,2024-09-06 20:00:00,BUY-0136,retail,Jeruk,2,21532.0,42670.0,False
ORD-01055,2024-09-07 09:00:00,BUY-0101,reseller,Pisang,26,17256.0,422450.0,False
ORD-01436,2024-09-07 11:00:00,BUY-0075,retail,Mangga,1,23758.0,22179.0,False
ORD-02423,2024-09-07 12:00:00,BUY-0047,retail,Nanas,2,12938.0,25522.0,False
ORD-01248,2024-09-07 12:00:00,BUY-0148,retail,Pisang,3,16020.0,47984.0,False
ORD-01919,2024-09-07 13:00:00,BUY-0075,retail,Semangka,1,10019.0,9510.0,False
ORD-01989,2024-09-07 14:00:00,BUY-0041,retail,Mangga,1,25763.0,24177.0,False
ORD-03781,2024-09-08 09:00:00,BUY-0120,retail,Jeruk,2,22927.0,44206.0,False
ORD-02967,2024-09-08 11:00:00,BUY-0008,retail,Pisang,3,17222.0,48852.0,False
ORD-02011,2024-09-08 12:00:00,BUY-0095,retail,Jeruk,2,21764.0,40691.0,False
ORD-01510,2024-09-08 16:00:00,BUY-0053,retail,Semangka,4,10498.0,39463.0,False
ORD-01029,2024-09-08 16:00:00,BUY-0005,retail,Mangga,3,24398.0,68595.0,False
ORD-02701,2024-09-08 18:00:00,BUY-0021,retail,Semangka,2,10192.0,19037.0,False
ORD-03192,2024-09-09 09:00:00,BUY-0047,retail,Pisang,1,15986.0,15599.0,False
ORD-03734,2024-09-09 15:00:00,BUY-0103,retail,Semangka,4,9939.0,36208.0,False
ORD-01694,2024-09-09 15:00:00,BUY-0050,retail,Apel,2,31061.0,59480.0,False
ORD-00273,2024-09-09 16:00:00,BUY-0101,reseller,Jeruk,13,21727.0,270139.0,False
ORD-00735,2024-09-09 17:00:00,BUY-0108,retail,Nanas,1,12917.0,12702.0,False
ORD-00269,2024-09-09 18:00:00,BUY-0036,retail,Mangga,4,24955.0,96536.0,False
ORD-03509,2024-09-09 19:00:00,BUY-0110,reseller,Mangga,21,23765.0,488187.0,False
ORD-01261,2024-09-09 20:00:00,BUY-0129,retail,Nanas,3,12907.0,35994.0,False
ORD-01961,2024-09-09 20:00:00,BUY-0063,retail,Jeruk,1,23173.0,22601.0,False
ORD-00685,2024-09-10 09:00:00,BUY-0133,retail,Mangga,4,24174.0,90775.0,False
ORD-01878,2024-09-10 09:00:00,BUY-0035,retail,Mangga,4,24740.0,93297.0,False
ORD-01776,2024-09-11 01:00:00,BUY-0026,retail,Apel,184,33719.0,160190.0,True
ORD-01542,2024-09-11 08:00:00,BUY-0142,retail,Semangka,2,10460.0,20236.0,False
ORD-02720,2024-09-11 08:00:00,BUY-0010,retail,Mangga,3,24489.0,72696.0,False
ORD-00683,2024-09-11 12:00:00,BUY-0052,retail,Semangka,3,10449.0,28603.0,False
ORD-03360,2024-09-11 13:00:00,BUY-0141,retail,Pisang,3,15726.0,46291.0,False
ORD-03988,2024-09-11 21:00:00,BUY-0079,retail,Apel,4,31084.0,119688.0,False
ORD-04057,2024-09-12 16:00:00,BUY-0087,retail,Mangga,1,25983.0,25119.0,False
ORD-01371,2024-09-12 16:00:00,BUY-0103,retail,Jeruk,1,22616.0,21458.0,False
ORD-03592,2024-09-12 18:00:00,BUY-0013,retail,Nanas,1,12856.0,12414.0,False
ORD-00339,2024-09-12 19:00:00,BUY-0066,retail,Pepaya,3,9719.0,29020.0,False
ORD-00465,2024-09-13 09:00:00,BUY-0098,retail,Pepaya,2,10097.0,19481.0,False
ORD-02206,2024-09-13 09:00:00,BUY-0127,retail,Mangga,2,26085.0,49524.0,False
ORD-01796,2024-09-13 11:00:00,BUY-0015,retail,Semangka,3,9795.0,29001.0,False
ORD-01516,2024-09-13 13:00:00,BUY-0016,retail,Nanas,3,12655.0,35219.0,False
ORD-01169,2024-09-13 16:00:00,BUY-0128,retail,Semangka,1,10311.0,10163.0,False
ORD-03320,2024-09-13 18:00:00,BUY-0066,retail,Pepaya,4,10296.0,40379.0,False
ORD-01088,2024-09-13 18:00:00,BUY-0027,retail,Nanas,1,12014.0,10842.0,False
ORD-00658,2024-09-13 18:00:00,BUY-0126,retail,Anggur,1,51839.0,50291.0,False
ORD-02996,2024-09-13 21:00:00,BUY-0071,retail,Mangga,1,24155.0,22907.0,False
ORD-03363,2024-09-14 08:00:00,BUY-0104,reseller,Jeruk,30,23320.0,648061.0,False
ORD-01589,2024-09-14 09:00:00,BUY-0148,retail,Semangka,3,10240.0,30601.0,False
ORD-01382,2024-09-14 09:00:00,BUY-0069,retail,Apel,2,32346.0,60826.0,False
ORD-00962,2024-09-14 12:00:00,BUY-0113,retail,Mangga,2,24788.0,47974.0,False
ORD-04100,2024-09-14 14:00:00,BUY-0042,reseller,Pepaya,25,9688.0,228477.0,False
ORD-01588,2024-09-14 14:00:00,BUY-0003,reseller,Nanas,27,12377.0,304742.0,False
ORD-01151,2024-09-14 15:00:00,BUY-0072,retail,Anggur,4,54751.0,207771.0,False
ORD-00794,2024-09-14 16:00:00,BUY-0050,retail,Nanas,1,13055.0,11932.0,False
ORD-03929,2024-09-14 17:00:00,BUY-0013,retail,Anggur,2,50728.0,96719.0,False
ORD-03586,2024-09-14 19:00:00,BUY-0077,retail,Apel,2,31040.0,60629.0,False
ORD-02165,2024-09-15 00:00:00,BUY-0086,retail,Mangga,147,26161.0,90606.0,True
ORD-01466,2024-09-15 13:00:00,BUY-0143,reseller,Anggur,16,50444.0,744507.0,False
ORD-01171,2024-09-15 14:00:00,BUY-0100,reseller,Pisang,39,16673.0,619595.0,False
ORD-03165,2024-09-15 14:00:00,BUY-0072,retail,Apel,1,32450.0,30935.0,False
ORD-02764,2024-09-15 15:00:00,BUY-0111,retail,Semangka,1,10466.0,9466.0,False
ORD-01881,2024-09-15 17:00:00,BUY-0008,retail,Pepaya,4,9779.0,35689.0,False
ORD-01847,2024-09-16 02:00:00,BUY-0065,retail,Apel,129,33874.0,117628.0,True
ORD-01458,2024-09-16 09:00:00,BUY-0049,retail,Pepaya,2,9615.0,17716.0,False
ORD-03245,2024-09-16 10:00:00,BUY-0088,retail,Jeruk,2,22068.0,41300.0,False
ORD-00362,2024-09-16 11:00:00,BUY-0014,reseller,Pisang,22,16141.0,344641.0,False
ORD-02078,2024-09-16 13:00:00,BUY-0140,retail,Jeruk,3,22487.0,61542.0,False
ORD-03537,2024-09-16 13:00:00,BUY-0104,reseller,Mangga,36,24084.0,806439.0,False
ORD-01790,2024-09-16 14:00:00,BUY-0004,retail,Apel,2,32285.0,59152.0,False
ORD-01625,2024-09-16 15:00:00,BUY-0007,retail,Nanas,2,12550.0,23706.0,False
ORD-03359,2024-09-16 21:00:00,BUY-0041,retail,Semangka,3,9991.0,29119.0,False
ORD-03532,2024-09-17 10:00:00,BUY-0039,retail,Apel,1,32271.0,31307.0,False
ORD-00400,2024-09-17 15:00:00,BUY-0106,retail,Pepaya,2,9942.0,19162.0,False
ORD-00727,2024-09-17 16:00:00,BUY-0126,retail,Nanas,2,12339.0,24224.0,False
ORD-03693,2024-09-17 20:00:00,BUY-0020,retail,Pisang,2,16393.0,30813.0,False
ORD-00100,2024-09-18 11:00:00,BUY-0043,retail,Nanas,4,12380.0,46304.0,False
ORD-01585,2024-09-19 15:00:00,BUY-0022,retail,Semangka,2,9731.0,18808.0,False
ORD-02741,2024-09-20 08:00:00,BUY-0011,retail,Mangga,1,25493.0,25401.0,False
ORD-00367,2024-09-20 09:00:00,BUY-0148,retail,Semangka,1,10405.0,9373.0,False
ORD-00384,2024-09-20 11:00:00,BUY-0020,retail,Pepaya,4,10092.0,40237.0,False
ORD-03553,2024-09-20 16:00:00,BUY-0033,retail,Jeruk,4,21783.0,78600.0,False
ORD-02930,2024-09-20 17:00:00,BUY-0014,reseller,Nanas,29,12373.0,354536.0,False
ORD-01676,2024-09-21 04:00:00,BUY-0051,retail,Mangga,158,24318.0,276450.0,True
ORD-00087,2024-09-21 09:00:00,BUY-0019,reseller,Apel,11,33330.0,336948.0,False
ORD-00318,2024-09-22 08:00:00,BUY-0138,retail,Mangga,2,24812.0,44873.0,False
ORD-03487,2024-09-23 08:00:00,BUY-0009,retail,Jeruk,4,22906.0,84511.0,False
ORD-01358,2024-09-23 16:00:00,BUY-0088,retail,Apel,2,32647.0,63076.0,False
ORD-02276,2024-09-23 18:00:00,BUY-0100,reseller,Pisang,14,17077.0,219464.0,False
ORD-03926,2024-09-23 18:00:00,BUY-0086,retail,Semangka,2,10113.0,19585.0,False
ORD-03287,2024-09-24 01:00:00,BUY-0038,retail,Nanas,60,12828.0,28442.0,True
ORD-02058,2024-09-24 03:00:00,BUY-0005,retail,Apel,92,33579.0,64264.0,True
ORD-00588,2024-09-24 10:00:00,BUY-0029,retail,Jeruk,3,22129.0,60114.0,False
ORD-02016,2024-09-24 12:00:00,BUY-0022,retail,Jeruk,3,22239.0,65845.0,False
ORD-02435,2024-09-24 14:00:00,BUY-0130,retail,Pisang,2,17037.0,32350.0,False
ORD-00626,2024-09-24 17:00:00,BUY-0132,reseller,Pepaya,34,9765.0,322275.0,False
ORD-03959,2024-09-25 08:00:00,BUY-0021,retail,Semangka,3,9927.0,29481.0,False
ORD-02056,2024-09-25 13:00:00,BUY-0129,retail,Anggur,2,50414.0,98640.0,False
ORD-01144,2024-09-25 14:00:00,BUY-0149,retail,Pisang,3,16371.0,46077.0,False
ORD-00656,2024-09-26 10:00:00,BUY-0097,retail,Apel,3,31205.0,92704.0,False
ORD-01138,2024-09-26 14:00:00,BUY-0061,retail,Anggur,1,51240.0,48810.0,False
ORD-01564,2024-09-26 14:00:00,BUY-0008,retail,Jeruk,1,21730.0,19897.0,False
ORD-00723,2024-09-26 14:00:00,BUY-0070,retail,Apel,1,33599.0,31403.0,False
ORD-03749,2024-09-26 15:00:00,BUY-0143,reseller,Pisang,35,16416.0,541902.0,False
ORD-00130,2024-09-26 18:00:00,BUY-0094,retail,Apel,1,31088.0,28667.0,False
ORD-00184,2024-09-27 08:00:00,BUY-0053,retail,Pepaya,4,9948.0,39776.0,False
ORD-00757,2024-09-27 08:00:00,BUY-0063,retail,Nanas,2,12786.0,25108.0,False
ORD-01696,2024-09-27 09:00:00,BUY-0013,retail,Anggur,3,50155.0,146447.0,False
ORD-01092,2024-09-27 10:00:00,BUY-0071,retail,Pisang,1,16381.0,16008.0,False
ORD-03415,2024-09-27 11:00:00,BUY-0032,reseller,Semangka,36,9987.0,346042.0,False
ORD-03450,2024-09-27 11:00:00,BUY-0110,reseller,Semangka,29,10116.0,270662.0,False
ORD-00824,2024-09-27 14:00:00,BUY-0118,retail,Nanas,2,12335.0,23410.0,False
ORD-03335,2024-09-27 16:00:00,BUY-0090,retail,Jeruk,1,22330.0,21132.0,False
ORD-01149,2024-09-27 16:00:00,BUY-0069,retail,Nanas,2,11953.0,22140.0,False
ORD-02651,2024-09-28 09:00:00,BUY-0006,reseller,Mangga,39,25501.0,961643.0,False
ORD-04128,2024-09-28 17:00:00,BUY-0098,retail,Semangka,4,9832.0,36906.0,False
ORD-03598,2024-09-28 20:00:00,BUY-0002,retail,Anggur,3,52442.0,145481.0,False
ORD-01750,2024-09-29 08:00:00,BUY-0010,retail,Mangga,4,25553.0,98651.0,False
ORD-02309,2024-09-29 08:00:00,BUY-0127,retail,Semangka,2,10072.0,19264.0,False
ORD-02361,2024-09-29 12:00:00,BUY-0082,retail,Anggur,1,51299.0,50860.0,False
ORD-01310,2024-09-29 16:00:00,BUY-0078,retail,Pisang,2,15742.0,28668.0,False
ORD-00200,2024-09-29 19:00:00,BUY-0126,retail,Nanas,1,12688.0,12172.0,False
ORD-00387,2024-09-29 20:00:00,BUY-0032,reseller,Pisang,30,17267.0,491138.0,False
ORD-00418,2024-09-30 12:00:00,BUY-0030,retail,Anggur,3,54243.0,149708.0,False
ORD-03964,2024-09-30 14:00:00,BUY-0047,retail,Semangka,4,10343.0,40551.0,False
ORD-00296,2024-09-30 16:00:00,BUY-0023,reseller,Semangka,28,10198.0,274291.0,False
ORD-01577,2024-09-30 17:00:00,BUY-0023,reseller,Apel,13,31525.0,391860.0,False
ORD-03966,2024-09-30 18:00:00,BUY-0126,retail,Nanas,4,12921.0,48699.0,False
ORD-02550,2024-09-30 20:00:00,BUY-0118,retail,Jeruk,2,22237.0,43183.0,False
ORD-01316,2024-10-01 11:00:00,BUY-0044,retail,Mangga,4,25104.0,93483.0,False
ORD-00834,2024-10-01 18:00:00,BUY-0117,retail,Mangga,3,25599.0,73546.0,False
ORD-01070,2024-10-01 20:00:00,BUY-0146,retail,Pepaya,2,9975.0,18122.0,False
ORD-00271,2024-10-01 20:00:00,BUY-0007,retail,Semangka,2,9962.0,18306.0,False
ORD-01015,2024-10-02 14:00:00,BUY-0064,retail,Nanas,1,12020.0,11120.0,False
ORD-01652,2024-10-02 15:00:00,BUY-0120,retail,Anggur,2,52161.0,97013.0,False
ORD-02390,2024-10-02 18:00:00,BUY-0122,retail,Anggur,4,51031.0,202876.0,False
ORD-02803,2024-10-02 19:00:00,BUY-0084,retail,Nanas,1,13105.0,12544.0,False
ORD-02367,2024-10-02 20:00:00,BUY-0008,retail,Apel,3,31286.0,85722.0,False
ORD-03923,2024-10-02 21:00:00,BUY-0078,retail,Apel,4,33877.0,126001.0,False
ORD-01293,2024-10-03 08:00:00,BUY-0041,retail,Mangga,4,26179.0,103609.0,False
ORD-00485,2024-10-03 09:00:00,BUY-0009,retail,Pepaya,3,9716.0,26808.0,False
ORD-02663,2024-10-03 10:00:00,BUY-0083,reseller,Mangga,22,24448.0,535359.0,False
ORD-00287,2024-10-03 17:00:00,BUY-0041,retail,Pisang,1,16646.0,15718.0,False
ORD-00695,2024-10-03 19:00:00,BUY-0109,retail,Apel,3,33517.0,92971.0,False
ORD-02428,2024-10-03 21:00:00,BUY-0094,retail,Pisang,1,15761.0,15103.0,False
ORD-03262,2024-10-03 21:00:00,BUY-0077,retail,Pisang,1,16192.0,15690.0,False
ORD-01072,2024-10-04 10:00:00,BUY-0144,retail,Apel,4,31250.0,121179.0,False
ORD-01268,2024-10-04 11:00:00,BUY-0085,retail,Pisang,3,16047.0,47621.0,False
ORD-00537,2024-10-04 13:00:00,BUY-0104,reseller,Mangga,35,25774.0,812580.0,False
ORD-01152,2024-10-04 14:00:00,BUY-0077,retail,Pisang,3,16866.0,50071.0,False
ORD-02584,2024-10-04 17:00:00,BUY-0135,retail,Anggur,1,52520.0,48992.0,False
ORD-03987,2024-10-04 17:00:00,BUY-0129,retail,Anggur,2,53906.0,97433.0,False
ORD-02705,2024-10-04 17:00:00,BUY-0090,retail,Pisang,3,16464.0,48380.0,False
ORD-00140,2024-10-04 19:00:00,BUY-0024,reseller,Pepaya,19,9595.0,174455.0,False
ORD-01137,2024-10-05 11:00:00,BUY-0026,retail,Anggur,1,54747.0,54614.0,False
ORD-01570,2024-10-05 14:00:00,BUY-0044,retail,Pisang,3,17255.0,51622.0,False
ORD-01337,2024-10-05 15:00:00,BUY-0148,retail,Apel,1,33218.0,30131.0,False
ORD-02952,2024-10-05 17:00:00,BUY-0074,retail,Semangka,2,9825.0,19606.0,False
ORD-02352,2024-10-05 17:00:00,BUY-0038,retail,Pepaya,1,9949.0,9612.0,False
ORD-02192,2024-10-05 20:00:00,BUY-0021,retail,Mangga,2,24469.0,44692.0,False
ORD-01302,2024-10-06 14:00:00,BUY-0103,retail,Apel,3,31667.0,93580.0,False
ORD-03155,2024-10-06 18:00:00,BUY-0040,retail,Nanas,2,12370.0,22366.0,False
ORD-00524,2024-10-07 11:00:00,BUY-0064,retail,Mangga,4,24725.0,94995.0,False
ORD-01212,2024-10-07 14:00:00,BUY-0049,retail,Mangga,2,25269.0,46639.0,False
ORD-00572,2024-10-07 21:00:00,BUY-0048,retail,Pisang,4,15959.0,60230.0,False
ORD-02621,2024-10-08 10:00:00,BUY-0077,retail,Mangga,2,24096.0,47584.0,False
ORD-01252,2024-10-08 11:00:00,BUY-0069,retail,Apel,4,31035.0,116893.0,False
ORD-01779,2024-10-08 16:00:00,BUY-0065,retail,Nanas,3,12803.0,36513.0,False
ORD-02892,2024-10-08 17:00:00,BUY-0141,retail,Semangka,4,9574.0,37220.0,False
ORD-00614,2024-10-09 09:00:00,BUY-0118,retail,Apel,4,31350.0,113101.0,False
ORD-00937,2024-10-09 11:00:00,BUY-0066,retail,Semangka,4,9682.0,35326.0,False
ORD-02262,2024-10-09 18:00:00,BUY-0101,reseller,Semangka,27,10058.0,258799.0,False
ORD-00019,2024-10-09 18:00:00,BUY-0036,retail,Semangka,1,10209.0,9989.0,False
ORD-03793,2024-10-09 19:00:00,BUY-0150,retail,Apel,4,32582.0,128623.0,False
ORD-02795,2024-10-10 10:00:00,BUY-0117,retail,Jeruk,3,23432.0,67549.0,False
ORD-02001,2024-10-10 12:00:00,BUY-0072,retail,Apel,4,32859.0,125012.0,False
ORD-00842,2024-10-10 21:00:00,BUY-0050,retail,Apel,4,33909.0,129920.0,False
ORD-01833,2024-10-11 09:00:00,BUY-0123,retail,Pepaya,2,10350.0,20310.0,False
ORD-02415,2024-10-11 13:00:00,BUY-0138,retail,Jeruk,1,21741.0,20660.0,False
ORD-01396,2024-10-11 14:00:00,BUY-0094,retail,Pepaya,1,9889.0,8997.0,False
ORD-03779,2024-10-11 17:00:00,BUY-0072,retail,Pepaya,4,10079.0,37487.0,False
ORD-00783,2024-10-11 18:00:00,BUY-0005,retail,Mangga,1,26024.0,23555.0,False
ORD-00846,2024-10-11 18:00:00,BUY-0121,retail,Jeruk,4,22480.0,87929.0,False
ORD-00302,2024-10-11 19:00:00,BUY-0054,retail,Jeruk,2,22928.0,41496.0,False
ORD-02439,2024-10-11 21:00:00,BUY-0109,retail,Apel,2,33868.0,63926.0,False
ORD-00577,2024-10-11 21:00:00,BUY-0145,retail,Mangga,1,23975.0,23857.0,False
ORD-01318,2024-10-12 03:00:00,BUY-0091,retail,Nanas,152,12255.0,60897.0,True
ORD-00105,2024-10-12 08:00:00,BUY-0075,retail,Pisang,4,15828.0,59881.0,False
ORD-03868,2024-10-12 11:00:00,BUY-0024,reseller,Pepaya,24,9580.0,207477.0,False
ORD-01429,2024-10-12 14:00:00,BUY-0013,retail,Jeruk,2,22680.0,43876.0,False
ORD-01671,2024-10-12 15:00:00,BUY-0040,retail,Jeruk,1,23527.0,21537.0,False
ORD-00471,2024-10-12 16:00:00,BUY-0115,retail,Mangga,4,24696.0,94277.0,False
ORD-03644,2024-10-12 17:00:00,BUY-0129,retail,Pepaya,2,10421.0,19221.0,False
ORD-02538,2024-10-12 19:00:00,BUY-0089,retail,Nanas,2,12966.0,24669.0,False
ORD-01241,2024-10-12 19:00:00,BUY-0011,retail,Jeruk,3,21680.0,61408.0,False
ORD-03560,2024-10-12 19:00:00,BUY-0124,retail,Semangka,2,10014.0,18978.0,False
ORD-02907,2024-10-13 08:00:00,BUY-0103,retail,Mangga,2,25825.0,48668.0,False
ORD-01636,2024-10-13 08:00:00,BUY-0086,retail,Jeruk,3,23094.0,68496.0,False
ORD-03288,2024-10-13 08:00:00,BUY-0094,retail,Jeruk,4,21454.0,83565.0,False
ORD-00155,2024-10-13 11:00:00,BUY-0071,retail,Semangka,1,9843.0,8918.0,False
ORD-00204,2024-10-13 13:00:00,BUY-0067,retail,Nanas,1,12566.0,11776.0,False
ORD-00827,2024-10-14 00:00:00,BUY-0087,retail,Nanas,130,12275.0,84490.0,True
ORD-00114,2024-10-14 10:00:00,BUY-0048,retail,Pisang,1,17073.0,16144.0,False
ORD-02788,2024-10-14 14:00:00,BUY-0096,retail,Apel,3,32174.0,93987.0,False
ORD-02631,2024-10-14 15:00:00,BUY-0066,retail,Nanas,3,12954.0,37342.0,False
ORD-02938,2024-10-14 16:00:00,BUY-0024,reseller,Mangga,32,24197.0,712675.0,False
ORD-03327,2024-10-14 17:00:00,BUY-0150,retail,Jeruk,3,23274.0,63233.0,False
ORD-00514,2024-10-14 20:00:00,BUY-0111,retail,Apel,2,31571.0,62002.0,False
ORD-01437,2024-10-14 20:00:00,BUY-0048,retail,Anggur,4,52497.0,192600.0,False
ORD-02288,2024-10-15 14:00:00,BUY-0009,retail,Apel,1,32598.0,30674.0,False
ORD-00682,2024-10-15 20:00:00,BUY-0061,retail,Pepaya,3,10071.0,27863.0,False
ORD-01399,2024-10-15 21:00:00,BUY-0057,retail,Apel,4,33317.0,131399.0,False
ORD-02060,2024-10-16 09:00:00,BUY-0080,retail,Jeruk,4,22957.0,87943.0,False
ORD-02190,2024-10-16 11:00:00,BUY-0061,retail,Apel,4,31167.0,123290.0,False
ORD-03885,2024-10-16 12:00:00,BUY-0146,retail,Semangka,4,9942.0,36192.0,False
ORD-01753,2024-10-16 14:00:00,BUY-0080,retail,Mangga,2,25149.0,49324.0,False
ORD-01649,2024-10-16 17:00:00,BUY-0035,retail,Nanas,3,12793.0,35311.0,False
ORD-03094,2024-10-16 17:00:00,BUY-0009,retail,Mangga,3,25563.0,69830.0,False
ORD-02994,2024-10-16 20:00:00,BUY-0065,retail,Anggur,4,53436.0,192716.0,False
ORD-02899,2024-10-17 14:00:00,BUY-0075,retail,Pepaya,1,9759.0,9196.0,False
ORD-00426,2024-10-17 19:00:00,BUY-0097,retail,Jeruk,4,21641.0,82806.0,False
ORD-01141,2024-10-17 20:00:00,BUY-0027,retail,Mangga,2,24556.0,48456.0,False
ORD-00222,2024-10-18 08:00:00,BUY-0142,retail,Semangka,2,9861.0,18251.0,False
ORD-02578,2024-10-18 08:00:00,BUY-0049,retail,Anggur,3,52904.0,145257.0,False
ORD-00593,2024-10-18 10:00:00,BUY-0126,retail,Semangka,3,10249.0,28795.0,False
ORD-02314,2024-10-18 15:00:00,BUY-0105,retail,Mangga,1,24662.0,24396.0,False
ORD-00551,2024-10-18 16:00:00,BUY-0118,retail,Jeruk,3,21409.0,60681.0,False
ORD-03834,2024-10-18 18:00:00,BUY-0010,retail,Pepaya,2,10228.0,20234.0,False
ORD-01686,2024-10-19 08:00:00,BUY-0133,retail,Nanas,1,11969.0,10832.0,False
ORD-01404,2024-10-19 08:00:00,BUY-0015,retail,Jeruk,2,22699.0,42444.0,False
ORD-02606,2024-10-19 13:00:00,BUY-0067,retail,Anggur,4,49898.0,181525.0,False
ORD-02230,2024-10-19 14:00:00,BUY-0070,retail,Pepaya,1,9577.0,8925.0,False
ORD-00013,2024-10-19 19:00:00,BUY-0034,retail,Pisang,4,16274.0,59873.0,False
ORD-03568,2024-10-19 19:00:00,BUY-0039,retail,Jeruk,1,23033.0,21451.0,False
ORD-02900,2024-10-20 12:00:00,BUY-0093,retail,Mangga,1,25221.0,24728.0,False
ORD-01678,2024-10-20 16:00:00,BUY-0055,retail,Apel,4,32602.0,125214.0,False
ORD-03496,2024-10-20 17:00:00,BUY-0107,retail,Jeruk,2,22361.0,40851.0,False
ORD-02128,2024-10-20 19:00:00,BUY-0010,retail,Nanas,3,12908.0,36370.0,False
ORD-03085,2024-10-21 03:00:00,BUY-0145,retail,Nanas,66,12896.0,43143.0,True
ORD-02921,2024-10-21 08:00:00,BUY-0044,retail,Mangga,2,23887.0,45669.0,False
ORD-00427,2024-10-21 10:00:00,BUY-0038,retail,Anggur,1,51930.0,51813.0,False
ORD-01216,2024-10-21 15:00:00,BUY-0116,reseller,Nanas,12,12435.0,138283.0,False
ORD-03328,2024-10-21 16:00:00,BUY-0056,retail,Jeruk,4,22229.0,80957.0,False
ORD-00500,2024-10-21 20:00:00,BUY-0110,reseller,Apel,39,31688.0,1163968.0,False
ORD-02394,2024-10-21 20:00:00,BUY-0139,retail,Pisang,3,15735.0,42678.0,False
ORD-00826,2024-10-22 00:00:00,BUY-0118,retail,Nanas,108,12416.0,84842.0,True
ORD-01523,2024-10-22 08:00:00,BUY-0058,retail,Mangga,3,24449.0,70919.0,False
ORD-02960,2024-10-22 12:00:00,BUY-0112,retail,Jeruk,3,23397.0,65737.0,False
ORD-00690,2024-10-22 14:00:00,BUY-0007,retail,Semangka,2,9620.0,18104.0,False
ORD-01613,2024-10-22 16:00:00,BUY-0089,retail,Nanas,1,12865.0,11709.0,False
ORD-01793,2024-10-22 17:00:00,BUY-0150,retail,Pepaya,3,10080.0,27411.0,False
ORD-03668,2024-10-22 21:00:00,BUY-0060,retail,Mangga,3,24229.0,70878.0,False
ORD-04029,2024-10-23 10:00:00,BUY-0053,retail,Jeruk,4,22705.0,87474.0,False
ORD-00145,2024-10-23 12:00:00,BUY-0021,retail,Mangga,3,24513.0,67042.0,False
ORD-00474,2024-10-24 10:00:00,BUY-0112,retail,Nanas,2,12058.0,22909.0,False
ORD-02824,2024-10-24 11:00:00,BUY-0134,retail,Apel,4,30962.0,117632.0,False
ORD-02495,2024-10-24 16:00:00,BUY-0092,retail,Jeruk,4,21698.0,81484.0,False
ORD-02404,2024-10-26 00:00:00,BUY-0011,retail,Mangga,158,24840.0,290838.0,True
ORD-03648,2024-10-26 09:00:00,BUY-0079,retail,Anggur,4,50777.0,199551.0,False
ORD-00701,2024-10-26 10:00:00,BUY-0017,retail,Mangga,2,25797.0,49083.0,False
ORD-02971,2024-10-26 16:00:00,BUY-0112,retail,Mangga,3,25862.0,73165.0,False
ORD-01798,2024-10-26 16:00:00,BUY-0037,retail,Anggur,1,52640.0,51974.0,False
ORD-01133,2024-10-26 19:00:00,BUY-0063,retail,Jeruk,4,22999.0,86419.0,False
ORD-02270,2024-10-27 11:00:00,BUY-0080,retail,Apel,1,32547.0,31835.0,False
ORD-00832,2024-10-27 12:00:00,BUY-0102,retail,Pepaya,3,9676.0,26828.0,False
ORD-02685,2024-10-27 12:00:00,BUY-0119,retail,Anggur,2,53840.0,107016.0,False
ORD-03072,2024-10-27 16:00:00,BUY-0137,reseller,Mangga,10,26156.0,261554.0,False
ORD-01312,2024-10-27 17:00:00,BUY-0128,retail,Pisang,3,15850.0,46666.0,False
ORD-02987,2024-10-28 01:00:00,BUY-0072,retail,Anggur,91,55119.0,272938.0,True
ORD-03515,2024-10-28 12:00:00,BUY-0002,retail,Semangka,4,10380.0,38198.0,False
ORD-01597,2024-10-28 14:00:00,BUY-0012,reseller,Pepaya,13,9614.0,115165.0,False
ORD-03646,2024-10-28 15:00:00,BUY-0088,retail,Apel,1,31855.0,29081.0,False
ORD-03292,2024-10-29 10:00:00,BUY-0103,retail,Nanas,3,11926.0,35411.0,False
ORD-02073,2024-10-29 12:00:00,BUY-0072,retail,Mangga,1,25389.0,23359.0,False
ORD-02299,2024-10-29 13:00:00,BUY-0046,reseller,Pisang,18,16954.0,286208.0,False
ORD-00292,2024-10-29 13:00:00,BUY-0063,retail,Pisang,3,17211.0,51008.0,False
ORD-03841,2024-10-29 14:00:00,BUY-0055,retail,Nanas,1,12963.0,12272.0,False
ORD-00747,2024-10-29 15:00:00,BUY-0082,retail,Nanas,1,13110.0,12799.0,False
ORD-00710,2024-10-29 15:00:00,BUY-0048,retail,Mangga,1,25229.0,23939.0,False
ORD-01541,2024-10-29 16:00:00,BUY-0042,reseller,Mangga,31,24249.0,705150.0,False
ORD-03682,2024-10-29 21:00:00,BUY-0122,retail,Pisang,1,16097.0,15439.0,False
ORD-04062,2024-10-30 08:00:00,BUY-0084,retail,Nanas,3,12730.0,37769.0,False
ORD-00161,2024-10-30 12:00:00,BUY-0009,retail,Apel,1,30879.0,29942.0,False
ORD-03809,2024-10-30 17:00:00,BUY-0098,retail,Semangka,2,9976.0,19255.0,False
ORD-03889,2024-10-30 17:00:00,BUY-0113,retail,Pisang,3,17226.0,47000.0,False
ORD-01703,2024-10-30 20:00:00,BUY-0052,retail,Mangga,2,25268.0,50443.0,False
ORD-00928,2024-10-30 21:00:00,BUY-0082,retail,Pepaya,1,10168.0,9482.0,False
ORD-01915,2024-10-31 08:00:00,BUY-0054,retail,Pisang,2,15713.0,31422.0,False
ORD-01620,2024-10-31 12:00:00,BUY-0112,retail,Nanas,3,11903.0,35126.0,False
ORD-03912,2024-10-31 15:00:00,BUY-0078,retail,Mangga,2,25108.0,48690.0,False
ORD-01402,2024-10-31 18:00:00,BUY-0042,reseller,Pisang,23,17120.0,360746.0,False
ORD-00414,2024-10-31 19:00:00,BUY-0120,retail,Pepaya,4,9722.0,36777.0,False
ORD-02881,2024-10-31 21:00:00,BUY-0041,retail,Anggur,2,53913.0,101208.0,False
ORD-01587,2024-11-01 09:00:00,BUY-0068,retail,Mangga,4,24890.0,92379.0,False
ORD-00741,2024-11-01 11:00:00,BUY-0106,retail,Semangka,4,10081.0,39229.0,False
ORD-01640,2024-11-01 12:00:00,BUY-0050,retail,Anggur,3,52002.0,150615.0,False
ORD-00303,2024-11-01 13:00:00,BUY-0094,retail,Semangka,1,9725.0,9028.0,False
ORD-04050,2024-11-01 16:00:00,BUY-0026,retail,Nanas,1,12218.0,11003.0,False
ORD-01099,2024-11-01 16:00:00,BUY-0081,retail,Apel,1,32158.0,31883.0,False
ORD-00442,2024-11-01 19:00:00,BUY-0115,retail,Apel,4,32512.0,118441.0,False
ORD-01624,2024-11-01 21:00:00,BUY-0012,reseller,Jeruk,39,22650.0,799786.0,False
ORD-01106,2024-11-02 15:00:00,BUY-0101,reseller,Pepaya,14,9986.0,138224.0,False
ORD-00667,2024-11-02 17:00:00,BUY-0091,retail,Pepaya,2,10457.0,19485.0,False
ORD-02066,2024-11-03 08:00:00,BUY-0051,retail,Pisang,4,16077.0,62126.0,False
ORD-00625,2024-11-03 11:00:00,BUY-0001,retail,Pisang,1,16605.0,15031.0,False
ORD-01361,2024-11-03 15:00:00,BUY-0111,retail,Jeruk,1,22304.0,20153.0,False
ORD-02895,2024-11-03 15:00:00,BUY-0113,retail,Jeruk,1,22899.0,22387.0,False
ORD-00344,2024-11-03 19:00:00,BUY-0145,retail,Semangka,4,9904.0,37214.0,False
ORD-03719,2024-11-03 19:00:00,BUY-0126,retail,Anggur,4,52867.0,192634.0,False
ORD-02289,2024-11-04 08:00:00,BUY-0120,retail,Nanas,2,12723.0,24904.0,False
ORD-02074,2024-11-04 16:00:00,BUY-0105,retail,Pisang,3,16006.0,45138.0,False
ORD-01046,2024-11-04 16:00:00,BUY-0071,retail,Mangga,4,24607.0,98301.0,False
ORD-00246,2024-11-04 19:00:00,BUY-0023,reseller,Mangga,39,25286.0,931186.0,False
ORD-03381,2024-11-04 21:00:00,BUY-0074,retail,Anggur,2,51774.0,97533.0,False
ORD-02781,2024-11-05 09:00:00,BUY-0060,retail,Nanas,3,12050.0,35868.0,False
ORD-00867,2024-11-05 09:00:00,BUY-0118,retail,Nanas,2,12425.0,22685.0,False
ORD-02787,2024-11-05 12:00:00,BUY-0021,retail,Semangka,3,9954.0,29099.0,False
ORD-03264,2024-11-05 12:00:00,BUY-0124,retail,Jeruk,2,22540.0,43608.0,False
ORD-00244,2024-11-05 17:00:00,BUY-0060,retail,Nanas,4,12120.0,48068.0,False
ORD-00370,2024-11-05 20:00:00,BUY-0072,retail,Anggur,2,51457.0,93608.0,False
ORD-01100,2024-11-05 21:00:00,BUY-0080,retail,Apel,3,33415.0,90868.0,False
ORD-03134,2024-11-06 12:00:00,BUY-0084,retail,Anggur,3,52097.0,151312.0,False
ORD-01809,2024-11-06 13:00:00,BUY-0080,retail,Pisang,3,16612.0,49120.0,False
ORD-02031,2024-11-06 17:00:00,BUY-0083,reseller,Pisang,14,16113.0,219389.0,False
ORD-00600,2024-11-07 10:00:00,BUY-0025,retail,Nanas,2,13029.0,23720.0,False
ORD-01578,2024-11-07 12:00:00,BUY-0055,retail,Anggur,2,54949.0,103179.0,False
ORD-02379,2024-11-07 13:00:00,BUY-0070,retail,Pepaya,2,10185.0,19373.0,False
ORD-01319,2024-11-07 17:00:00,BUY-0085,retail,Mangga,2,25194.0,45583.0,False
ORD-02659,2024-11-07 19:00:00,BUY-0075,retail,Anggur,2,49881.0,96585.0,False
ORD-02149,2024-11-07 20:00:00,BUY-0037,retail,Mangga,2,24625.0,48001.0,False
ORD-02202,2024-11-08 10:00:00,BUY-0050,retail,Nanas,4,12718.0,49642.0,False
ORD-04092,2024-11-08 12:00:00,BUY-0100,reseller,Pepaya,26,9641.0,228575.0,False
ORD-03800,2024-11-08 12:00:00,BUY-0017,retail,Pisang,2,16406.0,31363.0,False
ORD-01376,2024-11-08 20:00:00,BUY-0066,retail,Nanas,2,12088.0,23678.0,False
ORD-03998,2024-11-08 20:00:00,BUY-0007,retail,Pisang,4,16814.0,67014.0,False
ORD-00704,2024-11-09 08:00:00,BUY-0126,retail,Pisang,2,16924.0,31740.0,False
ORD-02012,2024-11-09 09:00:00,BUY-0073,reseller,Jeruk,23,23452.0,500202.0,False
ORD-01766,2024-11-09 10:00:00,BUY-0076,retail,Anggur,2,53885.0,100030.0,False
ORD-01189,2024-11-09 10:00:00,BUY-0079,retail,Nanas,3,12711.0,35638.0,False
ORD-02871,2024-11-09 11:00:00,BUY-0006,reseller,Semangka,17,9606.0,159988.0,False
ORD-02144,2024-11-09 14:00:00,BUY-0118,retail,Mangga,3,26188.0,75141.0,False
ORD-03981,2024-11-09 18:00:00,BUY-0141,retail,Nanas,2,12184.0,22212.0,False
ORD-02623,2024-11-09 19:00:00,BUY-0034,retail,Apel,3,33765.0,92263.0,False
ORD-02576,2024-11-10 08:00:00,BUY-0116,reseller,Nanas,27,13097.0,344162.0,False
ORD-00028,2024-11-10 11:00:00,BUY-0005,retail,Semangka,4,10235.0,40617.0,False
ORD-00744,2024-11-10 12:00:00,BUY-0022,retail,Anggur,2,49958.0,92969.0,False
ORD-02174,2024-11-10 15:00:00,BUY-0080,retail,Pepaya,3,10171.0,29522.0,False
ORD-03673,2024-11-11 12:00:00,BUY-0009,retail,Nanas,4,12667.0,46644.0,False
ORD-00228,2024-11-11 16:00:00,BUY-0122,retail,Mangga,1,26248.0,24733.0,False
ORD-03860,2024-11-11 16:00:00,BUY-0108,retail,Anggur,2,52436.0,103274.0,False
ORD-01386,2024-11-11 18:00:00,BUY-0058,retail,Apel,2,31784.0,60253.0,False
ORD-02273,2024-11-11 20:00:00,BUY-0097,retail,Semangka,2,9756.0,18577.0,False
ORD-02312,2024-11-12 09:00:00,BUY-0041,retail,Semangka,3,10438.0,29106.0,False
ORD-01441,2024-11-12 11:00:00,BUY-0045,reseller,Anggur,13,53365.0,634105.0,False
ORD-00353,2024-11-12 13:00:00,BUY-0131,retail,Pepaya,4,9790.0,36331.0,False
ORD-03937,2024-11-12 16:00:00,BUY-0007,retail,Semangka,1,9587.0,9321.0,False
ORD-02325,2024-11-12 20:00:00,BUY-0031,retail,Apel,1,32061.0,29347.0,False
ORD-02306,2024-11-13 08:00:00,BUY-0015,retail,Semangka,1,9589.0,9446.0,False
ORD-02401,2024-11-13 15:00:00,BUY-0150,retail,Pisang,4,17227.0,64081.0,False
ORD-00334,2024-11-13 15:00:00,BUY-0075,retail,Semangka,1,10309.0,10040.0,False
ORD-01485,2024-11-13 15:00:00,BUY-0038,retail,Mangga,1,25010.0,24320.0,False
ORD-02857,2024-11-13 16:00:00,BUY-0130,retail,Mangga,1,26193.0,24303.0,False
ORD-03455,2024-11-13 21:00:00,BUY-0147,retail,Nanas,1,12597.0,11988.0,False
ORD-03146,2024-11-14 08:00:00,BUY-0113,retail,Pepaya,3,9662.0,26529.0,False
ORD-00031,2024-11-14 12:00:00,BUY-0147,retail,Jeruk,2,22079.0,40303.0,False
ORD-00630,2024-11-14 14:00:00,BUY-0077,retail,Anggur,3,50728.0,139585.0,False
ORD-04126,2024-11-14 21:00:00,BUY-0091,retail,Anggur,1,52620.0,48172.0,False
ORD-01208,2024-11-15 08:00:00,BUY-0012,reseller,Semangka,17,9707.0,154708.0,False
ORD-01815,2024-11-15 09:00:00,BUY-0141,retail,Semangka,2,10007.0,18519.0,False
ORD-00944,2024-11-15 12:00:00,BUY-0144,retail,Pepaya,4,10416.0,39124.0,False
ORD-03186,2024-11-15 12:00:00,BUY-0146,retail,Nanas,4,12738.0,50035.0,False
ORD-02880,2024-11-15 12:00:00,BUY-0129,retail,Jeruk,2,22272.0,42504.0,False
ORD-02085,2024-11-15 15:00:00,BUY-0082,retail,Jeruk,1,23332.0,22627.0,False
ORD-01949,2024-11-15 16:00:00,BUY-0073,reseller,Mangga,33,25471.0,830913.0,False
ORD-03710,2024-11-15 17:00:00,BUY-0016,retail,Semangka,2,10355.0,19235.0,False
ORD-01327,2024-11-16 08:00:00,BUY-0008,retail,Anggur,2,52548.0,96383.0,False
ORD-03533,2024-11-16 11:00:00,BUY-0033,retail,Semangka,3,9505.0,28036.0,False
ORD-02684,2024-11-16 11:00:00,BUY-0075,retail,Apel,3,32286.0,89331.0,False
ORD-00010,2024-11-16 14:00:00,BUY-0029,retail,Jeruk,3,21595.0,60965.0,False
ORD-01720,2024-11-16 16:00:00,BUY-0112,retail,Mangga,1,25484.0,23247.0,False
ORD-02258,2024-11-17 09:00:00,BUY-0005,retail,Pisang,2,16728.0,33245.0,False
ORD-02894,2024-11-17 14:00:00,BUY-0018,retail,Anggur,1,52377.0,51076.0,False
ORD-00797,2024-11-17 15:00:00,BUY-0067,retail,Mangga,2,25780.0,49942.0,False
ORD-00942,2024-11-17 16:00:00,BUY-0131,retail,Anggur,1,54754.0,49736.0,False
ORD-02942,2024-11-17 16:00:00,BUY-0106,retail,Apel,1,32663.0,30681.0,False
ORD-03679,2024-11-17 19:00:00,BUY-0083,reseller,Apel,19,33026.0,589200.0,False
ORD-03414,2024-11-18 08:00:00,BUY-0029,retail,Nanas,1,12166.0,11043.0,False
ORD-01422,2024-11-18 08:00:00,BUY-0043,retail,Pepaya,3,10230.0,29225.0,False
ORD-00831,2024-11-18 10:00:00,BUY-0116,reseller,Nanas,20,11943.0,232647.0,False
ORD-02387,2024-11-18 12:00:00,BUY-0077,retail,Jeruk,4,22226.0,81910.0,False
ORD-03678,2024-11-18 13:00:00,BUY-0147,retail,Pepaya,2,10346.0,20068.0,False
ORD-02173,2024-11-18 15:00:00,BUY-0062,retail,Mangga,4,24365.0,87956.0,False
ORD-01689,2024-11-19 08:00:00,BUY-0137,reseller,Mangga,25,24219.0,597392.0,False
ORD-01735,2024-11-19 08:00:00,BUY-0116,reseller,Nanas,18,12910.0,209927.0,False
ORD-03787,2024-11-19 10:00:00,BUY-0092,retail,Semangka,1,9627.0,9100.0,False
ORD-01785,2024-11-20 10:00:00,BUY-0012,reseller,Jeruk,11,21876.0,231245.0,False
ORD-02814,2024-11-20 13:00:00,BUY-0019,reseller,Mangga,11,24907.0,265531.0,False
ORD-03822,2024-11-20 14:00:00,BUY-0010,retail,Mangga,2,26239.0,50284.0,False
ORD-00102,2024-11-20 17:00:00,BUY-0146,retail,Mangga,3,26123.0,71372.0,False
ORD-03016,2024-11-20 21:00:00,BUY-0095,retail,Anggur,3,53806.0,150831.0,False
ORD-01116,2024-11-21 11:00:00,BUY-0042,reseller,Mangga,21,26226.0,529143.0,False
ORD-00858,2024-11-21 12:00:00,BUY-0083,reseller,Apel,24,32479.0,728000.0,False
ORD-03209,2024-11-21 13:00:00,BUY-0005,retail,Apel,1,31614.0,30162.0,False
ORD-03101,2024-11-21 14:00:00,BUY-0072,retail,Pisang,4,16753.0,61362.0,False
ORD-03008,2024-11-21 15:00:00,BUY-0126,retail,Nanas,2,12746.0,25472.0,False
ORD-04117,2024-11-21 17:00:00,BUY-0102,retail,Apel,4,32480.0,118103.0,False
ORD-03879,2024-11-21 18:00:00,BUY-0004,retail,Nanas,2,12721.0,25027.0,False
ORD-00903,2024-11-21 19:00:00,BUY-0059,retail,Pepaya,3,10174.0,27469.0,False
ORD-00894,2024-11-21 20:00:00,BUY-0114,retail,Pepaya,2,9548.0,17261.0,False
ORD-02661,2024-11-22 08:00:00,BUY-0062,retail,Apel,4,32353.0,127102.0,False
ORD-01745,2024-11-22 09:00:00,BUY-0010,retail,Pepaya,3,9842.0,28252.0,False
ORD-00823,2024-11-22 12:00:00,BUY-0104,reseller,Mangga,13,23815.0,278914.0,False
ORD-00628,2024-11-22 12:00:00,BUY-0078,retail,Semangka,2,9700.0,19286.0,False
ORD-02076,2024-11-22 14:00:00,BUY-0026,retail,Apel,2,33253.0,65531.0,False
ORD-00607,2024-11-22 15:00:00,BUY-0088,retail,Anggur,4,50434.0,182420.0,False
ORD-00210,2024-11-22 18:00:00,BUY-0034,retail,Pepaya,1,9932.0,9050.0,False
ORD-00326,2024-11-22 20:00:00,BUY-0013,retail,Mangga,2,24043.0,45942.0,False
ORD-00721,2024-11-23 08:00:00,BUY-0092,retail,Pepaya,1,10189.0,10087.0,False
ORD-00888,2024-11-23 09:00:00,BUY-0091,retail,Jeruk,1,23341.0,21429.0,False
ORD-00556,2024-11-23 12:00:00,BUY-0075,retail,Jeruk,3,21450.0,61520.0,False
ORD-02622,2024-11-23 13:00:00,BUY-0043,retail,Nanas,1,12912.0,12803.0,False
ORD-00256,2024-11-23 15:00:00,BUY-0114,retail,Mangga,3,23866.0,65923.0,False
ORD-02421,2024-11-23 15:00:00,BUY-0147,retail,Pisang,3,16573.0,47658.0,False
ORD-02196,2024-11-23 17:00:00,BUY-0112,retail,Mangga,1,24595.0,24222.0,False
ORD-00399,2024-11-23 18:00:00,BUY-0146,retail,Mangga,4,25668.0,101219.0,False
ORD-02003,2024-11-24 16:00:00,BUY-0065,retail,Pepaya,1,10198.0,10185.0,False
ORD-01120,2024-11-24 21:00:00,BUY-0048,retail,Semangka,2,10426.0,19764.0,False
ORD-02750,2024-11-25 01:00:00,BUY-0002,retail,Anggur,106,52378.0,115826.0,True
ORD-02067,2024-11-25 09:00:00,BUY-0046,reseller,Anggur,34,51771.0,1696825.0,False
ORD-04044,2024-11-25 12:00:00,BUY-0003,reseller,Apel,35,32522.0,1136975.0,False
ORD-03529,2024-11-25 12:00:00,BUY-0042,reseller,Semangka,28,10335.0,277442.0,False
ORD-02315,2024-11-25 13:00:00,BUY-0108,retail,Pisang,3,15972.0,47371.0,False
ORD-01130,2024-11-25 13:00:00,BUY-0102,retail,Nanas,3,12969.0,35340.0,False
ORD-03752,2024-11-25 16:00:00,BUY-0005,retail,Pepaya,1,9963.0,9004.0,False
ORD-03766,2024-11-25 17:00:00,BUY-0134,retail,Apel,4,32485.0,125346.0,False
ORD-03384,2024-11-25 17:00:00,BUY-0081,retail,Pepaya,2,10153.0,18741.0,False
ORD-00564,2024-11-25 18:00:00,BUY-0090,retail,Anggur,4,51459.0,189449.0,False
ORD-01321,2024-11-26 08:00:00,BUY-0021,retail,Mangga,1,24782.0,24222.0,False
ORD-01824,2024-11-26 11:00:00,BUY-0149,retail,Apel,4,32151.0,123697.0,False
ORD-02329,2024-11-26 13:00:00,BUY-0092,retail,Mangga,3,25538.0,71983.0,False
ORD-01250,2024-11-26 15:00:00,BUY-0078,retail,Pepaya,4,9526.0,35646.0,False
ORD-01517,2024-11-27 09:00:00,BUY-0112,retail,Pisang,1,15873.0,14512.0,False
ORD-01413,2024-11-27 13:00:00,BUY-0111,retail,Pepaya,3,10142.0,29461.0,False
ORD-00949,2024-11-27 13:00:00,BUY-0139,retail,Pepaya,2,10187.0,19375.0,False
ORD-00781,2024-11-27 19:00:00,BUY-0119,retail,Jeruk,2,23186.0,43691.0,False
ORD-03272,2024-11-27 20:00:00,BUY-0034,retail,Semangka,3,9731.0,27703.0,False
ORD-01996,2024-11-28 02:00:00,BUY-0124,retail,Mangga,57,25659.0,51855.0,True
ORD-03234,2024-11-28 10:00:00,BUY-0118,retail,Pepaya,4,9745.0,36422.0,False
ORD-03082,2024-11-28 11:00:00,BUY-0107,retail,Nanas,2,12481.0,22748.0,False
ORD-00240,2024-11-28 12:00:00,BUY-0080,retail,Semangka,3,10467.0,31366.0,False
ORD-01929,2024-11-28 15:00:00,BUY-0081,retail,Apel,4,32139.0,123279.0,False
ORD-01050,2024-11-29 12:00:00,BUY-0092,retail,Anggur,3,52580.0,157596.0,False
ORD-00352,2024-11-29 19:00:00,BUY-0103,retail,Pepaya,4,10192.0,37901.0,False
ORD-02638,2024-11-29 21:00:00,BUY-0010,retail,Anggur,2,54302.0,104039.0,False
ORD-01713,2024-11-30 11:00:00,BUY-0068,retail,Semangka,1,9508.0,9424.0,False
ORD-03424,2024-11-30 11:00:00,BUY-0126,retail,Pisang,3,16737.0,46629.0,False
ORD-02219,2024-12-01 09:00:00,BUY-0136,retail,Mangga,4,24965.0,98932.0,False
ORD-02876,2024-12-01 11:00:00,BUY-0122,retail,Jeruk,1,23251.0,22897.0,False
ORD-03253,2024-12-01 16:00:00,BUY-0058,retail,Nanas,3,12495.0,37074.0,False
ORD-03014,2024-12-01 18:00:00,BUY-0065,retail,Nanas,1,12887.0,12214.0,False
ORD-00788,2024-12-01 20:00:00,BUY-0109,retail,Jeruk,2,23308.0,43666.0,False
ORD-01651,2024-12-02 00:00:00,BUY-0135,retail,Apel,57,34066.0,142946.0,True
ORD-02284,2024-12-02 11:00:00,BUY-0015,retail,Apel,2,32935.0,61553.0,False
ORD-01739,2024-12-02 17:00:00,BUY-0093,retail,Anggur,1,52707.0,50955.0,False
ORD-02283,2024-12-02 18:00:00,BUY-0049,retail,Nanas,4,11996.0,44488.0,False
ORD-03340,2024-12-03 08:00:00,BUY-0099,retail,Anggur,2,51587.0,98059.0,False
ORD-01439,2024-12-03 09:00:00,BUY-0068,retail,Jeruk,3,22923.0,65563.0,False
ORD-02185,2024-12-03 11:00:00,BUY-0073,reseller,Pepaya,36,10160.0,359515.0,False
ORD-04103,2024-12-03 21:00:00,BUY-0071,retail,Mangga,3,24087.0,68695.0,False
ORD-01167,2024-12-04 08:00:00,BUY-0142,retail,Pepaya,4,9624.0,36238.0,False
ORD-03494,2024-12-04 08:00:00,BUY-0071,retail,Semangka,4,10068.0,36455.0,False
ORD-00468,2024-12-04 15:00:00,BUY-0024,reseller,Anggur,33,54387.0,1618920.0,False
ORD-03897,2024-12-04 16:00:00,BUY-0069,retail,Pisang,4,17313.0,66184.0,False
ORD-01158,2024-12-04 16:00:00,BUY-0140,retail,Semangka,1,9563.0,9464.0,False
ORD-03883,2024-12-04 17:00:00,BUY-0024,reseller,Mangga,17,25602.0,421991.0,False
ORD-00672,2024-12-04 18:00:00,BUY-0063,retail,Mangga,1,25692.0,23694.0,False
ORD-03138,2024-12-04 21:00:00,BUY-0018,retail,Nanas,3,12818.0,35167.0,False
ORD-00026,2024-12-05 09:00:00,BUY-0033,retail,Jeruk,2,22063.0,42686.0,False
ORD-01527,2024-12-05 10:00:00,BUY-0039,retail,Semangka,1,9636.0,9606.0,False
ORD-01162,2024-12-05 12:00:00,BUY-0018,retail,Nanas,1,12652.0,12371.0,False
ORD-00214,2024-12-05 21:00:00,BUY-0096,retail,Apel,1,31590.0,30872.0,False
ORD-03378,2024-12-06 08:00:00,BUY-0060,retail,Pepaya,1,9872.0,9133.0,False
ORD-00012,2024-12-06 09:00:00,BUY-0115,retail,Pepaya,1,10474.0,9824.0,False
ORD-02761,2024-12-06 10:00:00,BUY-0074,retail,Semangka,1,10173.0,9785.0,False
ORD-00508,2024-12-06 15:00:00,BUY-0150,retail,Nanas,1,12124.0,11479.0,False
ORD-00213,2024-12-06 21:00:00,BUY-0126,retail,Semangka,3,9719.0,26721.0,False
ORD-00459,2024-12-07 10:00:00,BUY-0145,retail,Semangka,3,9892.0,28546.0,False
ORD-02662,2024-12-07 10:00:00,BUY-0145,retail,Semangka,2,10172.0,20137.0,False
ORD-03210,2024-12-07 10:00:00,BUY-0059,retail,Pepaya,3,10213.0,29127.0,False
ORD-01224,2024-12-07 11:00:00,BUY-0118,retail,Pepaya,3,9804.0,29296.0,False
ORD-00906,2024-12-07 11:00:00,BUY-0035,retail,Mangga,4,24530.0,97715.0,False
ORD-00669,2024-12-07 13:00:00,BUY-0134,retail,Nanas,4,12175.0,45650.0,False
ORD-04107,2024-12-07 14:00:00,BUY-0140,retail,Mangga,1,26088.0,25080.0,False
ORD-03116,2024-12-07 16:00:00,BUY-0094,retail,Jeruk,4,21418.0,78304.0,False
ORD-03580,2024-12-08 09:00:00,BUY-0075,retail,Anggur,4,54514.0,214720.0,False
ORD-02383,2024-12-08 09:00:00,BUY-0032,reseller,Mangga,22,25684.0,532030.0,False
ORD-00460,2024-12-08 09:00:00,BUY-0020,retail,Pepaya,3,9590.0,28008.0,False
ORD-04007,2024-12-08 12:00:00,BUY-0088,retail,Jeruk,2,21997.0,40704.0,False
ORD-02633,2024-12-08 12:00:00,BUY-0081,retail,Semangka,2,9856.0,19249.0,False
ORD-02831,2024-12-08 16:00:00,BUY-0036,retail,Jeruk,4,21891.0,84564.0,False
ORD-00215,2024-12-08 16:00:00,BUY-0144,retail,Semangka,1,9524.0,8640.0,False
ORD-02614,2024-12-08 19:00:00,BUY-0074,retail,Semangka,4,10461.0,41788.0,False
ORD-03058,2024-12-08 20:00:00,BUY-0103,retail,Jeruk,4,22607.0,86704.0,False
ORD-01529,2024-12-09 16:00:00,BUY-0066,retail,Pepaya,1,10440.0,10399.0,False
ORD-01754,2024-12-09 16:00:00,BUY-0052,retail,Semangka,3,10048.0,30090.0,False
ORD-04115,2024-12-09 16:00:00,BUY-0040,retail,Pisang,2,15887.0,31024.0,False
ORD-02447,2024-12-09 17:00:00,BUY-0056,retail,Apel,3,33764.0,91387.0,False
ORD-02800,2024-12-09 17:00:00,BUY-0066,retail,Pisang,3,16819.0,48760.0,False
ORD-01884,2024-12-10 10:00:00,BUY-0145,retail,Apel,3,33543.0,96348.0,False
ORD-03545,2024-12-10 11:00:00,BUY-0144,retail,Nanas,2,12917.0,23811.0,False
ORD-02956,2024-12-10 12:00:00,BUY-0110,reseller,Mangga,19,24343.0,433044.0,False
ORD-02516,2024-12-10 15:00:00,BUY-0036,retail,Anggur,4,54827.0,199318.0,False
ORD-00027,2024-12-10 16:00:00,BUY-0065,retail,Pisang,1,16858.0,16212.0,False
ORD-02485,2024-12-10 21:00:00,BUY-0144,retail,Semangka,2,9750.0,19352.0,False
ORD-02227,2024-12-10 21:00:00,BUY-0113,retail,Anggur,4,51461.0,198444.0,False
ORD-01300,2024-12-10 21:00:00,BUY-0064,retail,Semangka,3,9919.0,27510.0,False
ORD-00403,2024-12-11 09:00:00,BUY-0116,reseller,Anggur,23,53691.0,1143951.0,False
ORD-00091,2024-12-11 11:00:00,BUY-0143,reseller,Mangga,35,24617.0,861526.0,False
ORD-02909,2024-12-11 17:00:00,BUY-0083,reseller,Nanas,28,12639.0,338291.0,False
ORD-02555,2024-12-11 19:00:00,BUY-0030,retail,Anggur,3,53924.0,147048.0,False
ORD-01956,2024-12-11 20:00:00,BUY-0063,retail,Apel,2,31036.0,61905.0,False
ORD-00520,2024-12-12 00:00:00,BUY-0147,retail,Pisang,55,16238.0,29286.0,True
ORD-02737,2024-12-12 03:00:00,BUY-0095,retail,Pepaya,155,9776.0,42206.0,True
ORD-02458,2024-12-12 09:00:00,BUY-0093,retail,Apel,1,33003.0,31002.0,False
ORD-00065,2024-12-12 11:00:00,BUY-0029,retail,Jeruk,2,22268.0,43697.0,False
ORD-04088,2024-12-12 12:00:00,BUY-0072,retail,Nanas,1,12887.0,11601.0,False
ORD-00456,2024-12-12 15:00:00,BUY-0141,retail,Semangka,2,9845.0,18419.0,False
ORD-03857,2024-12-12 20:00:00,BUY-0029,retail,Anggur,2,52349.0,101805.0,False
ORD-02936,2024-12-13 08:00:00,BUY-0053,retail,Nanas,3,12534.0,34140.0,False
ORD-01864,2024-12-13 09:00:00,BUY-0040,retail,Pepaya,2,10349.0,19424.0,False
ORD-03958,2024-12-13 09:00:00,BUY-0082,retail,Pepaya,4,10374.0,39177.0,False
ORD-01339,2024-12-13 11:00:00,BUY-0013,retail,Pisang,4,16348.0,64936.0,False
ORD-00227,2024-12-13 12:00:00,BUY-0117,retail,Jeruk,1,22858.0,20771.0,False
ORD-03462,2024-12-13 15:00:00,BUY-0119,retail,Jeruk,2,22894.0,45685.0,False
ORD-01840,2024-12-13 17:00:00,BUY-0113,retail,Semangka,2,9738.0,17599.0,False
ORD-01826,2024-12-13 17:00:00,BUY-0116,reseller,Mangga,39,24793.0,910410.0,False
ORD-01887,2024-12-13 21:00:00,BUY-0037,retail,Jeruk,1,21496.0,20369.0,False
ORD-03000,2024-12-13 21:00:00,BUY-0093,retail,Semangka,3,10438.0,30353.0,False
ORD-03928,2024-12-14 08:00:00,BUY-0031,retail,Semangka,2,10289.0,20240.0,False
ORD-02345,2024-12-14 11:00:00,BUY-0117,retail,Pepaya,3,10361.0,29760.0,False
ORD-03629,2024-12-14 12:00:00,BUY-0101,reseller,Mangga,37,24123.0,809934.0,False
ORD-03396,2024-12-14 20:00:00,BUY-0068,retail,Anggur,1,53301.0,48589.0,False
ORD-02835,2024-12-14 21:00:00,BUY-0047,retail,Pepaya,3,9920.0,28732.0,False
ORD-03674,2024-12-15 09:00:00,BUY-0059,retail,Nanas,1,13050.0,11978.0,False
ORD-01854,2024-12-15 17:00:00,BUY-0059,retail,Pisang,3,17202.0,50961.0,False
ORD-02392,2024-12-15 17:00:00,BUY-0036,retail,Mangga,4,24132.0,89859.0,False
ORD-00749,2024-12-15 18:00:00,BUY-0123,retail,Apel,4,32043.0,115645.0,False
ORD-02228,2024-12-16 11:00:00,BUY-0126,retail,Nanas,4,12466.0,48481.0,False
ORD-03212,2024-12-16 16:00:00,BUY-0067,retail,Jeruk,3,22438.0,67042.0,False
ORD-01818,2024-12-16 19:00:00,BUY-0116,reseller,Pepaya,11,9760.0,102751.0,False
ORD-03154,2024-12-16 21:00:00,BUY-0069,retail,Apel,3,32093.0,88620.0,False
ORD-03503,2024-12-17 09:00:00,BUY-0033,retail,Jeruk,1,21456.0,20484.0,False
ORD-01333,2024-12-17 11:00:00,BUY-0041,retail,Apel,3,32774.0,88509.0,False
ORD-03202,2024-12-17 13:00:00,BUY-0121,retail,Mangga,1,24489.0,24378.0,False
ORD-03555,2024-12-18 09:00:00,BUY-0110,reseller,Pepaya,27,9734.0,239446.0,False
ORD-00131,2024-12-18 09:00:00,BUY-0119,retail,Pisang,1,16402.0,15403.0,False
ORD-02539,2024-12-18 12:00:00,BUY-0073,reseller,Jeruk,14,21435.0,299038.0,False
ORD-02535,2024-12-18 14:00:00,BUY-0041,retail,Nanas,3,12367.0,34783.0,False
ORD-03711,2024-12-18 20:00:00,BUY-0033,retail,Apel,3,32941.0,96802.0,False
ORD-02449,2024-12-19 10:00:00,BUY-0089,retail,Pisang,3,17209.0,48714.0,False
ORD-01314,2024-12-19 11:00:00,BUY-0129,retail,Pisang,4,16708.0,64384.0,False
ORD-03187,2024-12-19 11:00:00,BUY-0093,retail,Apel,1,34100.0,31405.0,False
ORD-03994,2024-12-19 12:00:00,BUY-0132,reseller,Semangka,39,10008.0,355447.0,False
ORD-00766,2024-12-19 12:00:00,BUY-0118,retail,Anggur,2,53228.0,101236.0,False
ORD-00055,2024-12-19 15:00:00,BUY-0051,retail,Anggur,3,52634.0,154505.0,False
ORD-00950,2024-12-19 16:00:00,BUY-0056,retail,Apel,2,30977.0,56918.0,False
ORD-01857,2024-12-19 17:00:00,BUY-0022,retail,Mangga,1,25846.0,23719.0,False
ORD-01653,2024-12-19 21:00:00,BUY-0014,reseller,Pepaya,38,10285.0,370424.0,False
ORD-03107,2024-12-20 09:00:00,BUY-0097,retail,Anggur,3,50741.0,148989.0,False
ORD-01267,2024-12-20 18:00:00,BUY-0014,reseller,Apel,30,32223.0,938388.0,False
ORD-03056,2024-12-20 19:00:00,BUY-0008,retail,Jeruk,1,21559.0,21313.0,False
ORD-02182,2024-12-21 04:00:00,BUY-0037,retail,Jeruk,119,23382.0,219904.0,True
ORD-03921,2024-12-21 10:00:00,BUY-0016,retail,Anggur,1,53211.0,50365.0,False
ORD-02326,2024-12-21 12:00:00,BUY-0074,retail,Semangka,1,10245.0,9318.0,False
ORD-00245,2024-12-21 18:00:00,BUY-0023,reseller,Jeruk,29,22665.0,627661.0,False
ORD-02727,2024-12-21 18:00:00,BUY-0045,reseller,Semangka,23,9836.0,208277.0,False
ORD-03088,2024-12-22 11:00:00,BUY-0037,retail,Pisang,3,17243.0,51032.0,False
ORD-04039,2024-12-22 14:00:00,BUY-0056,retail,Mangga,3,24791.0,72767.0,False
ORD-03689,2024-12-22 16:00:00,BUY-0150,retail,Jeruk,4,23177.0,87449.0,False
ORD-02346,2024-12-22 20:00:00,BUY-0045,reseller,Apel,19,33919.0,586051.0,False
ORD-03733,2024-12-22 21:00:00,BUY-0094,retail,Semangka,2,9805.0,19082.0,False
ORD-03655,2024-12-23 09:00:00,BUY-0002,retail,Pisang,3,16029.0,45405.0,False
ORD-00316,2024-12-23 14:00:00,BUY-0014,reseller,Pepaya,29,9861.0,284253.0,False
ORD-01193,2024-12-23 15:00:00,BUY-0148,retail,Pepaya,3,10413.0,29576.0,False
ORD-01146,2024-12-23 16:00:00,BUY-0091,retail,Pisang,1,17081.0,16349.0,False
ORD-02159,2024-12-23 19:00:00,BUY-0106,retail,Semangka,3,9585.0,28561.0,False
ORD-04019,2024-12-23 21:00:00,BUY-0053,retail,Pepaya,2,10216.0,19383.0,False
ORD-03219,2024-12-24 13:00:00,BUY-0018,retail,Jeruk,4,21927.0,83004.0,False
ORD-02491,2024-12-24 17:00:00,BUY-0037,retail,Pisang,1,15822.0,14824.0,False
ORD-03273,2024-12-25 08:00:00,BUY-0009,retail,Pisang,3,16036.0,44374.0,False
ORD-00856,2024-12-25 08:00:00,BUY-0136,retail,Semangka,2,10360.0,19937.0,False
ORD-03062,2024-12-25 10:00:00,BUY-0104,reseller,Jeruk,29,22257.0,631076.0,False
ORD-02125,2024-12-25 16:00:00,BUY-0078,retail,Apel,4,32229.0,120627.0,False
ORD-00586,2024-12-25 16:00:00,BUY-0087,retail,Jeruk,2,22728.0,43137.0,False
ORD-03826,2024-12-25 17:00:00,BUY-0002,retail,Jeruk,1,23562.0,22888.0,False
ORD-01457,2024-12-25 20:00:00,BUY-0014,reseller,Mangga,16,24854.0,373311.0,False
ORD-00716,2024-12-26 08:00:00,BUY-0098,retail,Anggur,2,52285.0,102258.0,False
ORD-02579,2024-12-26 09:00:00,BUY-0093,retail,Pepaya,3,10278.0,28131.0,False
ORD-00859,2024-12-26 10:00:00,BUY-0028,retail,Nanas,4,12035.0,45006.0,False
ORD-01986,2024-12-26 17:00:00,BUY-0052,retail,Anggur,3,54210.0,156864.0,False
ORD-00736,2024-12-27 12:00:00,BUY-0075,retail,Nanas,1,12866.0,12156.0,False
ORD-00424,2024-12-27 13:00:00,BUY-0003,reseller,Nanas,17,12378.0,198836.0,False
ORD-00308,2024-12-27 16:00:00,BUY-0113,retail,Pisang,3,16532.0,48871.0,False
ORD-02585,2024-12-27 20:00:00,BUY-0082,retail,Jeruk,4,23181.0,86890.0,False
ORD-03614,2024-12-28 10:00:00,BUY-0061,retail,Nanas,4,12236.0,45095.0,False
ORD-03395,2024-12-28 11:00:00,BUY-0054,retail,Nanas,2,12247.0,23418.0,False
ORD-00092,2024-12-28 14:00:00,BUY-0077,retail,Anggur,2,51134.0,97198.0,False
ORD-02758,2024-12-28 14:00:00,BUY-0062,retail,Pepaya,1,10350.0,9999.0,False
ORD-03744,2024-12-28 19:00:00,BUY-0133,retail,Jeruk,2,22258.0,41012.0,False
ORD-02057,2024-12-28 20:00:00,BUY-0062,retail,Pepaya,2,10178.0,18951.0,False
ORD-02551,2024-12-28 20:00:00,BUY-0105,retail,Apel,4,32566.0,127877.0,False
ORD-03365,2024-12-29 11:00:00,BUY-0090,retail,Apel,1,32354.0,30236.0,False
ORD-00760,2024-12-29 11:00:00,BUY-0062,retail,Nanas,3,12146.0,33102.0,False
ORD-00157,2024-12-29 16:00:00,BUY-0035,retail,Nanas,1,13106.0,13074.0,False
ORD-01943,2024-12-29 17:00:00,BUY-0036,retail,Apel,1,31001.0,27929.0,False
ORD-04013,2024-12-29 18:00:00,BUY-0147,retail,Apel,4,32450.0,127570.0,False
ORD-00151,2024-12-29 18:00:00,BUY-0024,reseller,Jeruk,32,22030.0,668484.0,False
ORD-02461,2024-12-29 19:00:00,BUY-0101,reseller,Pepaya,24,9900.0,217913.0,False
ORD-01076,2024-12-29 19:00:00,BUY-0150,retail,Pepaya,3,9618.0,27166.0,False
ORD-00428,2024-12-29 20:00:00,BUY-0110,reseller,Pepaya,23,9608.0,211567.0,False
ORD-02564,2024-12-30 11:00:00,BUY-0081,retail,Mangga,3,25336.0,73585.0,False
ORD-00705,2024-12-30 12:00:00,BUY-0096,retail,Anggur,2,52107.0,94700.0,False
ORD-01259,2024-12-30 17:00:00,BUY-0011,retail,Apel,1,33204.0,30820.0,False
ORD-00699,2024-12-30 18:00:00,BUY-0126,retail,Mangga,1,25196.0,23671.0,False
ORD-01299,2024-12-30 18:00:00,BUY-0023,reseller,Nanas,25,12669.0,286467.0,False
ORD-00639,2024-12-30 18:00:00,BUY-0046,reseller,Semangka,27,10142.0,258932.0,False
ORD-03040,2024-12-30 20:00:00,BUY-0055,retail,Jeruk,1,22333.0,21837.0,False
ORD-01157,2024-12-30 21:00:00,BUY-0083,reseller,Pepaya,25,9744.0,235446.0,False
ORD-02811,2024-12-31 08:00:00,BUY-0110,reseller,Jeruk,30,22078.0,621196.0,False
ORD-00375,2024-12-31 12:00:00,BUY-0090,retail,Pepaya,4,9527.0,37122.0,False
ORD-02161,2024-12-31 17:00:00,BUY-0133,retail,Semangka,3,10380.0,29094.0,False
ORD-00536,2024-12-31 17:00:00,BUY-0092,retail,Anggur,2,52901.0,99462.0,False
ORD-02427,2024-12-31 18:00:00,BUY-0108,retail,Anggur,4,51684.0,194687.0,False
ORD-01902,2025-01-01 09:00:00,BUY-0010,retail,Mangga,1,25017.0,22793.0,False
ORD-00870,2025-01-01 17:00:00,BUY-0054,retail,Nanas,4,12032.0,43865.0,False
ORD-01061,2025-01-01 17:00:00,BUY-0025,retail,Anggur,1,52820.0,50894.0,False
ORD-03060,2025-01-01 20:00:00,BUY-0073,reseller,Nanas,25,12078.0,281784.0,False
ORD-03147,2025-01-02 11:00:00,BUY-0072,retail,Semangka,2,10324.0,18995.0,False
ORD-00929,2025-01-02 12:00:00,BUY-0110,reseller,Semangka,32,9955.0,296870.0,False
ORD-00420,2025-01-02 12:00:00,BUY-0098,retail,Anggur,2,55050.0,100496.0,False
ORD-00674,2025-01-02 14:00:00,BUY-0134,retail,Anggur,3,53726.0,151180.0,False
ORD-03548,2025-01-02 17:00:00,BUY-0081,retail,Pepaya,4,9974.0,37307.0,False
ORD-03067,2025-01-02 21:00:00,BUY-0126,retail,Jeruk,2,22524.0,43157.0,False
ORD-03243,2025-01-03 10:00:00,BUY-0070,retail,Anggur,2,52014.0,95031.0,False
ORD-01191,2025-01-03 10:00:00,BUY-0007,retail,Semangka,1,9856.0,9049.0,False
ORD-01362,2025-01-03 10:00:00,BUY-0063,retail,Mangga,1,24559.0,22680.0,False
ORD-02671,2025-01-03 12:00:00,BUY-0115,retail,Anggur,1,52381.0,47801.0,False
ORD-02377,2025-01-03 13:00:00,BUY-0055,retail,Semangka,2,9577.0,17624.0,False
ORD-02431,2025-01-03 15:00:00,BUY-0042,reseller,Semangka,19,9950.0,176136.0,False
ORD-00139,2025-01-03 15:00:00,BUY-0115,retail,Semangka,2,9849.0,19416.0,False
ORD-01444,2025-01-04 11:00:00,BUY-0139,retail,Apel,2,34009.0,63561.0,False
ORD-01722,2025-01-04 11:00:00,BUY-0056,retail,Nanas,1,12192.0,10997.0,False
ORD-02886,2025-01-04 11:00:00,BUY-0134,retail,Pepaya,3,10227.0,27788.0,False
ORD-01200,2025-01-04 14:00:00,BUY-0091,retail,Mangga,4,24688.0,92691.0,False
ORD-02191,2025-01-04 15:00:00,BUY-0127,retail,Anggur,1,54927.0,53813.0,False
ORD-04106,2025-01-04 16:00:00,BUY-0044,retail,Jeruk,3,22610.0,64805.0,False
ORD-03573,2025-01-04 21:00:00,BUY-0098,retail,Jeruk,2,22942.0,41690.0,False
ORD-01910,2025-01-05 08:00:00,BUY-0049,retail,Anggur,4,51768.0,198220.0,False
ORD-01691,2025-01-05 12:00:00,BUY-0059,retail,Pepaya,3,10092.0,29403.0,False
ORD-00559,2025-01-05 14:00:00,BUY-0037,retail,Jeruk,2,23083.0,44633.0,False
ORD-01174,2025-01-05 14:00:00,BUY-0046,reseller,Jeruk,38,21830.0,806618.0,False
ORD-01279,2025-01-05 15:00:00,BUY-0077,retail,Apel,2,33181.0,63344.0,False
ORD-02965,2025-01-05 16:00:00,BUY-0117,retail,Apel,3,33451.0,94293.0,False
ORD-01530,2025-01-05 17:00:00,BUY-0053,retail,Anggur,3,50712.0,138517.0,False
ORD-02117,2025-01-05 18:00:00,BUY-0096,retail,Jeruk,3,22811.0,66798.0,False
ORD-02042,2025-01-05 19:00:00,BUY-0099,retail,Apel,3,31545.0,91768.0,False
ORD-00498,2025-01-06 09:00:00,BUY-0099,retail,Nanas,3,11951.0,35595.0,False
ORD-03300,2025-01-06 16:00:00,BUY-0150,retail,Apel,2,31447.0,61629.0,False
ORD-04134,2025-01-06 19:00:00,BUY-0018,retail,Jeruk,2,21930.0,40627.0,False
ORD-03278,2025-01-06 19:00:00,BUY-0117,retail,Apel,4,31625.0,114438.0,False
ORD-02243,2025-01-06 20:00:00,BUY-0091,retail,Nanas,2,12808.0,25204.0,False
ORD-00064,2025-01-07 12:00:00,BUY-0092,retail,Pepaya,1,10080.0,9983.0,False
ORD-00392,2025-01-07 13:00:00,BUY-0012,reseller,Pepaya,32,9836.0,283463.0,False
ORD-02972,2025-01-08 12:00:00,BUY-0043,retail,Pepaya,1,10149.0,9372.0,False
ORD-00147,2025-01-08 12:00:00,BUY-0120,retail,Nanas,3,12082.0,36010.0,False
ORD-02703,2025-01-08 13:00:00,BUY-0083,reseller,Apel,18,32867.0,532671.0,False
ORD-01355,2025-01-08 18:00:00,BUY-0143,reseller,Semangka,24,9672.0,212065.0,False
ORD-01938,2025-01-08 20:00:00,BUY-0067,retail,Anggur,4,54446.0,204541.0,False
ORD-01823,2025-01-08 21:00:00,BUY-0043,retail,Pisang,4,16211.0,62778.0,False
ORD-01562,2025-01-09 09:00:00,BUY-0023,reseller,Pisang,12,15749.0,188618.0,False
ORD-00693,2025-01-09 13:00:00,BUY-0093,retail,Anggur,3,53693.0,145840.0,False
ORD-02878,2025-01-09 14:00:00,BUY-0030,retail,Semangka,2,10448.0,20677.0,False
ORD-01369,2025-01-09 17:00:00,BUY-0120,retail,Pepaya,3,9671.0,27597.0,False
ORD-00745,2025-01-09 17:00:00,BUY-0010,retail,Mangga,2,25252.0,48964.0,False
ORD-02626,2025-01-09 20:00:00,BUY-0117,retail,Pepaya,1,10040.0,9662.0,False
ORD-03484,2025-01-10 09:00:00,BUY-0137,reseller,Apel,26,30942.0,794957.0,False
ORD-04097,2025-01-10 10:00:00,BUY-0012,reseller,Pepaya,36,10169.0,350761.0,False
ORD-02127,2025-01-10 16:00:00,BUY-0106,retail,Pepaya,2,9695.0,18711.0,False
ORD-02867,2025-01-10 16:00:00,BUY-0057,retail,Anggur,3,54307.0,160873.0,False
ORD-00219,2025-01-10 18:00:00,BUY-0139,retail,Pisang,4,16447.0,63808.0,False
ORD-03941,2025-01-11 08:00:00,BUY-0018,retail,Apel,4,31039.0,120854.0,False
ORD-02509,2025-01-11 12:00:00,BUY-0125,retail,Anggur,2,53844.0,99134.0,False
ORD-02964,2025-01-11 15:00:00,BUY-0041,retail,Nanas,3,12066.0,34561.0,False
ORD-00883,2025-01-11 17:00:00,BUY-0076,retail,Jeruk,2,23022.0,41550.0,False
ORD-00504,2025-01-12 08:00:00,BUY-0073,reseller,Pepaya,27,9886.0,264376.0,False
ORD-02883,2025-01-12 12:00:00,BUY-0012,reseller,Anggur,38,53564.0,2032967.0,False
ORD-00707,2025-01-12 13:00:00,BUY-0021,retail,Pepaya,4,10063.0,37118.0,False
ORD-01078,2025-01-12 15:00:00,BUY-0077,retail,Semangka,1,9508.0,9496.0,False
ORD-03643,2025-01-12 17:00:00,BUY-0030,retail,Apel,1,31675.0,31297.0,False
ORD-00218,2025-01-12 19:00:00,BUY-0087,retail,Nanas,4,12638.0,47325.0,False
ORD-02959,2025-01-12 21:00:00,BUY-0045,reseller,Semangka,38,9562.0,357164.0,False
ORD-03891,2025-01-13 11:00:00,BUY-0138,retail,Anggur,3,54385.0,157199.0,False
ORD-03434,2025-01-13 11:00:00,BUY-0086,retail,Mangga,3,25752.0,75775.0,False
ORD-02948,2025-01-13 13:00:00,BUY-0034,retail,Apel,1,33677.0,31441.0,False
ORD-03927,2025-01-13 18:00:00,BUY-0114,retail,Jeruk,1,22695.0,21370.0,False
ORD-02344,2025-01-13 18:00:00,BUY-0051,retail,Semangka,1,9597.0,9076.0,False
ORD-00152,2025-01-14 08:00:00,BUY-0096,retail,Apel,3,33226.0,94535.0,False
ORD-00554,2025-01-14 08:00:00,BUY-0045,reseller,Nanas,16,12993.0,188889.0,False
ORD-01524,2025-01-14 10:00:00,BUY-0035,retail,Jeruk,1,22388.0,21855.0,False
ORD-01853,2025-01-14 12:00:00,BUY-0081,retail,Mangga,1,25709.0,24383.0,False
ORD-02973,2025-01-14 13:00:00,BUY-0143,reseller,Apel,14,30955.0,412301.0,False
ORD-01126,2025-01-14 14:00:00,BUY-0040,retail,Jeruk,1,22344.0,20434.0,False
ORD-03827,2025-01-14 19:00:00,BUY-0045,reseller,Nanas,36,12427.0,420362.0,False
ORD-02630,2025-01-15 11:00:00,BUY-0028,retail,Jeruk,4,22338.0,83667.0,False
ORD-02847,2025-01-15 14:00:00,BUY-0076,retail,Jeruk,1,22114.0,20295.0,False
ORD-03148,2025-01-15 17:00:00,BUY-0111,retail,Pisang,4,17115.0,63107.0,False
ORD-04059,2025-01-16 08:00:00,BUY-0084,retail,Nanas,4,12536.0,49112.0,False
ORD-00828,2025-01-16 11:00:00,BUY-0019,reseller,Pisang,33,16057.0,479913.0,False
ORD-04060,2025-01-16 11:00:00,BUY-0053,retail,Semangka,4,10401.0,40468.0,False
ORD-03997,2025-01-16 13:00:00,BUY-0072,retail,Semangka,1,9681.0,9270.0,False
ORD-03459,2025-01-16 13:00:00,BUY-0085,retail,Semangka,2,10386.0,19179.0,False
ORD-03705,2025-01-16 14:00:00,BUY-0120,retail,Anggur,3,53233.0,148278.0,False
ORD-00040,2025-01-16 15:00:00,BUY-0016,retail,Mangga,3,23925.0,66730.0,False
ORD-01598,2025-01-16 15:00:00,BUY-0094,retail,Apel,1,32061.0,30055.0,False
ORD-00711,2025-01-16 15:00:00,BUY-0001,retail,Nanas,3,12664.0,37199.0,False
ORD-03741,2025-01-16 17:00:00,BUY-0101,reseller,Nanas,39,11911.0,445373.0,False
ORD-00953,2025-01-16 18:00:00,BUY-0014,reseller,Pepaya,12,10431.0,117562.0,False
ORD-03140,2025-01-17 11:00:00,BUY-0017,retail,Semangka,2,9569.0,18400.0,False
ORD-03866,2025-01-17 13:00:00,BUY-0105,retail,Anggur,2,52944.0,98134.0,False
ORD-03707,2025-01-17 19:00:00,BUY-0024,reseller,Pisang,14,16207.0,219362.0,False
ORD-00946,2025-01-17 19:00:00,BUY-0120,retail,Apel,2,32795.0,62374.0,False
ORD-02224,2025-01-17 21:00:00,BUY-0081,retail,Anggur,1,51136.0,48787.0,False
ORD-02475,2025-01-18 09:00:00,BUY-0010,retail,Semangka,1,10244.0,10160.0,False
ORD-02373,2025-01-18 11:00:00,BUY-0112,retail,Apel,2,32803.0,65587.0,False
ORD-00753,2025-01-18 13:00:00,BUY-0023,reseller,Mangga,36,25368.0,878663.0,False
ORD-03175,2025-01-18 15:00:00,BUY-0135,retail,Jeruk,4,22110.0,79600.0,False
ORD-01344,2025-01-18 17:00:00,BUY-0133,retail,Apel,3,33335.0,95399.0,False
ORD-03561,2025-01-18 20:00:00,BUY-0039,retail,Nanas,4,12339.0,45666.0,False
ORD-02837,2025-01-18 21:00:00,BUY-0011,retail,Mangga,1,24094.0,22711.0,False
ORD-00144,2025-01-19 10:00:00,BUY-0106,retail,Anggur,2,54283.0,105573.0,False
ORD-02877,2025-01-19 13:00:00,BUY-0081,retail,Mangga,2,25961.0,50157.0,False
ORD-03989,2025-01-19 13:00:00,BUY-0057,retail,Apel,3,31337.0,88479.0,False
ORD-00248,2025-01-19 13:00:00,BUY-0060,retail,Jeruk,2,23112.0,42392.0,False
ORD-00526,2025-01-19 20:00:00,BUY-0050,retail,Pepaya,1,9617.0,9391.0,False
ORD-03524,2025-01-19 20:00:00,BUY-0150,retail,Anggur,4,51758.0,190857.0,False
ORD-02786,2025-01-20 08:00:00,BUY-0055,retail,Pepaya,1,9582.0,9459.0,False
ORD-03490,2025-01-20 09:00:00,BUY-0079,retail,Mangga,2,23873.0,44964.0,False
ORD-00176,2025-01-20 11:00:00,BUY-0036,retail,Anggur,2,52996.0,102992.0,False
ORD-00074,2025-01-20 12:00:00,BUY-0138,retail,Apel,2,32255.0,59168.0,False
ORD-00306,2025-01-20 14:00:00,BUY-0143,reseller,Mangga,38,24786.0,849044.0,False
ORD-00136,2025-01-20 14:00:00,BUY-0033,retail,Semangka,1,9528.0,8791.0,False
ORD-02922,2025-01-20 15:00:00,BUY-0100,reseller,Nanas,29,12608.0,364330.0,False
ORD-00197,2025-01-20 16:00:00,BUY-0131,retail,Mangga,4,26162.0,100381.0,False
ORD-01389,2025-01-20 16:00:00,BUY-0145,retail,Mangga,1,25359.0,24140.0,False
ORD-00535,2025-01-20 18:00:00,BUY-0011,retail,Anggur,3,52613.0,144382.0,False
ORD-02826,2025-01-20 19:00:00,BUY-0012,reseller,Nanas,31,12809.0,371913.0,False
ORD-00666,2025-01-20 21:00:00,BUY-0100,reseller,Mangga,25,26033.0,609006.0,False
ORD-01084,2025-01-20 21:00:00,BUY-0079,retail,Anggur,4,54107.0,205422.0,False
ORD-02454,2025-01-21 01:00:00,BUY-0110,reseller,Apel,132,31005.0,144619.0,True
ORD-00480,2025-01-21 09:00:00,BUY-0058,retail,Mangga,2,25580.0,50714.0,False
ORD-01202,2025-01-21 13:00:00,BUY-0062,retail,Semangka,3,10025.0,28793.0,False
ORD-03007,2025-01-21 17:00:00,BUY-0028,retail,Apel,2,32142.0,58432.0,False
ORD-00089,2025-01-21 17:00:00,BUY-0039,retail,Mangga,1,24801.0,22956.0,False
ORD-02896,2025-01-21 18:00:00,BUY-0123,retail,Semangka,3,10379.0,28861.0,False
ORD-01008,2025-01-21 19:00:00,BUY-0020,retail,Nanas,1,12022.0,10987.0,False
ORD-02771,2025-01-22 02:00:00,BUY-0012,reseller,Apel,183,33772.0,425495.0,True
ORD-01014,2025-01-22 08:00:00,BUY-0140,retail,Jeruk,3,23569.0,66515.0,False
ORD-04085,2025-01-22 13:00:00,BUY-0129,retail,Jeruk,3,22546.0,61567.0,False
ORD-04049,2025-01-22 14:00:00,BUY-0082,retail,Apel,4,31865.0,115878.0,False
ORD-03819,2025-01-22 19:00:00,BUY-0119,retail,Apel,3,32560.0,97466.0,False
ORD-00137,2025-01-23 08:00:00,BUY-0137,reseller,Pisang,17,15934.0,266106.0,False
ORD-03624,2025-01-23 13:00:00,BUY-0097,retail,Anggur,4,51563.0,192980.0,False
ORD-02709,2025-01-23 21:00:00,BUY-0114,retail,Nanas,2,13119.0,23925.0,False
ORD-00134,2025-01-23 21:00:00,BUY-0066,retail,Anggur,1,52482.0,47307.0,False
ORD-00768,2025-01-24 08:00:00,BUY-0034,retail,Semangka,1,10079.0,9951.0,False
ORD-01528,2025-01-24 13:00:00,BUY-0136,retail,Anggur,3,50119.0,140166.0,False
ORD-02735,2025-01-24 14:00:00,BUY-0062,retail,Jeruk,3,22419.0,62706.0,False
ORD-03846,2025-01-24 18:00:00,BUY-0087,retail,Pisang,3,17192.0,48102.0,False
ORD-01403,2025-01-24 18:00:00,BUY-0025,retail,Mangga,3,24730.0,70858.0,False
ORD-03214,2025-01-24 19:00:00,BUY-0092,retail,Apel,2,33868.0,62841.0,False
ORD-02022,2025-01-25 12:00:00,BUY-0005,retail,Nanas,4,12847.0,50975.0,False
ORD-04018,2025-01-25 14:00:00,BUY-0111,retail,Mangga,2,25621.0,49223.0,False
ORD-01482,2025-01-25 15:00:00,BUY-0104,reseller,Nanas,21,12258.0,232281.0,False
ORD-01758,2025-01-25 17:00:00,BUY-0081,retail,Nanas,1,12102.0,11709.0,False
ORD-00770,2025-01-25 17:00:00,BUY-0115,retail,Nanas,1,13044.0,12005.0,False
ORD-00675,2025-01-25 18:00:00,BUY-0092,retail,Nanas,1,12845.0,12468.0,False
ORD-01852,2025-01-26 00:00:00,BUY-0097,retail,Jeruk,64,23184.0,63347.0,True
ORD-03204,2025-01-26 12:00:00,BUY-0098,retail,Apel,2,31127.0,59842.0,False
ORD-03893,2025-01-26 15:00:00,BUY-0083,reseller,Jeruk,26,22842.0,591874.0,False
ORD-03521,2025-01-26 18:00:00,BUY-0037,retail,Jeruk,2,22933.0,43779.0,False
ORD-00002,2025-01-26 20:00:00,BUY-0121,retail,Apel,2,33442.0,60571.0,False
ORD-02711,2025-01-27 10:00:00,BUY-0119,retail,Anggur,4,54899.0,216080.0,False
ORD-00594,2025-01-27 12:00:00,BUY-0101,reseller,Apel,32,32502.0,1010353.0,False
ORD-03001,2025-01-27 17:00:00,BUY-0019,reseller,Pisang,26,17013.0,421419.0,False
ORD-01412,2025-01-27 19:00:00,BUY-0128,retail,Jeruk,1,23383.0,22395.0,False
ORD-00541,2025-01-27 20:00:00,BUY-0122,retail,Semangka,4,9576.0,37568.0,False
ORD-02719,2025-01-27 21:00:00,BUY-0140,retail,Pisang,1,17205.0,16989.0,False
ORD-01531,2025-01-27 21:00:00,BUY-0058,retail,Nanas,3,12984.0,37696.0,False
ORD-00381,2025-01-28 14:00:00,BUY-0072,retail,Apel,4,32643.0,128342.0,False
ORD-01898,2025-01-28 16:00:00,BUY-0061,retail,Jeruk,1,22929.0,20984.0,False
ORD-03145,2025-01-28 17:00:00,BUY-0067,retail,Pepaya,2,10357.0,20083.0,False
ORD-00678,2025-01-28 17:00:00,BUY-0007,retail,Nanas,1,12516.0,12067.0,False
ORD-02414,2025-01-28 18:00:00,BUY-0147,retail,Semangka,2,9681.0,19084.0,False
ORD-02272,2025-01-28 18:00:00,BUY-0118,retail,Apel,2,34020.0,61653.0,False
ORD-01723,2025-01-29 09:00:00,BUY-0055,retail,Pisang,3,16506.0,45371.0,False
ORD-01574,2025-01-29 10:00:00,BUY-0052,retail,Jeruk,4,21959.0,84335.0,False
ORD-01603,2025-01-29 12:00:00,BUY-0071,retail,Pisang,2,17307.0,34180.0,False
ORD-03639,2025-01-29 14:00:00,BUY-0076,retail,Jeruk,2,22980.0,44254.0,False
ORD-03339,2025-01-29 14:00:00,BUY-0049,retail,Pisang,2,16309.0,31991.0,False
ORD-00646,2025-01-29 17:00:00,BUY-0051,retail,Pisang,4,16171.0,60207.0,False
ORD-02536,2025-01-29 17:00:00,BUY-0043,retail,Semangka,3,9782.0,27938.0,False
ORD-00542,2025-01-29 18:00:00,BUY-0034,retail,Jeruk,3,22624.0,62245.0,False
ORD-03076,2025-01-29 20:00:00,BUY-0047,retail,Apel,4,32820.0,128175.0,False
ORD-00792,2025-01-29 21:00:00,BUY-0143,reseller,Apel,21,30903.0,625211.0,False
ORD-01360,2025-01-30 08:00:00,BUY-0047,retail,Jeruk,1,22075.0,21374.0,False
ORD-03513,2025-01-30 11:00:00,BUY-0136,retail,Mangga,2,25260.0,48353.0,False
ORD-00279,2025-01-30 11:00:00,BUY-0136,retail,Mangga,3,25228.0,74210.0,False
ORD-02712,2025-01-31 02:00:00,BUY-0053,retail,Jeruk,194,21396.0,248939.0,True
ORD-01591,2025-01-31 08:00:00,BUY-0025,retail,Mangga,3,25452.0,72129.0,False
ORD-03569,2025-01-31 14:00:00,BUY-0149,retail,Semangka,2,9816.0,19602.0,False
ORD-00062,2025-01-31 14:00:00,BUY-0042,reseller,Nanas,34,12439.0,392973.0,False
ORD-01724,2025-01-31 19:00:00,BUY-0089,retail,Nanas,1,12758.0,12483.0,False
ORD-00313,2025-01-31 21:00:00,BUY-0093,retail,Apel,4,33954.0,131432.0,False
ORD-03708,2025-02-01 08:00:00,BUY-0120,retail,Mangga,4,25050.0,98522.0,False
ORD-01714,2025-02-01 10:00:00,BUY-0089,retail,Mangga,4,24982.0,93194.0,False
ORD-01325,2025-02-01 10:00:00,BUY-0015,retail,Apel,2,32356.0,64352.0,False
ORD-00718,2025-02-01 10:00:00,BUY-0106,retail,Apel,2,33284.0,66136.0,False
ORD-03440,2025-02-01 14:00:00,BUY-0122,retail,Jeruk,1,23494.0,23071.0,False
ORD-03023,2025-02-01 15:00:00,BUY-0142,retail,Apel,2,33178.0,61311.0,False
ORD-04055,2025-02-01 15:00:00,BUY-0031,retail,Pisang,3,16450.0,46227.0,False
ORD-03898,2025-02-01 17:00:00,BUY-0082,retail,Anggur,1,54605.0,51641.0,False
ORD-04040,2025-02-01 17:00:00,BUY-0147,retail,Jeruk,1,21692.0,20986.0,False
ORD-03179,2025-02-01 17:00:00,BUY-0097,retail,Mangga,1,24291.0,23928.0,False
ORD-01832,2025-02-01 21:00:00,BUY-0060,retail,Apel,3,31558.0,88068.0,False
ORD-03709,2025-02-02 10:00:00,BUY-0050,retail,Pisang,1,16545.0,15292.0,False
ORD-00356,2025-02-02 13:00:00,BUY-0015,retail,Jeruk,4,22745.0,84328.0,False
ORD-00634,2025-02-02 18:00:00,BUY-0139,retail,Nanas,1,12951.0,12000.0,False
ORD-01348,2025-02-02 19:00:00,BUY-0088,retail,Pepaya,2,9613.0,18748.0,False
ORD-01863,2025-02-02 21:00:00,BUY-0029,retail,Pisang,4,15950.0,63768.0,False
ORD-03505,2025-02-03 08:00:00,BUY-0027,retail,Semangka,1,9576.0,8827.0,False
ORD-00410,2025-02-03 11:00:00,BUY-0059,retail,Jeruk,1,23308.0,22398.0,False
ORD-03039,2025-02-03 12:00:00,BUY-0046,reseller,Pepaya,25,9737.0,233236.0,False
ORD-00011,2025-02-03 12:00:00,BUY-0070,retail,Semangka,2,10183.0,19986.0,False
ORD-01595,2025-02-03 21:00:00,BUY-0025,retail,Mangga,1,25581.0,23490.0,False
ORD-00443,2025-02-04 08:00:00,BUY-0004,retail,Nanas,2,12629.0,23239.0,False
ORD-03371,2025-02-04 08:00:00,BUY-0099,retail,Semangka,2,9539.0,18781.0,False
ORD-02511,2025-02-04 10:00:00,BUY-0088,retail,Semangka,4,10109.0,40099.0,False
ORD-00821,2025-02-04 14:00:00,BUY-0030,retail,Anggur,3,51654.0,145596.0,False
ORD-03442,2025-02-04 20:00:00,BUY-0054,retail,Apel,4,31151.0,120225.0,False
ORD-04045,2025-02-05 09:00:00,BUY-0008,retail,Nanas,3,12607.0,36688.0,False
ORD-03940,2025-02-05 10:00:00,BUY-0100,reseller,Pisang,11,15858.0,160156.0,False
ORD-03026,2025-02-05 10:00:00,BUY-0039,retail,Nanas,1,13105.0,12561.0,False
ORD-02222,2025-02-05 12:00:00,BUY-0054,retail,Apel,3,33521.0,90524.0,False
ORD-03364,2025-02-05 16:00:00,BUY-0096,retail,Anggur,2,52663.0,98776.0,False
ORD-03901,2025-02-05 18:00:00,BUY-0064,retail,Pisang,1,16600.0,15568.0,False
ORD-02748,2025-02-06 03:00:00,BUY-0122,retail,Anggur,101,53843.0,363125.0,True
ORD-01977,2025-02-06 11:00:00,BUY-0001,retail,Mangga,2,24535.0,48899.0,False
ORD-02024,2025-02-06 12:00:00,BUY-0034,retail,Anggur,4,51268.0,186751.0,False
ORD-01103,2025-02-06 12:00:00,BUY-0117,retail,Jeruk,3,23192.0,66364.0,False
ORD-02590,2025-02-06 19:00:00,BUY-0006,reseller,Semangka,26,9610.0,229629.0,False
ORD-03838,2025-02-07 14:00:00,BUY-0020,retail,Mangga,2,24664.0,48388.0,False
ORD-02944,2025-02-07 16:00:00,BUY-0130,retail,Nanas,4,12183.0,45231.0,False
ORD-00241,2025-02-07 20:00:00,BUY-0002,retail,Pepaya,2,10056.0,19816.0,False
ORD-00989,2025-02-07 21:00:00,BUY-0096,retail,Pisang,2,17259.0,32993.0,False
ORD-00668,2025-02-08 08:00:00,BUY-0130,retail,Mangga,3,25282.0,75659.0,False
ORD-01614,2025-02-08 08:00:00,BUY-0076,retail,Pisang,3,16692.0,45605.0,False
ORD-01701,2025-02-08 09:00:00,BUY-0079,retail,Anggur,3,51493.0,144572.0,False
ORD-02849,2025-02-08 12:00:00,BUY-0130,retail,Jeruk,1,22781.0,22448.0,False
ORD-03476,2025-02-08 17:00:00,BUY-0069,retail,Semangka,2,9710.0,18586.0,False
ORD-01476,2025-02-09 12:00:00,BUY-0093,retail,Pisang,4,16064.0,63762.0,False
ORD-02008,2025-02-09 14:00:00,BUY-0062,retail,Apel,1,32720.0,29797.0,False
ORD-01810,2025-02-09 14:00:00,BUY-0114,retail,Mangga,1,24115.0,21879.0,False
ORD-01619,2025-02-09 16:00:00,BUY-0061,retail,Nanas,3,12947.0,37224.0,False
ORD-03706,2025-02-09 17:00:00,BUY-0117,retail,Pepaya,1,9685.0,8987.0,False
ORD-03769,2025-02-09 17:00:00,BUY-0133,retail,Mangga,1,23767.0,23341.0,False
ORD-03265,2025-02-09 18:00:00,BUY-0016,retail,Mangga,4,24772.0,92779.0,False
ORD-01630,2025-02-09 21:00:00,BUY-0112,retail,Nanas,1,13031.0,12648.0,False
ORD-00918,2025-02-10 10:00:00,BUY-0073,reseller,Anggur,23,50807.0,1154771.0,False
ORD-01769,2025-02-10 13:00:00,BUY-0086,retail,Jeruk,1,22973.0,21811.0,False
ORD-01428,2025-02-10 17:00:00,BUY-0095,retail,Jeruk,4,22388.0,83237.0,False
ORD-03493,2025-02-10 19:00:00,BUY-0026,retail,Semangka,2,10277.0,20362.0,False
ORD-03549,2025-02-10 20:00:00,BUY-0028,retail,Jeruk,4,23541.0,91663.0,False
ORD-02746,2025-02-11 09:00:00,BUY-0087,retail,Nanas,2,12604.0,23945.0,False
ORD-02251,2025-02-11 10:00:00,BUY-0024,reseller,Anggur,11,52130.0,545146.0,False
ORD-00952,2025-02-11 11:00:00,BUY-0012,reseller,Pepaya,11,10090.0,102021.0,False
ORD-00297,2025-02-11 14:00:00,BUY-0014,reseller,Semangka,29,9708.0,277257.0,False
ORD-03375,2025-02-11 15:00:00,BUY-0082,retail,Pisang,4,16270.0,64362.0,False
ORD-04120,2025-02-11 20:00:00,BUY-0139,retail,Pepaya,3,10176.0,28237.0,False
ORD-02397,2025-02-12 08:00:00,BUY-0097,retail,Anggur,1,54961.0,50265.0,False
ORD-03510,2025-02-12 09:00:00,BUY-0146,retail,Pepaya,2,10028.0,19567.0,False
ORD-02476,2025-02-12 16:00:00,BUY-0045,reseller,Semangka,19,9977.0,182484.0,False
ORD-01945,2025-02-12 21:00:00,BUY-0050,retail,Jeruk,1,22601.0,22575.0,False
ORD-03837,2025-02-12 21:00:00,BUY-0046,reseller,Jeruk,12,22324.0,243797.0,False
ORD-02167,2025-02-13 10:00:00,BUY-0132,reseller,Pisang,15,16090.0,235073.0,False
ORD-03607,2025-02-13 10:00:00,BUY-0135,retail,Nanas,2,12019.0,23657.0,False
ORD-02599,2025-02-13 11:00:00,BUY-0028,retail,Pisang,2,16833.0,33275.0,False
ORD-00606,2025-02-13 16:00:00,BUY-0127,retail,Nanas,1,12851.0,12653.0,False
ORD-00014,2025-02-13 16:00:00,BUY-0148,retail,Semangka,3,9676.0,28491.0,False
ORD-01777,2025-02-13 19:00:00,BUY-0056,retail,Pepaya,3,10278.0,30071.0,False
ORD-00986,2025-02-14 08:00:00,BUY-0025,retail,Nanas,1,11917.0,11586.0,False
ORD-03235,2025-02-14 09:00:00,BUY-0117,retail,Anggur,2,50647.0,91819.0,False
ORD-01044,2025-02-14 11:00:00,BUY-0101,reseller,Pisang,15,16691.0,232587.0,False
ORD-01609,2025-02-14 17:00:00,BUY-0140,retail,Anggur,2,51265.0,100856.0,False
ORD-00869,2025-02-15 09:00:00,BUY-0106,retail,Mangga,3,25310.0,73952.0,False
ORD-01289,2025-02-15 11:00:00,BUY-0120,retail,Apel,2,31486.0,60430.0,False
ORD-00958,2025-02-15 12:00:00,BUY-0088,retail,Mangga,1,24331.0,23913.0,False
ORD-03315,2025-02-15 12:00:00,BUY-0062,retail,Jeruk,2,22828.0,44406.0,False
ORD-01256,2025-02-15 13:00:00,BUY-0106,retail,Anggur,4,53877.0,200681.0,False
ORD-01868,2025-02-15 13:00:00,BUY-0085,retail,Jeruk,2,22741.0,42205.0,False
ORD-01210,2025-02-15 13:00:00,BUY-0137,reseller,Pepaya,37,9723.0,331786.0,False
ORD-01194,2025-02-15 13:00:00,BUY-0100,reseller,Apel,33,33944.0,1080678.0,False
ORD-00477,2025-02-15 16:00:00,BUY-0111,retail,Anggur,4,51633.0,201958.0,False
ORD-00743,2025-02-15 17:00:00,BUY-0012,reseller,Mangga,25,23895.0,587069.0,False
ORD-02490,2025-02-15 18:00:00,BUY-0079,retail,Anggur,4,54857.0,198525.0,False
ORD-03301,2025-02-15 18:00:00,BUY-0017,retail,Anggur,3,50973.0,140723.0,False
ORD-01406,2025-02-15 19:00:00,BUY-0021,retail,Mangga,3,24809.0,73496.0,False
ORD-02142,2025-02-16 03:00:00,BUY-0086,retail,Pepaya,146,9990.0,38653.0,True
ORD-03969,2025-02-16 10:00:00,BUY-0067,retail,Anggur,1,54621.0,53260.0,False
ORD-01118,2025-02-16 16:00:00,BUY-0121,retail,Anggur,4,52487.0,190696.0,False
ORD-00255,2025-02-16 17:00:00,BUY-0064,retail,Nanas,3,12252.0,34737.0,False
ORD-03720,2025-02-16 17:00:00,BUY-0121,retail,Mangga,1,25019.0,23690.0,False
ORD-01102,2025-02-16 18:00:00,BUY-0140,retail,Apel,1,31891.0,30861.0,False
ORD-01027,2025-02-16 19:00:00,BUY-0095,retail,Anggur,1,50495.0,46991.0,False
ORD-00001,2025-02-16 21:00:00,BUY-0102,retail,Mangga,4,26219.0,101904.0,False
ORD-02047,2025-02-17 09:00:00,BUY-0147,retail,Jeruk,4,23493.0,91185.0,False
ORD-03351,2025-02-17 10:00:00,BUY-0029,retail,Nanas,4,12526.0,45553.0,False
ORD-00343,2025-02-17 12:00:00,BUY-0047,retail,Semangka,2,10202.0,18989.0,False
ORD-00863,2025-02-17 13:00:00,BUY-0075,retail,Semangka,3,10153.0,30331.0,False
ORD-00654,2025-02-17 15:00:00,BUY-0104,reseller,Pisang,39,17131.0,634497.0,False
ORD-03522,2025-02-17 18:00:00,BUY-0096,retail,Semangka,1,10362.0,10304.0,False
ORD-01646,2025-02-17 18:00:00,BUY-0033,retail,Anggur,2,50159.0,93726.0,False
ORD-02323,2025-02-18 12:00:00,BUY-0138,retail,Mangga,3,24419.0,68128.0,False
ORD-01232,2025-02-18 13:00:00,BUY-0150,retail,Semangka,3,10353.0,30113.0,False
ORD-03036,2025-02-18 14:00:00,BUY-0130,retail,Pisang,1,17055.0,16949.0,False
ORD-01920,2025-02-18 17:00:00,BUY-0018,retail,Nanas,3,12701.0,36860.0,False
ORD-01917,2025-02-18 19:00:00,BUY-0062,retail,Pepaya,2,10223.0,19890.0,False
ORD-02934,2025-02-18 20:00:00,BUY-0111,retail,Mangga,4,24513.0,93973.0,False
ORD-03564,2025-02-19 08:00:00,BUY-0044,retail,Pepaya,1,9794.0,9784.0,False
ORD-03687,2025-02-19 10:00:00,BUY-0089,retail,Jeruk,4,23401.0,91786.0,False
ORD-00898,2025-02-19 11:00:00,BUY-0148,retail,Jeruk,2,23365.0,42961.0,False
ORD-00039,2025-02-19 13:00:00,BUY-0117,retail,Mangga,4,25141.0,99689.0,False
ORD-03604,2025-02-19 15:00:00,BUY-0136,retail,Nanas,3,13073.0,38956.0,False
ORD-01080,2025-02-19 15:00:00,BUY-0077,retail,Pisang,1,16784.0,15684.0,False
ORD-04036,2025-02-19 15:00:00,BUY-0069,retail,Apel,1,31998.0,30696.0,False
ORD-02759,2025-02-20 14:00:00,BUY-0137,reseller,Nanas,39,12521.0,447332.0,False
ORD-01867,2025-02-21 09:00:00,BUY-0011,retail,Anggur,1,54225.0,53472.0,False
ORD-02947,2025-02-21 11:00:00,BUY-0077,retail,Semangka,2,10298.0,20374.0,False
ORD-01391,2025-02-21 12:00:00,BUY-0026,retail,Mangga,3,25273.0,68916.0,False
ORD-01031,2025-02-21 14:00:00,BUY-0112,retail,Nanas,1,12758.0,11703.0,False
ORD-03641,2025-02-21 15:00:00,BUY-0096,retail,Jeruk,3,22733.0,62182.0,False
ORD-02240,2025-02-21 15:00:00,BUY-0003,reseller,Anggur,31,54960.0,1566316.0,False
ORD-00773,2025-02-21 16:00:00,BUY-0089,retail,Semangka,2,9928.0,17996.0,False
ORD-00258,2025-02-21 16:00:00,BUY-0125,retail,Mangga,4,24144.0,92704.0,False
ORD-02265,2025-02-21 18:00:00,BUY-0076,retail,Pisang,1,15760.0,14387.0,False
ORD-00790,2025-02-22 13:00:00,BUY-0009,retail,Anggur,1,51134.0,49851.0,False
ORD-00196,2025-02-22 17:00:00,BUY-0092,retail,Apel,3,33484.0,97487.0,False
ORD-01012,2025-02-22 19:00:00,BUY-0040,retail,Mangga,3,26072.0,75164.0,False
ORD-03852,2025-02-23 08:00:00,BUY-0138,retail,Semangka,3,9773.0,28359.0,False
ORD-02453,2025-02-23 08:00:00,BUY-0007,retail,Jeruk,3,22311.0,60947.0,False
ORD-00193,2025-02-23 17:00:00,BUY-0096,retail,Nanas,2,12793.0,25437.0,False
ORD-00448,2025-02-23 18:00:00,BUY-0075,retail,Nanas,2,12212.0,23854.0,False
ORD-01978,2025-02-23 18:00:00,BUY-0081,retail,Pisang,2,15727.0,29347.0,False
ORD-03448,2025-02-23 19:00:00,BUY-0040,retail,Nanas,2,12489.0,23154.0,False
ORD-03252,2025-02-24 12:00:00,BUY-0005,retail,Anggur,3,52614.0,143553.0,False
ORD-02413,2025-02-24 14:00:00,BUY-0118,retail,Pisang,1,15844.0,14809.0,False
ORD-02091,2025-02-24 16:00:00,BUY-0097,retail,Mangga,2,25548.0,46245.0,False
ORD-02846,2025-02-24 19:00:00,BUY-0139,retail,Pepaya,3,9718.0,27481.0,False
ORD-01181,2025-02-24 20:00:00,BUY-0112,retail,Jeruk,1,22609.0,20649.0,False
ORD-01674,2025-02-24 20:00:00,BUY-0112,retail,Pepaya,4,9562.0,35742.0,False
ORD-02962,2025-02-25 21:00:00,BUY-0018,retail,Jeruk,1,22991.0,22005.0,False
ORD-03402,2025-02-26 10:00:00,BUY-0018,retail,Anggur,1,52622.0,51324.0,False
ORD-02232,2025-02-26 12:00:00,BUY-0011,retail,Semangka,3,9645.0,27745.0,False
ORD-01456,2025-02-26 13:00:00,BUY-0020,retail,Semangka,4,9842.0,36709.0,False
ORD-01077,2025-02-26 20:00:00,BUY-0024,reseller,Pisang,21,16589.0,313888.0,False
ORD-04025,2025-02-26 20:00:00,BUY-0039,retail,Pepaya,2,9560.0,18266.0,False
ORD-03662,2025-02-26 21:00:00,BUY-0089,retail,Mangga,2,25837.0,47124.0,False
ORD-03337,2025-02-27 08:00:00,BUY-0064,retail,Pisang,3,16555.0,47919.0,False
ORD-00582,2025-02-27 10:00:00,BUY-0036,retail,Nanas,3,12445.0,36029.0,False
ORD-00059,2025-02-27 10:00:00,BUY-0070,retail,Jeruk,3,21594.0,60524.0,False
ORD-03831,2025-02-27 11:00:00,BUY-0030,retail,Mangga,2,25367.0,46992.0,False
ORD-01859,2025-02-27 20:00:00,BUY-0135,retail,Semangka,4,10184.0,39485.0,False
ORD-00190,2025-02-27 20:00:00,BUY-0064,retail,Semangka,4,9503.0,37682.0,False
ORD-02106,2025-02-27 20:00:00,BUY-0132,reseller,Jeruk,17,22181.0,375439.0,False
ORD-02624,2025-02-28 09:00:00,BUY-0115,retail,Nanas,2,12223.0,23651.0,False
ORD-01418,2025-02-28 19:00:00,BUY-0055,retail,Pepaya,4,9609.0,35359.0,False
ORD-02487,2025-03-01 09:00:00,BUY-0148,retail,Anggur,2,51502.0,97709.0,False
ORD-00517,2025-03-01 14:00:00,BUY-0048,retail,Semangka,3,10397.0,28345.0,False
ORD-03100,2025-03-01 17:00:00,BUY-0038,retail,Semangka,3,9523.0,26501.0,False
ORD-02986,2025-03-01 18:00:00,BUY-0037,retail,Mangga,4,25791.0,100057.0,False
ORD-03393,2025-03-02 15:00:00,BUY-0080,retail,Pisang,3,16175.0,45687.0,False
ORD-03664,2025-03-02 21:00:00,BUY-0075,retail,Jeruk,1,22794.0,22110.0,False
ORD-02426,2025-03-03 08:00:00,BUY-0123,retail,Semangka,4,9675.0,37346.0,False
ORD-00346,2025-03-03 09:00:00,BUY-0134,retail,Semangka,4,10499.0,38879.0,False
ORD-00645,2025-03-03 09:00:00,BUY-0100,reseller,Pisang,17,16626.0,277281.0,False
ORD-01843,2025-03-03 12:00:00,BUY-0015,retail,Mangga,2,25658.0,47647.0,False
ORD-03195,2025-03-03 20:00:00,BUY-0062,retail,Pepaya,1,9971.0,9010.0,False
ORD-02666,2025-03-04 04:00:00,BUY-0016,retail,Pepaya,127,9537.0,68692.0,True
ORD-03584,2025-03-04 09:00:00,BUY-0077,retail,Apel,1,31920.0,31455.0,False
ORD-02184,2025-03-04 10:00:00,BUY-0024,reseller,Mangga,35,25871.0,847856.0,False
ORD-01700,2025-03-04 11:00:00,BUY-0048,retail,Anggur,4,53599.0,211456.0,False
ORD-04150,2025-03-04 11:00:00,BUY-0135,retail,Semangka,3,10305.0,27913.0,False
ORD-02474,2025-03-04 19:00:00,BUY-0030,retail,Nanas,1,12466.0,11366.0,False
ORD-00756,2025-03-05 09:00:00,BUY-0137,reseller,Apel,12,32662.0,384479.0,False
ORD-00698,2025-03-05 12:00:00,BUY-0118,retail,Anggur,1,50850.0,47350.0,False
ORD-02672,2025-03-05 14:00:00,BUY-0125,retail,Pepaya,4,9595.0,36192.0,False
ORD-02527,2025-03-05 15:00:00,BUY-0079,retail,Apel,2,31656.0,60104.0,False
ORD-03184,2025-03-05 18:00:00,BUY-0091,retail,Apel,3,32501.0,89885.0,False
ORD-00948,2025-03-05 19:00:00,BUY-0047,retail,Pisang,3,16952.0,46915.0,False
ORD-03422,2025-03-05 19:00:00,BUY-0052,retail,Jeruk,4,22520.0,83451.0,False
ORD-00347,2025-03-06 04:00:00,BUY-0008,retail,Nanas,163,12001.0,83191.0,True
ORD-03313,2025-03-06 09:00:00,BUY-0027,retail,Anggur,1,50849.0,50325.0,False
ORD-00440,2025-03-06 10:00:00,BUY-0016,retail,Mangga,3,25514.0,74816.0,False
ORD-04008,2025-03-06 12:00:00,BUY-0034,retail,Pisang,4,16124.0,59835.0,False
ORD-01983,2025-03-06 17:00:00,BUY-0025,retail,Nanas,4,12698.0,50155.0,False
ORD-03670,2025-03-06 21:00:00,BUY-0047,retail,Anggur,2,53840.0,97410.0,False
ORD-01746,2025-03-06 21:00:00,BUY-0044,retail,Nanas,4,11886.0,46622.0,False
ORD-02980,2025-03-07 00:00:00,BUY-0130,retail,Jeruk,163,22484.0,111142.0,True
ORD-03915,2025-03-07 12:00:00,BUY-0079,retail,Jeruk,1,22946.0,21828.0,False
ORD-01201,2025-03-07 17:00:00,BUY-0091,retail,Mangga,4,25615.0,93772.0,False
ORD-01987,2025-03-07 18:00:00,BUY-0035,retail,Anggur,4,50724.0,183512.0,False
ORD-01707,2025-03-07 18:00:00,BUY-0114,retail,Jeruk,2,21625.0,40220.0,False
ORD-00687,2025-03-07 20:00:00,BUY-0113,retail,Mangga,3,25712.0,76172.0,False
ORD-00604,2025-03-08 10:00:00,BUY-0063,retail,Nanas,1,12071.0,11184.0,False
ORD-01459,2025-03-08 11:00:00,BUY-0008,retail,Apel,2,30984.0,59957.0,False
ORD-01663,2025-03-08 16:00:00,BUY-0042,reseller,Nanas,34,12269.0,391053.0,False
ORD-00445,2025-03-08 17:00:00,BUY-0002,retail,Pisang,4,16568.0,61068.0,False
ORD-03296,2025-03-08 21:00:00,BUY-0016,retail,Jeruk,2,23541.0,46797.0,False
ORD-02557,2025-03-08 21:00:00,BUY-0057,retail,Apel,4,30933.0,119734.0,False
ORD-01969,2025-03-08 21:00:00,BUY-0097,retail,Apel,1,33970.0,33196.0,False
ORD-02233,2025-03-09 13:00:00,BUY-0021,retail,Anggur,3,53394.0,149758.0,False
ORD-00763,2025-03-09 15:00:00,BUY-0012,reseller,Anggur,34,54951.0,1771914.0,False
ORD-01292,2025-03-09 15:00:00,BUY-0111,retail,Jeruk,4,22122.0,81278.0,False
ORD-03691,2025-03-09 16:00:00,BUY-0031,retail,Jeruk,3,23335.0,68499.0,False
ORD-01988,2025-03-09 16:00:00,BUY-0144,retail,Anggur,3,54344.0,152701.0,False
ORD-02395,2025-03-09 17:00:00,BUY-0037,retail,Anggur,3,54907.0,160179.0,False
ORD-01096,2025-03-09 20:00:00,BUY-0121,retail,Nanas,1,12977.0,12317.0,False
ORD-01264,2025-03-10 17:00:00,BUY-0117,retail,Mangga,4,23842.0,93059.0,False
ORD-02293,2025-03-10 18:00:00,BUY-0147,retail,Jeruk,3,21665.0,58876.0,False
ORD-00793,2025-03-10 18:00:00,BUY-0105,retail,Pepaya,2,9835.0,19475.0,False
ORD-03632,2025-03-10 18:00:00,BUY-0100,reseller,Jeruk,17,22501.0,350725.0,False
ORD-02154,2025-03-10 20:00:00,BUY-0077,retail,Mangga,4,25682.0,93689.0,False
ORD-02089,2025-03-11 08:00:00,BUY-0087,retail,Jeruk,2,22361.0,41391.0,False
ORD-01781,2025-03-11 09:00:00,BUY-0144,retail,Nanas,1,12817.0,12019.0,False
ORD-00900,2025-03-11 10:00:00,BUY-0069,retail,Anggur,4,53967.0,199331.0,False
ORD-02488,2025-03-11 12:00:00,BUY-0006,reseller,Anggur,11,53750.0,590396.0,False
ORD-01891,2025-03-11 13:00:00,BUY-0029,retail,Pisang,3,17026.0,49702.0,False
ORD-01180,2025-03-11 14:00:00,BUY-0118,retail,Nanas,4,12983.0,51446.0,False
ORD-03291,2025-03-11 14:00:00,BUY-0022,retail,Semangka,2,10028.0,18112.0,False
ORD-02612,2025-03-11 20:00:00,BUY-0079,retail,Pisang,4,16685.0,65991.0,False
ORD-00075,2025-03-12 10:00:00,BUY-0065,retail,Anggur,1,51054.0,49616.0,False
ORD-00122,2025-03-12 15:00:00,BUY-0114,retail,Semangka,1,9524.0,9320.0,False
ORD-01377,2025-03-12 19:00:00,BUY-0123,retail,Jeruk,1,22005.0,20564.0,False
ORD-00025,2025-03-13 08:00:00,BUY-0138,retail,Nanas,4,12049.0,48027.0,False
ORD-00173,2025-03-13 09:00:00,BUY-0119,retail,Anggur,3,52758.0,153871.0,False
ORD-04078,2025-03-13 11:00:00,BUY-0120,retail,Apel,1,32714.0,30251.0,False
ORD-01784,2025-03-13 13:00:00,BUY-0014,reseller,Nanas,36,12046.0,432830.0,False
ORD-03847,2025-03-13 15:00:00,BUY-0098,retail,Nanas,4,12103.0,46851.0,False
ORD-02797,2025-03-13 19:00:00,BUY-0076,retail,Apel,4,33767.0,121737.0,False
ORD-00725,2025-03-13 21:00:00,BUY-0022,retail,Jeruk,2,22918.0,43651.0,False
ORD-04004,2025-03-14 08:00:00,BUY-0050,retail,Anggur,2,53371.0,99042.0,False
ORD-02825,2025-03-14 09:00:00,BUY-0150,retail,Anggur,2,52676.0,96601.0,False
ORD-02443,2025-03-14 10:00:00,BUY-0115,retail,Pisang,1,16793.0,15598.0,False
ORD-03680,2025-03-15 13:00:00,BUY-0099,retail,Apel,1,31663.0,28529.0,False
ORD-02193,2025-03-15 17:00:00,BUY-0058,retail,Apel,4,33763.0,132422.0,False
ORD-01470,2025-03-16 10:00:00,BUY-0098,retail,Mangga,4,24345.0,89610.0,False
ORD-00771,2025-03-16 15:00:00,BUY-0111,retail,Nanas,3,12089.0,32668.0,False
ORD-02753,2025-03-16 16:00:00,BUY-0070,retail,Nanas,3,12360.0,35685.0,False
ORD-02951,2025-03-16 16:00:00,BUY-0123,retail,Pepaya,2,10247.0,18913.0,False
ORD-03659,2025-03-16 16:00:00,BUY-0025,retail,Pisang,2,17276.0,33340.0,False
ORD-02560,2025-03-16 17:00:00,BUY-0015,retail,Mangga,3,26163.0,72551.0,False
ORD-00126,2025-03-16 19:00:00,BUY-0086,retail,Jeruk,3,23443.0,69241.0,False
ORD-01108,2025-03-17 08:00:00,BUY-0053,retail,Pepaya,2,10152.0,20301.0,False
ORD-04093,2025-03-17 10:00:00,BUY-0106,retail,Jeruk,3,21896.0,61409.0,False
ORD-01291,2025-03-17 10:00:00,BUY-0101,reseller,Nanas,23,12687.0,288172.0,False
ORD-00223,2025-03-17 11:00:00,BUY-0125,retail,Mangga,1,25441.0,25072.0,False
ORD-03159,2025-03-17 12:00:00,BUY-0048,retail,Pisang,1,16857.0,16137.0,False
ORD-00070,2025-03-17 14:00:00,BUY-0058,retail,Nanas,4,12226.0,45973.0,False
ORD-01270,2025-03-17 15:00:00,BUY-0138,retail,Apel,1,33343.0,32303.0,False
ORD-04046,2025-03-17 17:00:00,BUY-0095,retail,Semangka,3,9878.0,27037.0,False
ORD-04080,2025-03-18 20:00:00,BUY-0113,retail,Pisang,2,17199.0,33806.0,False
ORD-02510,2025-03-18 21:00:00,BUY-0087,retail,Semangka,3,10398.0,28221.0,False
ORD-00991,2025-03-19 09:00:00,BUY-0012,reseller,Apel,17,31433.0,513257.0,False
ORD-00803,2025-03-19 10:00:00,BUY-0014,reseller,Mangga,32,25301.0,753231.0,False
ORD-03144,2025-03-19 10:00:00,BUY-0018,retail,Anggur,2,52004.0,94366.0,False
ORD-00438,2025-03-19 15:00:00,BUY-0109,retail,Pepaya,3,9986.0,28448.0,False
ORD-03563,2025-03-19 15:00:00,BUY-0134,retail,Jeruk,1,23311.0,22415.0,False
ORD-01071,2025-03-19 20:00:00,BUY-0070,retail,Pepaya,2,10461.0,20612.0,False
ORD-02059,2025-03-19 21:00:00,BUY-0006,reseller,Semangka,38,10157.0,367184.0,False
ORD-01175,2025-03-20 02:00:00,BUY-0150,retail,Jeruk,121,23085.0,115826.0,True
ORD-00512,2025-03-20 09:00:00,BUY-0075,retail,Semangka,1,10404.0,9494.0,False
ORD-03256,2025-03-20 10:00:00,BUY-0149,retail,Anggur,2,49989.0,92905.0,False
ORD-03527,2025-03-20 14:00:00,BUY-0145,retail,Apel,3,33709.0,99367.0,False
ORD-02030,2025-03-20 14:00:00,BUY-0072,retail,Apel,1,34064.0,32718.0,False
ORD-00717,2025-03-20 15:00:00,BUY-0082,retail,Anggur,3,51286.0,149212.0,False
ORD-02884,2025-03-20 15:00:00,BUY-0096,retail,Semangka,4,10125.0,37238.0,False
ORD-03985,2025-03-20 19:00:00,BUY-0140,retail,Apel,3,31224.0,92841.0,False
ORD-03795,2025-03-20 21:00:00,BUY-0084,retail,Pepaya,2,10250.0,20069.0,False
ORD-01338,2025-03-21 00:00:00,BUY-0086,retail,Apel,86,32966.0,120149.0,True
ORD-04032,2025-03-21 10:00:00,BUY-0100,reseller,Pisang,36,16551.0,583037.0,False
ORD-01658,2025-03-21 12:00:00,BUY-0034,retail,Pepaya,1,10499.0,10138.0,False
ORD-03853,2025-03-21 12:00:00,BUY-0004,retail,Nanas,1,12863.0,11768.0,False
ORD-02839,2025-03-21 12:00:00,BUY-0135,retail,Jeruk,3,23037.0,68418.0,False
ORD-03517,2025-03-21 14:00:00,BUY-0144,retail,Apel,2,33681.0,65813.0,False
ORD-03188,2025-03-21 14:00:00,BUY-0084,retail,Pisang,2,15977.0,31315.0,False
ORD-02966,2025-03-22 04:00:00,BUY-0111,retail,Mangga,76,25054.0,100782.0,True
ORD-00382,2025-03-22 09:00:00,BUY-0045,reseller,Anggur,37,51775.0,1852599.0,False
ORD-03089,2025-03-22 09:00:00,BUY-0019,reseller,Pepaya,11,9626.0,96261.0,False
ORD-02358,2025-03-22 10:00:00,BUY-0134,retail,Mangga,4,24600.0,90723.0,False
ORD-02179,2025-03-22 11:00:00,BUY-0003,reseller,Pisang,16,16295.0,254559.0,False
ORD-03627,2025-03-22 14:00:00,BUY-0075,retail,Semangka,2,10307.0,19970.0,False
ORD-03171,2025-03-22 16:00:00,BUY-0025,retail,Mangga,4,24494.0,97539.0,False
ORD-01797,2025-03-22 19:00:00,BUY-0062,retail,Anggur,4,51996.0,196810.0,False
ORD-02259,2025-03-22 20:00:00,BUY-0127,retail,Semangka,1,9696.0,9535.0,False
ORD-02634,2025-03-22 20:00:00,BUY-0077,retail,Semangka,3,10017.0,28908.0,False
ORD-00305,2025-03-23 12:00:00,BUY-0066,retail,Nanas,1,12433.0,11498.0,False
ORD-02861,2025-03-23 12:00:00,BUY-0036,retail,Semangka,1,10181.0,9810.0,False
ORD-02460,2025-03-23 14:00:00,BUY-0097,retail,Apel,1,34041.0,32184.0,False
ORD-01227,2025-03-23 15:00:00,BUY-0007,retail,Pisang,2,17139.0,32784.0,False
ORD-02147,2025-03-23 15:00:00,BUY-0066,retail,Pepaya,4,9844.0,35442.0,False
ORD-02068,2025-03-23 17:00:00,BUY-0146,retail,Pisang,4,15968.0,57917.0,False
ORD-03409,2025-03-23 19:00:00,BUY-0084,retail,Jeruk,2,23219.0,41811.0,False
ORD-02688,2025-03-23 20:00:00,BUY-0075,retail,Semangka,1,9698.0,9186.0,False
ORD-03141,2025-03-24 13:00:00,BUY-0055,retail,Semangka,1,10272.0,9278.0,False
ORD-02168,2025-03-24 14:00:00,BUY-0099,retail,Semangka,3,9586.0,28005.0,False
ORD-01856,2025-03-24 15:00:00,BUY-0098,retail,Semangka,4,9663.0,36681.0,False
ORD-00908,2025-03-24 20:00:00,BUY-0077,retail,Anggur,4,52240.0,204670.0,False
ORD-02369,2025-03-24 20:00:00,BUY-0047,retail,Pepaya,4,9609.0,36938.0,False
ORD-00354,2025-03-25 08:00:00,BUY-0124,retail,Pepaya,4,10101.0,37899.0,False
ORD-00243,2025-03-25 09:00:00,BUY-0061,retail,Pepaya,3,9992.0,28382.0,False
ORD-02813,2025-03-25 10:00:00,BUY-0047,retail,Apel,2,30889.0,61181.0,False
ORD-00730,2025-03-25 12:00:00,BUY-0055,retail,Pepaya,3,9748.0,28323.0,False
ORD-00413,2025-03-25 18:00:00,BUY-0073,reseller,Semangka,21,9801.0,205065.0,False
ORD-03867,2025-03-25 18:00:00,BUY-0064,retail,Pepaya,3,10037.0,28528.0,False
ORD-00553,2025-03-25 19:00:00,BUY-0007,retail,Jeruk,1,22184.0,20637.0,False
ORD-02744,2025-03-25 21:00:00,BUY-0088,retail,Jeruk,2,23337.0,44876.0,False
ORD-01575,2025-03-26 01:00:00,BUY-0102,retail,Pepaya,90,10046.0,29978.0,True
ORD-02724,2025-03-26 09:00:00,BUY-0096,retail,Pepaya,1,9962.0,9904.0,False
ORD-00852,2025-03-26 10:00:00,BUY-0068,retail,Jeruk,4,21548.0,80744.0,False
ORD-03046,2025-03-26 13:00:00,BUY-0132,reseller,Pisang,18,16231.0,264227.0,False
ORD-03353,2025-03-26 16:00:00,BUY-0106,retail,Apel,2,32429.0,61023.0,False
ORD-01787,2025-03-26 16:00:00,BUY-0062,retail,Pisang,3,15780.0,44729.0,False
ORD-02337,2025-03-27 08:00:00,BUY-0094,retail,Mangga,4,26090.0,96824.0,False
ORD-03757,2025-03-27 12:00:00,BUY-0027,retail,Anggur,2,53867.0,103161.0,False
ORD-00601,2025-03-27 14:00:00,BUY-0106,retail,Apel,1,32950.0,30633.0,False
ORD-02331,2025-03-27 15:00:00,BUY-0032,reseller,Anggur,35,54394.0,1861858.0,False
ORD-00913,2025-03-27 16:00:00,BUY-0098,retail,Jeruk,1,22571.0,20555.0,False
ORD-00457,2025-03-27 20:00:00,BUY-0034,retail,Jeruk,1,23175.0,21862.0,False
ORD-00802,2025-03-27 21:00:00,BUY-0013,retail,Pisang,2,17259.0,32652.0,False
ORD-00398,2025-03-28 12:00:00,BUY-0003,reseller,Anggur,21,53659.0,1061778.0,False
ORD-02171,2025-03-28 16:00:00,BUY-0021,retail,Jeruk,1,21598.0,21187.0,False
ORD-01861,2025-03-28 17:00:00,BUY-0116,reseller,Mangga,22,25509.0,522987.0,False
ORD-03412,2025-03-29 08:00:00,BUY-0073,reseller,Semangka,16,10184.0,159161.0,False
ORD-00408,2025-03-29 09:00:00,BUY-0090,retail,Semangka,3,10309.0,27947.0,False
ORD-03765,2025-03-29 10:00:00,BUY-0024,reseller,Semangka,28,9850.0,254381.0,False
ORD-03207,2025-03-29 12:00:00,BUY-0115,retail,Anggur,3,51911.0,145736.0,False
ORD-02801,2025-03-29 16:00:00,BUY-0115,retail,Jeruk,1,22521.0,21460.0,False
ORD-02307,2025-03-29 18:00:00,BUY-0056,retail,Apel,3,32908.0,89951.0,False
ORD-01178,2025-03-29 18:00:00,BUY-0014,reseller,Nanas,18,13021.0,212310.0,False
ORD-02695,2025-03-29 19:00:00,BUY-0112,retail,Mangga,1,25013.0,24775.0,False
ORD-01958,2025-03-29 21:00:00,BUY-0061,retail,Anggur,4,53363.0,201028.0,False
ORD-00854,2025-03-30 14:00:00,BUY-0137,reseller,Nanas,30,12355.0,348464.0,False
ORD-02848,2025-03-30 14:00:00,BUY-0082,retail,Apel,2,31130.0,57274.0,False
ORD-02025,2025-03-30 15:00:00,BUY-0144,retail,Apel,1,33423.0,30796.0,False
ORD-01942,2025-03-31 08:00:00,BUY-0117,retail,Jeruk,2,21521.0,39295.0,False
ORD-00469,2025-03-31 11:00:00,BUY-0049,retail,Pepaya,3,9834.0,29189.0,False
ORD-01759,2025-03-31 17:00:00,BUY-0048,retail,Nanas,4,12329.0,44759.0,False
ORD-03968,2025-03-31 20:00:00,BUY-0022,retail,Apel,3,31807.0,91683.0,False
ORD-01190,2025-04-01 14:00:00,BUY-0138,retail,Nanas,2,12904.0,25398.0,False
ORD-00397,2025-04-01 15:00:00,BUY-0121,retail,Pisang,3,16062.0,48079.0,False
ORD-00919,2025-04-01 18:00:00,BUY-0013,retail,Pepaya,4,10388.0,41543.0,False
ORD-02745,2025-04-01 19:00:00,BUY-0045,reseller,Mangga,15,26235.0,363102.0,False
ORD-02217,2025-04-02 15:00:00,BUY-0008,retail,Apel,3,31688.0,88016.0,False
ORD-00033,2025-04-02 16:00:00,BUY-0102,retail,Apel,3,33565.0,95586.0,False
ORD-01756,2025-04-02 17:00:00,BUY-0092,retail,Mangga,3,25887.0,73237.0,False
ORD-02332,2025-04-02 19:00:00,BUY-0047,retail,Semangka,1,9909.0,9303.0,False
ORD-00860,2025-04-03 08:00:00,BUY-0091,retail,Mangga,4,25067.0,91052.0,False
ORD-03438,2025-04-03 10:00:00,BUY-0007,retail,Pisang,4,16727.0,66071.0,False
ORD-04056,2025-04-03 13:00:00,BUY-0133,retail,Apel,2,32233.0,64148.0,False
ORD-01041,2025-04-03 17:00:00,BUY-0089,retail,Semangka,1,9989.0,9203.0,False
ORD-00298,2025-04-03 19:00:00,BUY-0046,reseller,Mangga,27,25272.0,682076.0,False
ORD-02072,2025-04-03 20:00:00,BUY-0053,retail,Jeruk,3,21761.0,59260.0,False
ORD-00129,2025-04-04 12:00:00,BUY-0147,retail,Semangka,2,10040.0,19267.0,False
ORD-00560,2025-04-04 18:00:00,BUY-0120,retail,Mangga,4,24752.0,96734.0,False
ORD-02108,2025-04-04 21:00:00,BUY-0144,retail,Pisang,2,15687.0,29641.0,False
ORD-00865,2025-04-05 11:00:00,BUY-0006,reseller,Jeruk,27,23294.0,601678.0,False
ORD-01976,2025-04-05 19:00:00,BUY-0067,retail,Mangga,2,24112.0,44606.0,False
ORD-03699,2025-04-06 10:00:00,BUY-0057,retail,Pisang,4,17094.0,67627.0,False
ORD-00487,2025-04-06 11:00:00,BUY-0064,retail,Pisang,2,17254.0,34240.0,False
ORD-03851,2025-04-06 15:00:00,BUY-0088,retail,Pepaya,2,9779.0,17949.0,False
ORD-02513,2025-04-06 15:00:00,BUY-0065,retail,Jeruk,1,23253.0,21971.0,False
ORD-01616,2025-04-06 18:00:00,BUY-0056,retail,Pepaya,3,10307.0,28037.0,False
ORD-00180,2025-04-07 08:00:00,BUY-0099,retail,Pisang,1,15969.0,15529.0,False
ORD-01680,2025-04-07 09:00:00,BUY-0107,retail,Nanas,4,12898.0,47637.0,False
ORD-03566,2025-04-07 10:00:00,BUY-0056,retail,Jeruk,1,22599.0,21017.0,False
ORD-02834,2025-04-07 15:00:00,BUY-0116,reseller,Nanas,31,12785.0,394910.0,False
ORD-01699,2025-04-07 20:00:00,BUY-0138,retail,Pisang,4,16933.0,66254.0,False
ORD-00987,2025-04-08 02:00:00,BUY-0082,retail,Pepaya,159,10181.0,82326.0,True
ORD-00041,2025-04-08 02:00:00,BUY-0016,retail,Apel,193,31215.0,184804.0,True
ORD-03535,2025-04-08 16:00:00,BUY-0005,retail,Pisang,2,16847.0,32822.0,False
ORD-02935,2025-04-09 15:00:00,BUY-0113,retail,Jeruk,3,21703.0,60682.0,False
ORD-01780,2025-04-09 18:00:00,BUY-0144,retail,Apel,4,33195.0,125086.0,False
ORD-00762,2025-04-09 18:00:00,BUY-0040,retail,Semangka,1,9836.0,9328.0,False
ORD-01709,2025-04-10 20:00:00,BUY-0064,retail,Nanas,3,12376.0,36520.0,False
ORD-02200,2025-04-11 09:00:00,BUY-0127,retail,Anggur,4,52576.0,203512.0,False
ORD-03703,2025-04-11 18:00:00,BUY-0095,retail,Pisang,1,16127.0,14608.0,False
ORD-03962,2025-04-11 20:00:00,BUY-0126,retail,Mangga,3,25142.0,69850.0,False
ORD-00776,2025-04-11 20:00:00,BUY-0009,retail,Mangga,4,24517.0,89395.0,False
ORD-00996,2025-04-12 09:00:00,BUY-0063,retail,Nanas,4,12666.0,47553.0,False
ORD-00677,2025-04-12 12:00:00,BUY-0022,retail,Nanas,4,12860.0,46494.0,False
ORD-01372,2025-04-12 15:00:00,BUY-0045,reseller,Nanas,18,12182.0,211638.0,False
ORD-01075,2025-04-12 15:00:00,BUY-0095,retail,Mangga,1,24257.0,22614.0,False
ORD-01628,2025-04-12 19:00:00,BUY-0145,retail,Jeruk,3,23072.0,66339.0,False
ORD-01718,2025-04-13 15:00:00,BUY-0005,retail,Mangga,4,25590.0,101102.0,False
ORD-00110,2025-04-13 17:00:00,BUY-0092,retail,Nanas,2,12174.0,22182.0,False
ORD-03242,2025-04-13 19:00:00,BUY-0058,retail,Jeruk,4,21487.0,82478.0,False
ORD-02680,2025-04-13 19:00:00,BUY-0010,retail,Apel,2,32040.0,62651.0,False
ORD-00395,2025-04-14 08:00:00,BUY-0008,retail,Semangka,2,9928.0,18263.0,False
ORD-00073,2025-04-14 08:00:00,BUY-0037,retail,Apel,1,32025.0,31428.0,False
ORD-01464,2025-04-14 09:00:00,BUY-0125,retail,Semangka,4,10360.0,41228.0,False
ORD-03686,2025-04-14 12:00:00,BUY-0089,retail,Pisang,3,17022.0,50023.0,False
ORD-03069,2025-04-14 12:00:00,BUY-0051,retail,Semangka,2,10462.0,19247.0,False
ORD-03270,2025-04-14 12:00:00,BUY-0131,retail,Mangga,1,26190.0,24784.0,False
ORD-01490,2025-04-14 19:00:00,BUY-0136,retail,Mangga,1,25857.0,24424.0,False
ORD-04031,2025-04-14 19:00:00,BUY-0090,retail,Pepaya,2,10160.0,19547.0,False
ORD-01244,2025-04-15 08:00:00,BUY-0049,retail,Apel,4,33244.0,123069.0,False
ORD-03044,2025-04-15 19:00:00,BUY-0133,retail,Semangka,1,10467.0,9498.0,False
ORD-03465,2025-04-16 10:00:00,BUY-0061,retail,Pisang,1,15826.0,14547.0,False
ORD-00406,2025-04-16 11:00:00,BUY-0018,retail,Pepaya,3,10124.0,30077.0,False
ORD-00700,2025-04-16 15:00:00,BUY-0032,reseller,Apel,32,31572.0,953629.0,False
ORD-00862,2025-04-16 15:00:00,BUY-0103,retail,Jeruk,1,22231.0,22153.0,False
ORD-00263,2025-04-16 16:00:00,BUY-0128,retail,Mangga,2,25369.0,45899.0,False
ORD-03249,2025-04-17 12:00:00,BUY-0086,retail,Mangga,3,25155.0,73043.0,False
ORD-01814,2025-04-17 15:00:00,BUY-0094,retail,Jeruk,4,22541.0,84205.0,False
ORD-02038,2025-04-17 21:00:00,BUY-0063,retail,Pisang,3,16776.0,46584.0,False
ORD-03246,2025-04-18 00:00:00,BUY-0012,reseller,Apel,66,32771.0,150615.0,True
ORD-02472,2025-04-18 02:00:00,BUY-0144,retail,Nanas,64,11994.0,32150.0,True
ORD-01565,2025-04-18 08:00:00,BUY-0064,retail,Mangga,4,25921.0,97444.0,False
ORD-00402,2025-04-18 10:00:00,BUY-0047,retail,Anggur,1,50791.0,49435.0,False
ORD-01465,2025-04-18 17:00:00,BUY-0083,reseller,Pepaya,11,10375.0,111199.0,False
ORD-03408,2025-04-18 18:00:00,BUY-0071,retail,Apel,4,32381.0,125975.0,False
ORD-04023,2025-04-18 20:00:00,BUY-0084,retail,Pepaya,4,9693.0,38572.0,False
ORD-03158,2025-04-19 08:00:00,BUY-0003,reseller,Jeruk,12,23360.0,267025.0,False
ORD-00250,2025-04-19 08:00:00,BUY-0113,retail,Jeruk,1,23035.0,21045.0,False
ORD-02004,2025-04-19 13:00:00,BUY-0123,retail,Semangka,1,9877.0,9231.0,False
ORD-02866,2025-04-19 14:00:00,BUY-0091,retail,Semangka,2,9603.0,17347.0,False
ORD-03326,2025-04-19 14:00:00,BUY-0037,retail,Nanas,4,12715.0,47643.0,False
ORD-01447,2025-04-19 15:00:00,BUY-0106,retail,Jeruk,2,22015.0,42619.0,False
ORD-01547,2025-04-19 15:00:00,BUY-0078,retail,Semangka,1,10171.0,9680.0,False
ORD-03801,2025-04-19 16:00:00,BUY-0133,retail,Nanas,4,12352.0,45934.0,False
ORD-03863,2025-04-19 17:00:00,BUY-0146,retail,Nanas,4,12741.0,48973.0,False
ORD-03557,2025-04-20 08:00:00,BUY-0012,reseller,Pisang,20,16621.0,325530.0,False
ORD-00868,2025-04-20 09:00:00,BUY-0008,retail,Pepaya,1,10034.0,9838.0,False
ORD-01899,2025-04-20 11:00:00,BUY-0035,retail,Nanas,1,12894.0,11723.0,False
ORD-02912,2025-04-20 17:00:00,BUY-0060,retail,Apel,4,31848.0,126672.0,False
ORD-01733,2025-04-21 08:00:00,BUY-0138,retail,Mangga,3,25142.0,69981.0,False
ORD-02743,2025-04-21 09:00:00,BUY-0011,retail,Semangka,4,10452.0,40247.0,False
ORD-02130,2025-04-21 11:00:00,BUY-0145,retail,Pepaya,4,9911.0,36455.0,False
ORD-00225,2025-04-21 13:00:00,BUY-0015,retail,Pepaya,3,9577.0,26336.0,False
ORD-02902,2025-04-21 17:00:00,BUY-0139,retail,Apel,2,31550.0,62314.0,False
ORD-00208,2025-04-22 11:00:00,BUY-0124,retail,Apel,1,33610.0,32667.0,False
ORD-03142,2025-04-22 11:00:00,BUY-0032,reseller,Pisang,23,16585.0,376380.0,False
ORD-03523,2025-04-22 13:00:00,BUY-0063,retail,Semangka,3,10345.0,29714.0,False
ORD-01166,2025-04-22 14:00:00,BUY-0092,retail,Anggur,3,51212.0,148964.0,False
ORD-03512,2025-04-22 15:00:00,BUY-0051,retail,Nanas,1,12659.0,11602.0,False
ORD-02364,2025-04-22 16:00:00,BUY-0132,reseller,Jeruk,32,21908.0,700844.0,False
ORD-01600,2025-04-22 16:00:00,BUY-0115,retail,Jeruk,4,22619.0,87575.0,False
ORD-03520,2025-04-22 16:00:00,BUY-0018,retail,Semangka,3,10276.0,30110.0,False
ORD-03848,2025-04-22 18:00:00,BUY-0099,retail,Jeruk,2,23591.0,45909.0,False
ORD-00909,2025-04-23 10:00:00,BUY-0129,retail,Nanas,3,12050.0,34838.0,False
ORD-03504,2025-04-23 10:00:00,BUY-0012,reseller,Semangka,21,9920.0,206316.0,False
ORD-02000,2025-04-23 14:00:00,BUY-0097,retail,Mangga,4,24966.0,91542.0,False
ORD-03311,2025-04-23 15:00:00,BUY-0146,retail,Jeruk,3,22782.0,66921.0,False
ORD-00084,2025-04-23 18:00:00,BUY-0005,retail,Pisang,3,16136.0,47588.0,False
ORD-00801,2025-04-24 08:00:00,BUY-0119,retail,Mangga,2,25859.0,51309.0,False
ORD-00712,2025-04-24 08:00:00,BUY-0047,retail,Jeruk,4,22835.0,85434.0,False
ORD-00171,2025-04-24 11:00:00,BUY-0142,retail,Pepaya,4,9893.0,37775.0,False
ORD-01215,2025-04-24 14:00:00,BUY-0065,retail,Semangka,4,10129.0,40271.0,False
ORD-02605,2025-04-24 15:00:00,BUY-0064,retail,Nanas,4,12094.0,44600.0,False
ORD-03013,2025-04-24 17:00:00,BUY-0122,retail,Pepaya,2,10095.0,19322.0,False
ORD-03308,2025-04-24 19:00:00,BUY-0113,retail,Nanas,2,12928.0,24903.0,False
ORD-00880,2025-04-24 21:00:00,BUY-0145,retail,Anggur,3,50264.0,145879.0,False
ORD-03538,2025-04-25 11:00:00,BUY-0018,retail,Nanas,4,13093.0,48249.0,False
ORD-01491,2025-04-25 13:00:00,BUY-0134,retail,Pepaya,4,9544.0,34704.0,False
ORD-01631,2025-04-25 17:00:00,BUY-0004,retail,Apel,4,31018.0,114303.0,False
ORD-03225,2025-04-25 19:00:00,BUY-0112,retail,Pisang,2,17162.0,31836.0,False
ORD-02489,2025-04-26 08:00:00,BUY-0084,retail,Apel,3,33999.0,92447.0,False
ORD-04101,2025-04-26 09:00:00,BUY-0150,retail,Anggur,1,51071.0,50133.0,False
ORD-03740,2025-04-26 11:00:00,BUY-0039,retail,Pepaya,4,9604.0,36175.0,False
ORD-02014,2025-04-26 13:00:00,BUY-0090,retail,Anggur,4,54881.0,211466.0,False
ORD-03756,2025-04-26 17:00:00,BUY-0145,retail,Jeruk,1,21457.0,20464.0,False
ORD-03135,2025-04-26 18:00:00,BUY-0131,retail,Mangga,2,26015.0,51157.0,False
ORD-00772,2025-04-26 18:00:00,BUY-0018,retail,Anggur,4,53260.0,193283.0,False
ORD-03458,2025-04-26 19:00:00,BUY-0065,retail,Semangka,2,9518.0,18213.0,False
ORD-00592,2025-04-26 20:00:00,BUY-0110,reseller,Semangka,17,10474.0,173931.0,False
ORD-00990,2025-04-27 13:00:00,BUY-0077,retail,Pisang,1,17076.0,16972.0,False
ORD-01537,2025-04-27 18:00:00,BUY-0046,reseller,Semangka,28,9932.0,253604.0,False
ORD-02522,2025-04-27 20:00:00,BUY-0052,retail,Semangka,4,10423.0,38035.0,False
ORD-03960,2025-04-28 12:00:00,BUY-0021,retail,Apel,4,31409.0,125195.0,False
ORD-03312,2025-04-28 14:00:00,BUY-0128,retail,Nanas,1,12873.0,12376.0,False
ORD-00097,2025-04-28 19:00:00,BUY-0013,retail,Apel,1,33539.0,30868.0,False
ORD-01865,2025-04-28 21:00:00,BUY-0039,retail,Mangga,3,25223.0,71481.0,False
ORD-02245,2025-04-29 09:00:00,BUY-0092,retail,Jeruk,4,23165.0,87176.0,False
ORD-03697,2025-04-29 16:00:00,BUY-0143,reseller,Pepaya,37,10199.0,369248.0,False
ORD-02544,2025-04-30 01:00:00,BUY-0133,retail,Semangka,92,9777.0,53820.0,True
ORD-03911,2025-04-30 02:00:00,BUY-0061,retail,Pepaya,106,9969.0,77782.0,True
ORD-02319,2025-04-30 09:00:00,BUY-0069,retail,Apel,3,33758.0,98090.0,False
ORD-00412,2025-04-30 11:00:00,BUY-0106,retail,Semangka,2,9804.0,18831.0,False
ORD-01643,2025-04-30 12:00:00,BUY-0028,retail,Nanas,4,13043.0,50980.0,False
ORD-03750,2025-04-30 15:00:00,BUY-0049,retail,Pepaya,1,10299.0,9392.0,False
ORD-03382,2025-04-30 21:00:00,BUY-0029,retail,Jeruk,3,22542.0,61336.0,False
ORD-03536,2025-04-30 21:00:00,BUY-0142,retail,Pisang,4,15740.0,58578.0,False
ORD-00871,2025-05-01 09:00:00,BUY-0125,retail,Nanas,1,13116.0,12355.0,False
ORD-01849,2025-05-01 17:00:00,BUY-0029,retail,Pisang,4,16958.0,67617.0,False
ORD-02249,2025-05-01 18:00:00,BUY-0081,retail,Anggur,3,53892.0,150780.0,False
ORD-03746,2025-05-01 18:00:00,BUY-0105,retail,Nanas,4,12329.0,46115.0,False
ORD-04028,2025-05-01 21:00:00,BUY-0142,retail,Jeruk,1,21936.0,21768.0,False
ORD-03778,2025-05-02 16:00:00,BUY-0051,retail,Pepaya,3,10425.0,28428.0,False
ORD-03053,2025-05-02 19:00:00,BUY-0140,retail,Apel,3,32708.0,94849.0,False
ORD-00579,2025-05-02 20:00:00,BUY-0112,retail,Pepaya,1,9852.0,9597.0,False
ORD-04105,2025-05-02 21:00:00,BUY-0074,retail,Apel,3,31885.0,94788.0,False
ORD-04026,2025-05-03 01:00:00,BUY-0111,retail,Anggur,81,54626.0,221149.0,True
ORD-02979,2025-05-03 08:00:00,BUY-0049,retail,Mangga,2,25072.0,49541.0,False
ORD-00840,2025-05-03 12:00:00,BUY-0009,retail,Semangka,1,10252.0,9567.0,False
ORD-00884,2025-05-03 13:00:00,BUY-0129,retail,Pisang,2,16986.0,31201.0,False
ORD-00393,2025-05-03 18:00:00,BUY-0019,reseller,Apel,20,33660.0,665941.0,False
ORD-02205,2025-05-03 20:00:00,BUY-0039,retail,Mangga,1,24916.0,23362.0,False
ORD-02425,2025-05-03 21:00:00,BUY-0123,retail,Anggur,1,52724.0,47725.0,False
ORD-02976,2025-05-04 10:00:00,BUY-0018,retail,Semangka,2,9892.0,19692.0,False
ORD-02696,2025-05-04 11:00:00,BUY-0049,retail,Nanas,3,12327.0,36535.0,False
ORD-02448,2025-05-04 17:00:00,BUY-0084,retail,Pisang,4,17153.0,62288.0,False
ORD-00936,2025-05-04 19:00:00,BUY-0147,retail,Mangga,2,25624.0,50527.0,False
ORD-02974,2025-05-05 12:00:00,BUY-0123,retail,Semangka,1,9672.0,9043.0,False
ORD-01778,2025-05-05 14:00:00,BUY-0111,retail,Anggur,4,51016.0,185545.0,False
ORD-03839,2025-05-06 08:00:00,BUY-0082,retail,Semangka,3,10010.0,29776.0,False
ORD-00573,2025-05-06 10:00:00,BUY-0114,retail,Apel,2,33006.0,61346.0,False
ORD-01198,2025-05-06 14:00:00,BUY-0006,reseller,Jeruk,32,22072.0,699231.0,False
ORD-00945,2025-05-06 16:00:00,BUY-0079,retail,Nanas,3,13065.0,37682.0,False
ORD-00236,2025-05-06 18:00:00,BUY-0055,retail,Apel,4,31039.0,123276.0,False
ORD-02732,2025-05-06 19:00:00,BUY-0102,retail,Mangga,1,25837.0,23967.0,False
ORD-03971,2025-05-07 08:00:00,BUY-0123,retail,Pisang,2,16270.0,32206.0,False
ORD-01913,2025-05-07 12:00:00,BUY-0050,retail,Pepaya,3,9926.0,28591.0,False
ORD-01335,2025-05-07 18:00:00,BUY-0102,retail,Pepaya,3,9749.0,27944.0,False
ORD-01035,2025-05-07 20:00:00,BUY-0006,reseller,Semangka,25,9890.0,242099.0,False
ORD-00160,2025-05-07 21:00:00,BUY-0017,retail,Jeruk,2,22557.0,43485.0,False
ORD-03244,2025-05-07 21:00:00,BUY-0144,retail,Anggur,3,52480.0,147070.0,False
ORD-02051,2025-05-08 10:00:00,BUY-0014,reseller,Nanas,15,12311.0,171115.0,False
ORD-01038,2025-05-08 14:00:00,BUY-0038,retail,Mangga,4,25987.0,99724.0,False
ORD-00020,2025-05-08 14:00:00,BUY-0105,retail,Mangga,3,23793.0,66899.0,False
ORD-03936,2025-05-08 15:00:00,BUY-0133,retail,Pisang,1,16323.0,15323.0,False
ORD-02480,2025-05-08 15:00:00,BUY-0076,retail,Pisang,2,16261.0,31033.0,False
ORD-03160,2025-05-09 03:00:00,BUY-0035,retail,Semangka,171,10154.0,105421.0,True
ORD-01596,2025-05-09 09:00:00,BUY-0068,retail,Semangka,3,9782.0,27695.0,False
ORD-02189,2025-05-09 12:00:00,BUY-0087,retail,Anggur,2,51351.0,93391.0,False
ORD-00359,2025-05-09 14:00:00,BUY-0004,retail,Pepaya,1,9917.0,9402.0,False
ORD-00611,2025-05-09 17:00:00,BUY-0011,retail,Anggur,1,50149.0,48977.0,False
ORD-00501,2025-05-09 20:00:00,BUY-0008,retail,Anggur,2,51975.0,95205.0,False
ORD-03090,2025-05-10 09:00:00,BUY-0062,retail,Mangga,1,24244.0,22858.0,False
ORD-00632,2025-05-10 10:00:00,BUY-0075,retail,Semangka,2,10328.0,18875.0,False
ORD-02639,2025-05-10 11:00:00,BUY-0122,retail,Apel,2,32008.0,58054.0,False
ORD-03963,2025-05-10 13:00:00,BUY-0115,retail,Nanas,2,12833.0,23763.0,False
ORD-02199,2025-05-10 14:00:00,BUY-0032,reseller,Jeruk,26,21424.0,509533.0,False
ORD-03131,2025-05-10 20:00:00,BUY-0117,retail,Pisang,3,16676.0,46600.0,False
ORD-02676,2025-05-11 09:00:00,BUY-0067,retail,Anggur,1,54983.0,50366.0,False
ORD-00664,2025-05-11 09:00:00,BUY-0071,retail,Apel,4,31019.0,122822.0,False
ORD-02730,2025-05-11 11:00:00,BUY-0136,retail,Semangka,4,9601.0,37833.0,False
ORD-00686,2025-05-11 13:00:00,BUY-0123,retail,Apel,3,31995.0,94020.0,False
ORD-01998,2025-05-11 19:00:00,BUY-0055,retail,Nanas,3,12307.0,33880.0,False
ORD-03261,2025-05-11 19:00:00,BUY-0023,reseller,Anggur,29,52310.0,1388661.0,False
ORD-02134,2025-05-11 21:00:00,BUY-0029,retail,Pepaya,3,10372.0,29507.0,False
ORD-03078,2025-05-12 11:00:00,BUY-0038,retail,Nanas,1,12745.0,12470.0,False
ORD-01053,2025-05-12 13:00:00,BUY-0040,retail,Pisang,3,16769.0,46021.0,False
ORD-01304,2025-05-12 15:00:00,BUY-0059,retail,Anggur,4,53447.0,192964.0,False
ORD-03722,2025-05-12 17:00:00,BUY-0148,retail,Mangga,1,24020.0,23224.0,False
ORD-01695,2025-05-12 18:00:00,BUY-0038,retail,Pepaya,3,10172.0,30269.0,False
ORD-00004,2025-05-12 21:00:00,BUY-0089,retail,Anggur,2,50065.0,92185.0,False
ORD-00729,2025-05-13 13:00:00,BUY-0066,retail,Nanas,1,12375.0,12032.0,False
ORD-03163,2025-05-13 13:00:00,BUY-0035,retail,Pisang,4,16421.0,62992.0,False
ORD-00527,2025-05-13 18:00:00,BUY-0088,retail,Pepaya,1,10409.0,9776.0,False
ORD-02618,2025-05-13 19:00:00,BUY-0004,retail,Apel,3,32186.0,88213.0,False
ORD-01272,2025-05-13 21:00:00,BUY-0090,retail,Anggur,1,53736.0,53209.0,False
ORD-02700,2025-05-14 12:00:00,BUY-0016,retail,Nanas,2,12963.0,24083.0,False
ORD-01487,2025-05-14 12:00:00,BUY-0011,retail,Apel,4,31920.0,122165.0,False
ORD-02070,2025-05-14 14:00:00,BUY-0020,retail,Anggur,2,50031.0,95232.0,False
ORD-03369,2025-05-14 16:00:00,BUY-0110,reseller,Semangka,39,10290.0,371665.0,False
ORD-00409,2025-05-15 08:00:00,BUY-0010,retail,Nanas,1,12171.0,11566.0,False
ORD-01566,2025-05-15 09:00:00,BUY-0124,retail,Mangga,2,25078.0,49657.0,False
ORD-03784,2025-05-15 09:00:00,BUY-0045,reseller,Nanas,34,12478.0,395315.0,False
ORD-03602,2025-05-15 11:00:00,BUY-0033,retail,Apel,2,31389.0,60508.0,False
ORD-00435,2025-05-15 18:00:00,BUY-0073,reseller,Pisang,33,16174.0,495918.0,False
ORD-00220,2025-05-15 18:00:00,BUY-0017,retail,Nanas,3,12341.0,36391.0,False
ORD-02949,2025-05-16 02:00:00,BUY-0135,retail,Semangka,116,10110.0,90143.0,True
ORD-02496,2025-05-16 09:00:00,BUY-0013,retail,Apel,1,31958.0,29740.0,False
ORD-02945,2025-05-16 11:00:00,BUY-0063,retail,Pepaya,1,10149.0,9871.0,False
ORD-02897,2025-05-16 12:00:00,BUY-0021,retail,Mangga,4,25525.0,99599.0,False
ORD-02201,2025-05-16 20:00:00,BUY-0063,retail,Pisang,2,16956.0,32097.0,False
ORD-02338,2025-05-16 21:00:00,BUY-0140,retail,Pepaya,3,9929.0,28282.0,False
ORD-02420,2025-05-17 12:00:00,BUY-0121,retail,Pepaya,2,10218.0,19045.0,False
ORD-03727,2025-05-17 16:00:00,BUY-0137,reseller,Mangga,35,25314.0,866688.0,False
ORD-03390,2025-05-17 19:00:00,BUY-0129,retail,Semangka,2,10256.0,19037.0,False
ORD-01296,2025-05-18 08:00:00,BUY-0081,retail,Pisang,2,16308.0,30142.0,False
ORD-02177,2025-05-18 09:00:00,BUY-0112,retail,Pepaya,4,10333.0,40293.0,False
ORD-00166,2025-05-18 13:00:00,BUY-0090,retail,Anggur,1,52601.0,48682.0,False
ORD-00825,2025-05-18 14:00:00,BUY-0062,retail,Pisang,2,17144.0,31292.0,False
ORD-02418,2025-05-18 20:00:00,BUY-0107,retail,Nanas,4,12388.0,47285.0,False
ORD-03098,2025-05-18 21:00:00,BUY-0135,retail,Apel,1,33027.0,31487.0,False
ORD-01056,2025-05-19 08:00:00,BUY-0051,retail,Nanas,3,12721.0,34753.0,False
ORD-03073,2025-05-19 08:00:00,BUY-0080,retail,Semangka,2,9850.0,17880.0,False
ORD-03704,2025-05-19 13:00:00,BUY-0057,retail,Semangka,3,10462.0,30304.0,False
ORD-03435,2025-05-19 17:00:00,BUY-0041,retail,Mangga,3,25258.0,75756.0,False
ORD-01159,2025-05-19 18:00:00,BUY-0106,retail,Pepaya,2,10345.0,19410.0,False
ORD-02808,2025-05-19 19:00:00,BUY-0141,retail,Pepaya,4,10087.0,38321.0,False
ORD-01546,2025-05-19 19:00:00,BUY-0117,retail,Semangka,3,9636.0,26657.0,False
ORD-00416,2025-05-20 08:00:00,BUY-0083,reseller,Pepaya,17,9812.0,160094.0,False
ORD-00680,2025-05-20 09:00:00,BUY-0036,retail,Pepaya,2,9684.0,18147.0,False
ORD-03973,2025-05-20 12:00:00,BUY-0019,reseller,Nanas,39,12466.0,445723.0,False
ORD-02655,2025-05-20 15:00:00,BUY-0079,retail,Nanas,1,12852.0,12035.0,False
ORD-03346,2025-05-20 17:00:00,BUY-0073,reseller,Semangka,39,9806.0,377939.0,False
ORD-00345,2025-05-20 17:00:00,BUY-0034,retail,Pisang,4,15754.0,60984.0,False
ORD-03702,2025-05-20 17:00:00,BUY-0145,retail,Semangka,2,10131.0,19016.0,False
ORD-03233,2025-05-20 20:00:00,BUY-0005,retail,Jeruk,3,22848.0,68113.0,False
ORD-00629,2025-05-20 21:00:00,BUY-0120,retail,Anggur,1,53171.0,49560.0,False
ORD-01950,2025-05-21 11:00:00,BUY-0013,retail,Apel,2,31600.0,63103.0,False
ORD-02026,2025-05-21 11:00:00,BUY-0082,retail,Pisang,1,15705.0,14549.0,False
ORD-01966,2025-05-21 15:00:00,BUY-0135,retail,Anggur,2,53554.0,100525.0,False
ORD-03124,2025-05-21 18:00:00,BUY-0150,retail,Nanas,1,11934.0,11903.0,False
ORD-04138,2025-05-21 18:00:00,BUY-0032,reseller,Apel,21,32061.0,666703.0,False
ORD-01010,2025-05-22 03:00:00,BUY-0088,retail,Anggur,75,49981.0,264222.0,True
ORD-03199,2025-05-22 08:00:00,BUY-0082,retail,Nanas,2,12116.0,23250.0,False
ORD-02698,2025-05-22 11:00:00,BUY-0123,retail,Apel,4,34105.0,124355.0,False
ORD-01033,2025-05-22 13:00:00,BUY-0098,retail,Apel,1,34075.0,31549.0,False
ORD-01872,2025-05-22 13:00:00,BUY-0059,retail,Pepaya,1,10025.0,9383.0,False
ORD-00805,2025-05-22 14:00:00,BUY-0053,retail,Semangka,3,9849.0,26998.0,False
ORD-01912,2025-05-22 17:00:00,BUY-0002,retail,Jeruk,3,23587.0,69253.0,False
ORD-00697,2025-05-23 02:00:00,BUY-0003,reseller,Pisang,63,16200.0,27805.0,True
ORD-03015,2025-05-23 04:00:00,BUY-0126,retail,Apel,77,31142.0,93172.0,True
ORD-02906,2025-05-23 09:00:00,BUY-0009,retail,Nanas,1,11980.0,11159.0,False
ORD-01450,2025-05-23 13:00:00,BUY-0002,retail,Pepaya,2,10067.0,18436.0,False
ORD-00153,2025-05-23 16:00:00,BUY-0053,retail,Mangga,4,24951.0,91809.0,False
ORD-00335,2025-05-24 04:00:00,BUY-0072,retail,Anggur,154,51353.0,492697.0,True
ORD-01661,2025-05-24 08:00:00,BUY-0021,retail,Anggur,4,53954.0,215060.0,False
ORD-00060,2025-05-24 12:00:00,BUY-0139,retail,Nanas,4,12500.0,45692.0,False
ORD-02494,2025-05-24 14:00:00,BUY-0079,retail,Pepaya,2,9904.0,18843.0,False
ORD-00971,2025-05-24 16:00:00,BUY-0131,retail,Pisang,3,16745.0,49371.0,False
ORD-02822,2025-05-24 19:00:00,BUY-0135,retail,Anggur,2,54980.0,102719.0,False
ORD-01889,2025-05-25 08:00:00,BUY-0012,reseller,Mangga,39,24963.0,959421.0,False
ORD-03755,2025-05-25 13:00:00,BUY-0038,retail,Pepaya,1,9750.0,8955.0,False
ORD-01204,2025-05-25 14:00:00,BUY-0132,reseller,Pisang,17,16591.0,269034.0,False
ORD-02044,2025-05-25 17:00:00,BUY-0118,retail,Anggur,1,54639.0,52306.0,False
ORD-02082,2025-05-25 18:00:00,BUY-0117,retail,Anggur,3,50725.0,141070.0,False
ORD-03241,2025-05-25 19:00:00,BUY-0024,reseller,Nanas,20,12476.0,230408.0,False
ORD-03420,2025-05-25 21:00:00,BUY-0104,reseller,Anggur,36,54773.0,1804147.0,False
ORD-02503,2025-05-25 21:00:00,BUY-0079,retail,Apel,4,32063.0,121181.0,False
ORD-02568,2025-05-26 13:00:00,BUY-0145,retail,Jeruk,2,22913.0,43922.0,False
ORD-03931,2025-05-26 17:00:00,BUY-0103,retail,Anggur,2,53033.0,101745.0,False
ORD-02041,2025-05-26 20:00:00,BUY-0023,reseller,Nanas,18,12381.0,201427.0,False
ORD-01352,2025-05-27 01:00:00,BUY-0080,retail,Pepaya,178,10399.0,53237.0,True
ORD-03712,2025-05-27 11:00:00,BUY-0079,retail,Pepaya,4,9764.0,35377.0,False
ORD-01744,2025-05-28 16:00:00,BUY-0065,retail,Semangka,1,9523.0,9290.0,False
ORD-00082,2025-05-29 09:00:00,BUY-0049,retail,Apel,1,32355.0,31216.0,False
ORD-04112,2025-05-29 09:00:00,BUY-0103,retail,Pepaya,3,10412.0,28393.0,False
ORD-03161,2025-05-29 12:00:00,BUY-0003,reseller,Apel,15,31515.0,454977.0,False
ORD-01065,2025-05-29 13:00:00,BUY-0070,retail,Apel,3,32607.0,97606.0,False
ORD-03500,2025-05-29 16:00:00,BUY-0048,retail,Semangka,4,9851.0,37518.0,False
ORD-01150,2025-05-29 17:00:00,BUY-0023,reseller,Nanas,16,12014.0,179714.0,False
ORD-00532,2025-05-30 08:00:00,BUY-0116,reseller,Pisang,37,16812.0,561295.0,False
ORD-00365,2025-05-30 09:00:00,BUY-0095,retail,Pepaya,4,10174.0,37409.0,False
ORD-03240,2025-05-30 11:00:00,BUY-0129,retail,Nanas,2,12932.0,23911.0,False
ORD-03166,2025-05-30 13:00:00,BUY-0044,retail,Semangka,2,10126.0,19458.0,False
ORD-02910,2025-05-30 16:00:00,BUY-0018,retail,Pisang,2,17282.0,32122.0,False
ORD-00981,2025-05-30 18:00:00,BUY-0084,retail,Apel,2,33794.0,64744.0,False
ORD-00679,2025-05-30 19:00:00,BUY-0108,retail,Pisang,2,16313.0,31146.0,False
ORD-00080,2025-05-31 08:00:00,BUY-0117,retail,Apel,4,33707.0,123432.0,False
ORD-02505,2025-05-31 09:00:00,BUY-0143,reseller,Mangga,33,25637.0,791272.0,False
ORD-02562,2025-05-31 10:00:00,BUY-0150,retail,Nanas,3,13009.0,36333.0,False
ORD-03865,2025-05-31 15:00:00,BUY-0072,retail,Jeruk,4,22993.0,84361.0,False
ORD-01503,2025-05-31 16:00:00,BUY-0121,retail,Jeruk,2,22935.0,45132.0,False
ORD-01453,2025-05-31 20:00:00,BUY-0128,retail,Apel,4,32538.0,120291.0,False
ORD-01820,2025-06-01 08:00:00,BUY-0122,retail,Pisang,4,15678.0,58003.0,False
ORD-01728,2025-06-01 13:00:00,BUY-0104,reseller,Pisang,26,16127.0,395663.0,False
ORD-01170,2025-06-01 14:00:00,BUY-0019,reseller,Pisang,22,16983.0,354474.0,False
ORD-02806,2025-06-01 15:00:00,BUY-0142,retail,Apel,3,33370.0,93404.0,False
ORD-00280,2025-06-01 20:00:00,BUY-0079,retail,Pisang,2,16205.0,29420.0,False
ORD-00133,2025-06-02 09:00:00,BUY-0148,retail,Jeruk,2,22828.0,44755.0,False
ORD-00175,2025-06-02 12:00:00,BUY-0005,retail,Apel,4,33317.0,124065.0,False
ORD-03896,2025-06-02 13:00:00,BUY-0106,retail,Semangka,3,10465.0,29799.0,False
ORD-01841,2025-06-02 19:00:00,BUY-0130,retail,Semangka,4,9725.0,36333.0,False
ORD-00837,2025-06-02 20:00:00,BUY-0013,retail,Pisang,3,15763.0,45652.0,False
ORD-03349,2025-06-02 20:00:00,BUY-0098,retail,Semangka,1,9894.0,9857.0,False
ORD-02263,2025-06-02 21:00:00,BUY-0096,retail,Anggur,3,54032.0,146913.0,False
ORD-00203,2025-06-03 00:00:00,BUY-0010,retail,Mangga,152,24533.0,111773.0,True
ORD-00358,2025-06-03 03:00:00,BUY-0025,retail,Semangka,151,10487.0,92276.0,True
ORD-03984,2025-06-03 09:00:00,BUY-0121,retail,Nanas,4,13092.0,52077.0,False
ORD-01414,2025-06-03 10:00:00,BUY-0135,retail,Mangga,1,24941.0,23372.0,False
ORD-02424,2025-06-03 18:00:00,BUY-0039,retail,Semangka,3,10224.0,27688.0,False
ORD-04089,2025-06-03 19:00:00,BUY-0130,retail,Jeruk,3,23260.0,67071.0,False
ORD-01101,2025-06-03 19:00:00,BUY-0047,retail,Pisang,4,16837.0,65164.0,False
ORD-00516,2025-06-03 20:00:00,BUY-0049,retail,Mangga,3,25126.0,74597.0,False
ORD-01334,2025-06-03 21:00:00,BUY-0009,retail,Pisang,1,17244.0,16196.0,False
ORD-03698,2025-06-03 21:00:00,BUY-0084,retail,Anggur,4,52764.0,199053.0,False
ORD-00890,2025-06-04 11:00:00,BUY-0068,retail,Semangka,2,10457.0,19720.0,False
ORD-03071,2025-06-04 14:00:00,BUY-0051,retail,Pepaya,4,10166.0,37070.0,False
ORD-02242,2025-06-04 15:00:00,BUY-0076,retail,Apel,3,32929.0,88912.0,False
ORD-04133,2025-06-04 20:00:00,BUY-0041,retail,Mangga,4,24256.0,91932.0,False
ORD-01124,2025-06-04 20:00:00,BUY-0115,retail,Semangka,2,9975.0,18686.0,False
ORD-00270,2025-06-05 09:00:00,BUY-0038,retail,Jeruk,2,21963.0,41726.0,False
ORD-02110,2025-06-05 09:00:00,BUY-0040,retail,Anggur,3,52509.0,142607.0,False
ORD-03823,2025-06-05 15:00:00,BUY-0091,retail,Nanas,3,13062.0,37968.0,False
ORD-00807,2025-06-05 17:00:00,BUY-0008,retail,Mangga,4,25268.0,92334.0,False
ORD-00841,2025-06-05 17:00:00,BUY-0021,retail,Apel,3,31045.0,88097.0,False
ORD-01556,2025-06-05 18:00:00,BUY-0040,retail,Mangga,2,23921.0,46453.0,False
ORD-02277,2025-06-05 18:00:00,BUY-0129,retail,Jeruk,1,22126.0,20715.0,False
ORD-00931,2025-06-06 08:00:00,BUY-0060,retail,Apel,2,32179.0,60834.0,False
ORD-04132,2025-06-06 08:00:00,BUY-0096,retail,Anggur,1,54142.0,53240.0,False
ORD-01811,2025-06-06 11:00:00,BUY-0096,retail,Pisang,4,16838.0,64614.0,False
ORD-00056,2025-06-06 12:00:00,BUY-0057,retail,Mangga,1,24703.0,24530.0,False
ORD-00266,2025-06-06 13:00:00,BUY-0088,retail,Apel,4,31503.0,123758.0,False
ORD-02780,2025-06-07 03:00:00,BUY-0039,retail,Semangka,70,9888.0,35926.0,True
ORD-01496,2025-06-07 08:00:00,BUY-0076,retail,Nanas,4,12745.0,47117.0,False
ORD-03950,2025-06-07 09:00:00,BUY-0034,retail,Apel,2,32733.0,59647.0,False
ORD-03731,2025-06-07 10:00:00,BUY-0130,retail,Nanas,1,13115.0,13110.0,False
ORD-03541,2025-06-07 14:00:00,BUY-0070,retail,Anggur,3,51686.0,145863.0,False
ORD-02566,2025-06-07 15:00:00,BUY-0149,retail,Semangka,1,10222.0,9547.0,False
ORD-00627,2025-06-07 19:00:00,BUY-0016,retail,Semangka,4,9634.0,37036.0,False
ORD-01460,2025-06-08 08:00:00,BUY-0126,retail,Nanas,3,11908.0,35513.0,False
ORD-01111,2025-06-08 10:00:00,BUY-0128,retail,Apel,2,31832.0,57621.0,False
ORD-04139,2025-06-08 11:00:00,BUY-0078,retail,Pisang,2,15676.0,29435.0,False
ORD-01538,2025-06-08 12:00:00,BUY-0148,retail,Semangka,2,9974.0,17966.0,False
ORD-03097,2025-06-08 13:00:00,BUY-0123,retail,Mangga,1,24528.0,23311.0,False
ORD-01999,2025-06-08 14:00:00,BUY-0041,retail,Pisang,3,15909.0,47673.0,False
ORD-00044,2025-06-08 16:00:00,BUY-0088,retail,Pisang,2,16000.0,31848.0,False
ORD-00330,2025-06-08 19:00:00,BUY-0025,retail,Jeruk,2,22215.0,42555.0,False
ORD-01182,2025-06-08 20:00:00,BUY-0120,retail,Pepaya,3,10384.0,29776.0,False
ORD-02111,2025-06-08 21:00:00,BUY-0072,retail,Pepaya,2,9681.0,18690.0,False
ORD-00284,2025-06-09 02:00:00,BUY-0107,retail,Pisang,114,16474.0,127384.0,True
ORD-03630,2025-06-09 08:00:00,BUY-0073,reseller,Pisang,15,15773.0,213971.0,False
ORD-02396,2025-06-09 08:00:00,BUY-0134,retail,Pepaya,3,10268.0,27797.0,False
ORD-02045,2025-06-09 18:00:00,BUY-0052,retail,Jeruk,2,21720.0,42382.0,False
ORD-04017,2025-06-09 20:00:00,BUY-0105,retail,Pepaya,2,10096.0,19868.0,False
ORD-00791,2025-06-10 02:00:00,BUY-0140,retail,Semangka,144,9799.0,35515.0,True
ORD-03748,2025-06-10 14:00:00,BUY-0045,reseller,Pepaya,34,9820.0,309475.0,False
ORD-03622,2025-06-10 14:00:00,BUY-0041,retail,Nanas,2,12462.0,23287.0,False
ORD-02317,2025-06-10 17:00:00,BUY-0020,retail,Pepaya,2,9679.0,18850.0,False
ORD-00661,2025-06-10 21:00:00,BUY-0132,reseller,Anggur,18,51684.0,841525.0,False
ORD-03156,2025-06-11 15:00:00,BUY-0050,retail,Pisang,1,16312.0,15689.0,False
ORD-01807,2025-06-11 18:00:00,BUY-0067,retail,Anggur,3,51346.0,149490.0,False
ORD-01535,2025-06-11 18:00:00,BUY-0104,reseller,Pisang,17,16685.0,278421.0,False
ORD-01772,2025-06-11 20:00:00,BUY-0101,reseller,Anggur,19,51047.0,917678.0,False
ORD-02812,2025-06-12 13:00:00,BUY-0129,retail,Nanas,4,12918.0,50795.0,False
ORD-01461,2025-06-12 15:00:00,BUY-0008,retail,Anggur,3,50170.0,136756.0,False
ORD-00396,2025-06-12 15:00:00,BUY-0110,reseller,Apel,25,31736.0,752062.0,False
ORD-01052,2025-06-12 17:00:00,BUY-0083,reseller,Pisang,39,16822.0,624898.0,False
ORD-03895,2025-06-12 18:00:00,BUY-0119,retail,Jeruk,4,23363.0,87374.0,False
ORD-03137,2025-06-12 19:00:00,BUY-0107,retail,Pisang,1,17241.0,16306.0,False
ORD-01424,2025-06-12 21:00:00,BUY-0065,retail,Semangka,4,10190.0,36996.0,False
ORD-01451,2025-06-13 02:00:00,BUY-0073,reseller,Nanas,95,12477.0,34386.0,True
ORD-03005,2025-06-13 15:00:00,BUY-0015,retail,Jeruk,2,21840.0,42666.0,False
ORD-00429,2025-06-13 17:00:00,BUY-0147,retail,Apel,2,30954.0,58612.0,False
ORD-00453,2025-06-13 18:00:00,BUY-0022,retail,Pepaya,2,10325.0,19327.0,False
ORD-04002,2025-06-14 10:00:00,BUY-0079,retail,Semangka,4,9526.0,37660.0,False
ORD-03518,2025-06-14 13:00:00,BUY-0072,retail,Pepaya,1,9650.0,8712.0,False
ORD-03047,2025-06-14 14:00:00,BUY-0047,retail,Mangga,3,24691.0,71173.0,False
ORD-01877,2025-06-14 15:00:00,BUY-0116,reseller,Apel,29,31892.0,907184.0,False
ORD-02774,2025-06-14 18:00:00,BUY-0047,retail,Anggur,2,51359.0,98769.0,False
ORD-01970,2025-06-15 08:00:00,BUY-0016,retail,Mangga,2,24361.0,48126.0,False
ORD-01668,2025-06-15 08:00:00,BUY-0064,retail,Apel,4,32146.0,125525.0,False
ORD-01764,2025-06-15 09:00:00,BUY-0001,retail,Nanas,4,12048.0,44930.0,False
ORD-02137,2025-06-15 18:00:00,BUY-0067,retail,Semangka,3,9672.0,26670.0,False
ORD-03754,2025-06-16 11:00:00,BUY-0087,retail,Pepaya,3,10406.0,30221.0,False
ORD-02348,2025-06-16 14:00:00,BUY-0015,retail,Anggur,4,52272.0,201437.0,False
ORD-00295,2025-06-16 15:00:00,BUY-0129,retail,Jeruk,1,22345.0,20583.0,False
ORD-00737,2025-06-16 15:00:00,BUY-0002,retail,Nanas,2,12902.0,23503.0,False
ORD-03818,2025-06-16 15:00:00,BUY-0076,retail,Pepaya,4,9627.0,36726.0,False
ORD-01549,2025-06-17 12:00:00,BUY-0104,reseller,Pisang,29,15917.0,442460.0,False
ORD-01346,2025-06-17 14:00:00,BUY-0098,retail,Apel,3,32172.0,94362.0,False
ORD-03211,2025-06-17 17:00:00,BUY-0002,retail,Pisang,2,16995.0,32878.0,False
ORD-01452,2025-06-17 17:00:00,BUY-0043,retail,Nanas,4,12388.0,47607.0,False
ORD-01621,2025-06-17 19:00:00,BUY-0067,retail,Jeruk,3,23282.0,64237.0,False
ORD-00861,2025-06-17 20:00:00,BUY-0012,reseller,Pisang,12,15811.0,186047.0,False
ORD-01330,2025-06-18 11:00:00,BUY-0077,retail,Pisang,2,16799.0,30324.0,False
ORD-01062,2025-06-18 12:00:00,BUY-0100,reseller,Apel,27,33787.0,870496.0,False
ORD-01829,2025-06-18 16:00:00,BUY-0090,retail,Apel,4,32298.0,127515.0,False
ORD-01662,2025-06-18 20:00:00,BUY-0062,retail,Jeruk,1,22477.0,22086.0,False
ORD-02297,2025-06-19 09:00:00,BUY-0085,retail,Mangga,4,24910.0,96829.0,False
ORD-02279,2025-06-19 10:00:00,BUY-0014,reseller,Semangka,13,9737.0,121010.0,False
ORD-01134,2025-06-19 15:00:00,BUY-0145,retail,Pisang,2,16295.0,31242.0,False
ORD-03953,2025-06-19 17:00:00,BUY-0133,retail,Jeruk,3,21810.0,63303.0,False
ORD-02181,2025-06-19 21:00:00,BUY-0069,retail,Jeruk,3,21967.0,60710.0,False
ORD-03583,2025-06-20 10:00:00,BUY-0073,reseller,Pisang,14,17202.0,228036.0,False
ORD-01551,2025-06-20 10:00:00,BUY-0123,retail,Nanas,4,12227.0,46104.0,False
ORD-00071,2025-06-20 16:00:00,BUY-0147,retail,Jeruk,3,23495.0,70417.0,False
ORD-01511,2025-06-21 15:00:00,BUY-0004,retail,Pepaya,3,10203.0,29295.0,False
ORD-02095,2025-06-21 17:00:00,BUY-0031,retail,Apel,1,32428.0,31189.0,False
ORD-01168,2025-06-21 20:00:00,BUY-0041,retail,Nanas,2,12310.0,22466.0,False
ORD-02823,2025-06-22 08:00:00,BUY-0059,retail,Anggur,4,53009.0,203202.0,False
ORD-01353,2025-06-22 15:00:00,BUY-0018,retail,Mangga,2,24598.0,46735.0,False
ORD-00451,2025-06-22 20:00:00,BUY-0012,reseller,Jeruk,32,22266.0,703875.0,False
ORD-03810,2025-06-23 08:00:00,BUY-0062,retail,Semangka,4,10134.0,37235.0,False
ORD-03193,2025-06-23 16:00:00,BUY-0136,retail,Jeruk,4,22436.0,81373.0,False
ORD-02785,2025-06-23 18:00:00,BUY-0136,retail,Semangka,2,10364.0,19732.0,False
ORD-00005,2025-06-23 18:00:00,BUY-0033,retail,Semangka,1,10157.0,9248.0,False
ORD-03150,2025-06-23 19:00:00,BUY-0119,retail,Pisang,4,15882.0,62982.0,False
ORD-01132,2025-06-23 20:00:00,BUY-0050,retail,Nanas,4,12450.0,47424.0,False
ORD-03786,2025-06-24 04:00:00,BUY-0024,reseller,Pisang,109,16501.0,94045.0,True
ORD-02320,2025-06-24 11:00:00,BUY-0042,reseller,Jeruk,31,23297.0,652447.0,False
ORD-00009,2025-06-24 12:00:00,BUY-0115,retail,Jeruk,2,21564.0,40924.0,False
ORD-02681,2025-06-24 13:00:00,BUY-0080,retail,Nanas,1,12401.0,12261.0,False
ORD-01408,2025-06-24 13:00:00,BUY-0113,retail,Pisang,3,16997.0,49634.0,False
ORD-00571,2025-06-24 14:00:00,BUY-0119,retail,Jeruk,4,22931.0,88794.0,False
ORD-03061,2025-06-24 17:00:00,BUY-0054,retail,Semangka,4,10197.0,38677.0,False
ORD-01467,2025-06-25 11:00:00,BUY-0003,reseller,Semangka,22,9614.0,209696.0,False
ORD-01007,2025-06-25 12:00:00,BUY-0079,retail,Pisang,2,16088.0,30144.0,False
ORD-01761,2025-06-25 14:00:00,BUY-0062,retail,Pepaya,4,9675.0,36542.0,False
ORD-01434,2025-06-25 16:00:00,BUY-0063,retail,Apel,1,32176.0,29839.0,False
ORD-03447,2025-06-26 08:00:00,BUY-0061,retail,Nanas,3,12685.0,35797.0,False
ORD-02931,2025-06-26 08:00:00,BUY-0143,reseller,Pisang,20,16781.0,308272.0,False
ORD-02802,2025-06-26 11:00:00,BUY-0099,retail,Anggur,4,52887.0,191750.0,False
ORD-01486,2025-06-26 12:00:00,BUY-0021,retail,Jeruk,3,23135.0,67234.0,False
ORD-00361,2025-06-26 12:00:00,BUY-0030,retail,Jeruk,2,22843.0,41385.0,False
ORD-03759,2025-06-26 17:00:00,BUY-0058,retail,Mangga,2,25786.0,46748.0,False
ORD-01874,2025-06-26 19:00:00,BUY-0124,retail,Nanas,4,12698.0,46411.0,False
ORD-03806,2025-06-27 15:00:00,BUY-0094,retail,Semangka,1,9533.0,8794.0,False
ORD-02115,2025-06-27 15:00:00,BUY-0133,retail,Jeruk,2,22870.0,43920.0,False
ORD-03304,2025-06-27 17:00:00,BUY-0128,retail,Pepaya,3,9515.0,26147.0,False
ORD-03782,2025-06-28 09:00:00,BUY-0073,reseller,Apel,25,33891.0,832464.0,False
ORD-02920,2025-06-28 10:00:00,BUY-0017,retail,Pepaya,4,10223.0,37538.0,False
ORD-03979,2025-06-28 12:00:00,BUY-0143,reseller,Pepaya,38,10287.0,379451.0,False
ORD-00938,2025-06-28 15:00:00,BUY-0076,retail,Apel,4,32743.0,118935.0,False
ORD-02869,2025-06-28 18:00:00,BUY-0138,retail,Jeruk,4,22433.0,85994.0,False
ORD-03247,2025-06-28 19:00:00,BUY-0066,retail,Anggur,1,54476.0,52549.0,False
ORD-00539,2025-06-29 09:00:00,BUY-0135,retail,Apel,1,32983.0,32704.0,False
ORD-01043,2025-06-29 10:00:00,BUY-0077,retail,Mangga,1,24448.0,22615.0,False
ORD-02616,2025-06-29 10:00:00,BUY-0068,retail,Apel,3,34058.0,92172.0,False
ORD-03830,2025-06-29 11:00:00,BUY-0053,retail,Semangka,1,10336.0,9419.0,False
ORD-00191,2025-06-29 11:00:00,BUY-0130,retail,Pepaya,1,10458.0,10251.0,False
ORD-02180,2025-06-29 14:00:00,BUY-0108,retail,Pepaya,1,10449.0,10233.0,False
ORD-01888,2025-06-29 16:00:00,BUY-0095,retail,Semangka,3,9925.0,28976.0,False
ORD-02138,2025-06-29 17:00:00,BUY-0074,retail,Mangga,2,25462.0,50235.0,False
ORD-00464,2025-06-29 18:00:00,BUY-0079,retail,Pisang,1,15822.0,14954.0,False
ORD-01322,2025-06-30 08:00:00,BUY-0039,retail,Mangga,1,23966.0,23360.0,False
ORD-02851,2025-06-30 12:00:00,BUY-0007,retail,Pepaya,3,10347.0,28650.0,False
ORD-01771,2025-06-30 12:00:00,BUY-0126,retail,Anggur,3,55025.0,152670.0,False
ORD-01783,2025-06-30 13:00:00,BUY-0045,reseller,Pepaya,36,10195.0,347114.0,False
ORD-02888,2025-06-30 14:00:00,BUY-0070,retail,Semangka,1,10126.0,9428.0,False
ORD-03421,2025-06-30 18:00:00,BUY-0134,retail,Pisang,4,16992.0,67861.0,False
ORD-03886,2025-06-30 18:00:00,BUY-0038,retail,Mangga,3,24348.0,65974.0,False
ORD-03216,2025-07-01 08:00:00,BUY-0119,retail,Anggur,2,51769.0,101333.0,False
ORD-01743,2025-07-01 11:00:00,BUY-0048,retail,Pisang,4,16495.0,64736.0,False
ORD-01139,2025-07-02 10:00:00,BUY-0029,retail,Mangga,3,25545.0,76435.0,False
ORD-00262,2025-07-02 12:00:00,BUY-0033,retail,Mangga,3,25026.0,70997.0,False
ORD-02295,2025-07-02 13:00:00,BUY-0071,retail,Mangga,3,25563.0,70395.0,False
ORD-03767,2025-07-02 16:00:00,BUY-0011,retail,Pepaya,2,9800.0,18412.0,False
ORD-02582,2025-07-02 19:00:00,BUY-0090,retail,Nanas,1,12647.0,11929.0,False
ORD-01838,2025-07-02 20:00:00,BUY-0025,retail,Pisang,4,17137.0,63670.0,False
ORD-02151,2025-07-03 08:00:00,BUY-0045,reseller,Apel,25,31540.0,735308.0,False
ORD-01260,2025-07-03 08:00:00,BUY-0023,reseller,Nanas,38,12325.0,448921.0,False
ORD-01773,2025-07-03 13:00:00,BUY-0068,retail,Jeruk,1,23473.0,22366.0,False
ORD-02832,2025-07-03 15:00:00,BUY-0079,retail,Pisang,3,16960.0,49967.0,False
ORD-01803,2025-07-03 18:00:00,BUY-0125,retail,Nanas,1,12240.0,12089.0,False
ORD-04030,2025-07-03 18:00:00,BUY-0015,retail,Pepaya,4,9504.0,35399.0,False
ORD-03654,2025-07-03 20:00:00,BUY-0059,retail,Apel,2,30978.0,58602.0,False
ORD-01397,2025-07-04 08:00:00,BUY-0047,retail,Pepaya,1,10050.0,9833.0,False
ORD-02304,2025-07-04 13:00:00,BUY-0063,retail,Nanas,2,12780.0,25226.0,False
ORD-00689,2025-07-04 15:00:00,BUY-0017,retail,Pepaya,4,10227.0,39504.0,False
ORD-01176,2025-07-04 15:00:00,BUY-0100,reseller,Jeruk,25,22215.0,541598.0,False
ORD-03531,2025-07-04 17:00:00,BUY-0041,retail,Nanas,1,12396.0,11290.0,False
ORD-03334,2025-07-04 18:00:00,BUY-0033,retail,Nanas,3,12555.0,35831.0,False
ORD-02830,2025-07-05 08:00:00,BUY-0045,reseller,Pisang,25,15919.0,386867.0,False
ORD-00229,2025-07-05 17:00:00,BUY-0127,retail,Anggur,1,50709.0,47049.0,False
ORD-02683,2025-07-05 19:00:00,BUY-0101,reseller,Pisang,27,16507.0,411911.0,False
ORD-03613,2025-07-06 04:00:00,BUY-0081,retail,Nanas,197,12391.0,101482.0,True
ORD-00483,2025-07-06 11:00:00,BUY-0020,retail,Mangga,2,24653.0,48854.0,False
ORD-03502,2025-07-06 12:00:00,BUY-0006,reseller,Nanas,27,12488.0,326617.0,False
ORD-03295,2025-07-06 18:00:00,BUY-0014,reseller,Pisang,28,16091.0,427817.0,False
ORD-00933,2025-07-06 21:00:00,BUY-0136,retail,Pisang,3,16382.0,44646.0,False
ORD-00405,2025-07-06 21:00:00,BUY-0142,retail,Jeruk,3,21967.0,62779.0,False
ORD-01463,2025-07-07 03:00:00,BUY-0103,retail,Jeruk,197,22970.0,98747.0,True
ORD-02388,2025-07-07 08:00:00,BUY-0031,retail,Pepaya,1,9707.0,9156.0,False
ORD-02908,2025-07-07 12:00:00,BUY-0030,retail,Semangka,2,10462.0,19094.0,False
ORD-03991,2025-07-07 12:00:00,BUY-0059,retail,Pisang,1,17136.0,16834.0,False
ORD-02779,2025-07-07 12:00:00,BUY-0103,retail,Mangga,1,23763.0,22647.0,False
ORD-03004,2025-07-07 13:00:00,BUY-0135,retail,Anggur,4,54222.0,214874.0,False
ORD-01615,2025-07-07 16:00:00,BUY-0124,retail,Anggur,3,54808.0,161101.0,False
ORD-01209,2025-07-07 17:00:00,BUY-0031,retail,Apel,2,34086.0,67100.0,False
ORD-01122,2025-07-07 18:00:00,BUY-0118,retail,Mangga,2,26098.0,50499.0,False
ORD-02500,2025-07-07 18:00:00,BUY-0008,retail,Pisang,2,16202.0,29843.0,False
ORD-01009,2025-07-08 09:00:00,BUY-0133,retail,Apel,1,32866.0,32344.0,False
ORD-01203,2025-07-08 10:00:00,BUY-0036,retail,Semangka,2,10424.0,19544.0,False
ORD-01223,2025-07-08 11:00:00,BUY-0102,retail,Anggur,2,50375.0,96791.0,False
ORD-02214,2025-07-08 12:00:00,BUY-0138,retail,Nanas,3,12910.0,35341.0,False
ORD-02467,2025-07-08 14:00:00,BUY-0141,retail,Apel,4,31530.0,115298.0,False
ORD-00534,2025-07-08 15:00:00,BUY-0095,retail,Mangga,4,24051.0,96061.0,False
ORD-02471,2025-07-08 17:00:00,BUY-0001,retail,Pisang,4,16787.0,62204.0,False
ORD-02148,2025-07-08 17:00:00,BUY-0099,retail,Mangga,1,25892.0,24566.0,False
ORD-00924,2025-07-08 18:00:00,BUY-0056,retail,Jeruk,1,23537.0,22952.0,False
ORD-00851,2025-07-08 19:00:00,BUY-0137,reseller,Nanas,27,12207.0,317486.0,False
ORD-01576,2025-07-09 08:00:00,BUY-0148,retail,Pepaya,4,9677.0,37780.0,False
ORD-02069,2025-07-09 09:00:00,BUY-0101,reseller,Mangga,19,25458.0,450784.0,False
ORD-03194,2025-07-09 09:00:00,BUY-0006,reseller,Anggur,25,50064.0,1209439.0,False
ORD-01478,2025-07-09 15:00:00,BUY-0099,retail,Anggur,4,50890.0,183858.0,False
ORD-03619,2025-07-09 15:00:00,BUY-0074,retail,Jeruk,2,22879.0,41320.0,False
ORD-03379,2025-07-09 21:00:00,BUY-0066,retail,Nanas,3,12925.0,35198.0,False
ORD-03126,2025-07-10 10:00:00,BUY-0020,retail,Mangga,3,24481.0,66504.0,False
ORD-04073,2025-07-10 11:00:00,BUY-0074,retail,Semangka,2,9653.0,18765.0,False
ORD-03205,2025-07-10 13:00:00,BUY-0053,retail,Semangka,3,10267.0,30540.0,False
ORD-03571,2025-07-10 15:00:00,BUY-0031,retail,Jeruk,3,23291.0,64276.0,False
ORD-02928,2025-07-10 16:00:00,BUY-0142,retail,Pepaya,1,9706.0,8768.0,False
ORD-03955,2025-07-10 19:00:00,BUY-0112,retail,Anggur,3,50771.0,138981.0,False
ORD-02017,2025-07-10 20:00:00,BUY-0087,retail,Jeruk,2,22042.0,40512.0,False
ORD-01730,2025-07-10 21:00:00,BUY-0096,retail,Anggur,3,50645.0,140122.0,False
ORD-02006,2025-07-10 21:00:00,BUY-0087,retail,Pisang,1,15874.0,15348.0,False
ORD-02859,2025-07-11 10:00:00,BUY-0084,retail,Mangga,1,24073.0,23181.0,False
ORD-03324,2025-07-11 11:00:00,BUY-0135,retail,Semangka,1,9911.0,9632.0,False
ORD-02885,2025-07-11 12:00:00,BUY-0137,reseller,Jeruk,13,21778.0,267070.0,False
ORD-00098,2025-07-11 13:00:00,BUY-0053,retail,Pisang,1,15701.0,14574.0,False
ORD-03775,2025-07-11 13:00:00,BUY-0075,retail,Pisang,2,15693.0,29382.0,False
ORD-00544,2025-07-11 13:00:00,BUY-0110,reseller,Anggur,28,51862.0,1416733.0,False
ORD-03128,2025-07-11 14:00:00,BUY-0097,retail,Mangga,2,25692.0,47476.0,False
ORD-02021,2025-07-11 19:00:00,BUY-0032,reseller,Semangka,23,10281.0,231812.0,False
ORD-02710,2025-07-11 20:00:00,BUY-0106,retail,Anggur,4,54960.0,213911.0,False
ORD-01506,2025-07-11 21:00:00,BUY-0085,retail,Nanas,3,12500.0,37040.0,False
ORD-02370,2025-07-12 11:00:00,BUY-0071,retail,Pepaya,2,10156.0,19330.0,False
ORD-01850,2025-07-12 11:00:00,BUY-0135,retail,Jeruk,4,22555.0,86595.0,False
ORD-01440,2025-07-12 15:00:00,BUY-0136,retail,Semangka,2,9849.0,17847.0,False
ORD-00609,2025-07-12 19:00:00,BUY-0135,retail,Nanas,3,12473.0,34926.0,False
ORD-01383,2025-07-12 19:00:00,BUY-0139,retail,Nanas,2,13111.0,25194.0,False
ORD-02721,2025-07-12 20:00:00,BUY-0147,retail,Anggur,3,51704.0,145597.0,False
ORD-03064,2025-07-13 09:00:00,BUY-0126,retail,Semangka,2,10194.0,18653.0,False
ORD-02187,2025-07-13 12:00:00,BUY-0094,retail,Nanas,1,12887.0,12458.0,False
ORD-01326,2025-07-13 12:00:00,BUY-0028,retail,Pisang,1,16518.0,16272.0,False
ORD-02693,2025-07-13 14:00:00,BUY-0078,retail,Jeruk,4,23420.0,92842.0,False
ORD-02225,2025-07-13 15:00:00,BUY-0019,reseller,Apel,10,33630.0,309391.0,False
ORD-01395,2025-07-13 16:00:00,BUY-0038,retail,Pisang,3,16660.0,47304.0,False
ORD-02991,2025-07-13 17:00:00,BUY-0148,retail,Anggur,2,53653.0,104625.0,False
ORD-01740,2025-07-13 17:00:00,BUY-0069,retail,Pepaya,1,10248.0,9567.0,False
ORD-01366,2025-07-14 08:00:00,BUY-0071,retail,Anggur,1,50755.0,49730.0,False
ORD-01379,2025-07-14 17:00:00,BUY-0128,retail,Apel,4,30950.0,112389.0,False
ORD-00922,2025-07-14 18:00:00,BUY-0124,retail,Mangga,3,25362.0,70367.0,False
ORD-03028,2025-07-15 09:00:00,BUY-0086,retail,Apel,1,32255.0,31136.0,False
ORD-04069,2025-07-15 11:00:00,BUY-0042,reseller,Anggur,17,50399.0,777206.0,False
ORD-01374,2025-07-15 14:00:00,BUY-0013,retail,Mangga,4,23839.0,92063.0,False
ORD-01667,2025-07-15 17:00:00,BUY-0129,retail,Anggur,3,50277.0,144638.0,False
ORD-01908,2025-07-16 14:00:00,BUY-0044,retail,Mangga,4,24444.0,97384.0,False
ORD-01153,2025-07-16 15:00:00,BUY-0147,retail,Apel,4,31125.0,120471.0,False
ORD-02757,2025-07-16 19:00:00,BUY-0122,retail,Pisang,3,16873.0,49410.0,False
ORD-01594,2025-07-17 13:00:00,BUY-0104,reseller,Semangka,33,9577.0,307746.0,False
ORD-00461,2025-07-17 14:00:00,BUY-0116,reseller,Apel,20,31263.0,601722.0,False
ORD-02722,2025-07-17 15:00:00,BUY-0064,retail,Pisang,4,17266.0,62172.0,False
ORD-00434,2025-07-17 18:00:00,BUY-0083,reseller,Nanas,14,12551.0,164790.0,False
ORD-02340,2025-07-17 20:00:00,BUY-0132,reseller,Apel,37,31736.0,1100923.0,False
ORD-00814,2025-07-18 10:00:00,BUY-0144,retail,Pepaya,1,10099.0,9204.0,False
ORD-01791,2025-07-18 14:00:00,BUY-0029,retail,Anggur,1,53944.0,50989.0,False
ORD-02028,2025-07-18 14:00:00,BUY-0027,retail,Anggur,1,53110.0,49116.0,False
ORD-03738,2025-07-18 18:00:00,BUY-0070,retail,Apel,2,30904.0,59178.0,False
ORD-00003,2025-07-18 18:00:00,BUY-0069,retail,Mangga,2,23891.0,43748.0,False
ORD-03844,2025-07-19 10:00:00,BUY-0034,retail,Nanas,3,12577.0,36352.0,False
ORD-01123,2025-07-19 11:00:00,BUY-0014,reseller,Anggur,19,53209.0,915090.0,False
ORD-00484,2025-07-19 17:00:00,BUY-0090,retail,Mangga,2,25262.0,46316.0,False
ORD-02717,2025-07-19 19:00:00,BUY-0108,retail,Mangga,1,24679.0,23579.0,False
ORD-00482,2025-07-19 20:00:00,BUY-0009,retail,Pepaya,2,9818.0,18184.0,False
ORD-00589,2025-07-20 12:00:00,BUY-0130,retail,Apel,1,31655.0,28911.0,False
ORD-01963,2025-07-20 14:00:00,BUY-0085,retail,Mangga,2,25023.0,47804.0,False
ORD-02570,2025-07-20 16:00:00,BUY-0143,reseller,Mangga,12,23955.0,269654.0,False
ORD-02342,2025-07-21 11:00:00,BUY-0036,retail,Pisang,3,16449.0,48488.0,False
ORD-00272,2025-07-21 18:00:00,BUY-0126,retail,Apel,4,32505.0,123402.0,False
ORD-01416,2025-07-21 21:00:00,BUY-0003,reseller,Pisang,39,17007.0,624917.0,False
ORD-01090,2025-07-22 17:00:00,BUY-0139,retail,Semangka,1,9931.0,9779.0,False
ORD-00127,2025-07-22 20:00:00,BUY-0008,retail,Jeruk,4,21991.0,87658.0,False
ORD-01349,2025-07-22 21:00:00,BUY-0103,retail,Mangga,3,25237.0,74854.0,False
ORD-01073,2025-07-23 14:00:00,BUY-0031,retail,Jeruk,3,22953.0,68566.0,False
ORD-01593,2025-07-23 18:00:00,BUY-0084,retail,Mangga,4,25844.0,99929.0,False
ORD-03024,2025-07-24 08:00:00,BUY-0088,retail,Pepaya,1,10326.0,9547.0,False
ORD-01164,2025-07-24 09:00:00,BUY-0056,retail,Pisang,4,16848.0,64774.0,False
ORD-00116,2025-07-24 21:00:00,BUY-0018,retail,Mangga,2,25634.0,48212.0,False
ORD-03788,2025-07-25 15:00:00,BUY-0079,retail,Pisang,3,16658.0,47941.0,False
ORD-02581,2025-07-25 17:00:00,BUY-0093,retail,Semangka,1,10177.0,9929.0,False
ORD-01425,2025-07-25 20:00:00,BUY-0080,retail,Nanas,2,12210.0,24258.0,False
ORD-02287,2025-07-26 08:00:00,BUY-0070,retail,Mangga,1,26117.0,24086.0,False
ORD-04110,2025-07-26 09:00:00,BUY-0051,retail,Apel,2,33954.0,66398.0,False
ORD-02654,2025-07-26 12:00:00,BUY-0088,retail,Pisang,2,16247.0,30492.0,False
ORD-00264,2025-07-26 12:00:00,BUY-0007,retail,Anggur,2,54540.0,108781.0,False
ORD-00566,2025-07-26 13:00:00,BUY-0146,retail,Semangka,4,9830.0,38375.0,False
ORD-02840,2025-07-26 13:00:00,BUY-0021,retail,Apel,4,32609.0,128379.0,False
ORD-01030,2025-07-27 13:00:00,BUY-0006,reseller,Apel,39,33105.0,1187270.0,False
ORD-02398,2025-07-27 16:00:00,BUY-0001,retail,Apel,1,31049.0,30547.0,False
ORD-00391,2025-07-27 18:00:00,BUY-0110,reseller,Anggur,11,54605.0,568741.0,False
ORD-01388,2025-07-27 19:00:00,BUY-0024,reseller,Apel,11,33044.0,344051.0,False
ORD-03761,2025-07-27 19:00:00,BUY-0066,retail,Semangka,2,10221.0,20071.0,False
ORD-02023,2025-07-28 11:00:00,BUY-0083,reseller,Anggur,31,51120.0,1464030.0,False
ORD-04131,2025-07-28 13:00:00,BUY-0076,retail,Pepaya,1,10143.0,10015.0,False
ORD-01368,2025-07-28 16:00:00,BUY-0136,retail,Pepaya,4,9682.0,35648.0,False
ORD-02129,2025-07-29 15:00:00,BUY-0029,retail,Pepaya,4,9640.0,37699.0,False
ORD-02541,2025-07-29 17:00:00,BUY-0032,reseller,Apel,12,31061.0,343140.0,False
ORD-02977,2025-07-29 17:00:00,BUY-0105,retail,Pisang,1,15748.0,15182.0,False
ORD-01602,2025-07-29 18:00:00,BUY-0044,retail,Pepaya,1,10077.0,9394.0,False
ORD-03665,2025-07-29 18:00:00,BUY-0052,retail,Semangka,3,10481.0,28500.0,False
ORD-01858,2025-07-29 20:00:00,BUY-0006,reseller,Apel,30,31293.0,922975.0,False
ORD-02407,2025-07-29 20:00:00,BUY-0022,retail,Pisang,3,15721.0,46460.0,False
ORD-00232,2025-07-29 21:00:00,BUY-0051,retail,Semangka,4,9579.0,36793.0,False
ORD-03855,2025-07-30 03:00:00,BUY-0026,retail,Jeruk,193,22829.0,215573.0,True
ORD-02589,2025-07-30 16:00:00,BUY-0144,retail,Pepaya,2,9640.0,17496.0,False
ORD-02989,2025-07-30 18:00:00,BUY-0047,retail,Pepaya,3,10358.0,29175.0,False
ORD-00281,2025-07-30 18:00:00,BUY-0079,retail,Pepaya,2,10444.0,18804.0,False
ORD-00804,2025-07-30 19:00:00,BUY-0123,retail,Pepaya,3,9976.0,27551.0,False
ORD-02223,2025-07-30 20:00:00,BUY-0085,retail,Semangka,4,10457.0,41643.0,False
ORD-03887,2025-07-31 08:00:00,BUY-0075,retail,Semangka,1,9984.0,9779.0,False
ORD-02093,2025-07-31 09:00:00,BUY-0101,reseller,Semangka,27,9869.0,260103.0,False
ORD-02416,2025-07-31 13:00:00,BUY-0013,retail,Pisang,1,15757.0,14269.0,False
ORD-03930,2025-07-31 15:00:00,BUY-0095,retail,Pepaya,2,10467.0,20348.0,False
ORD-02164,2025-07-31 17:00:00,BUY-0150,retail,Apel,2,33519.0,62333.0,False
ORD-01028,2025-07-31 21:00:00,BUY-0129,retail,Semangka,3,9986.0,28632.0,False
ORD-00235,2025-08-01 08:00:00,BUY-0073,reseller,Mangga,29,23753.0,656663.0,False
ORD-01449,2025-08-01 08:00:00,BUY-0011,retail,Semangka,1,9512.0,9258.0,False
ORD-03550,2025-08-01 11:00:00,BUY-0132,reseller,Semangka,27,9547.0,242726.0,False
ORD-02470,2025-08-01 13:00:00,BUY-0124,retail,Jeruk,4,23471.0,90441.0,False
ORD-03164,2025-08-01 16:00:00,BUY-0146,retail,Apel,1,33597.0,32225.0,False
ORD-01812,2025-08-01 16:00:00,BUY-0106,retail,Mangga,2,24878.0,47954.0,False
ORD-02055,2025-08-01 18:00:00,BUY-0072,retail,Apel,3,32655.0,94858.0,False
ORD-03610,2025-08-02 01:00:00,BUY-0078,retail,Nanas,68,12995.0,29838.0,True
ORD-01498,2025-08-02 11:00:00,BUY-0116,reseller,Nanas,30,12691.0,353999.0,False
ORD-01211,2025-08-02 18:00:00,BUY-0094,retail,Anggur,1,50991.0,50242.0,False
ORD-03330,2025-08-02 19:00:00,BUY-0003,reseller,Nanas,10,12861.0,126045.0,False
ORD-02450,2025-08-03 09:00:00,BUY-0100,reseller,Nanas,23,12440.0,261357.0,False
ORD-02726,2025-08-03 10:00:00,BUY-0012,reseller,Mangga,11,25745.0,280070.0,False
ORD-01068,2025-08-03 14:00:00,BUY-0114,retail,Pisang,1,16603.0,15362.0,False
ORD-04123,2025-08-03 16:00:00,BUY-0002,retail,Pepaya,2,10437.0,19211.0,False
ORD-03361,2025-08-03 17:00:00,BUY-0107,retail,Anggur,2,51854.0,95622.0,False
ORD-02782,2025-08-04 14:00:00,BUY-0073,reseller,Pepaya,32,10445.0,333736.0,False
ORD-02033,2025-08-04 16:00:00,BUY-0091,retail,Pisang,2,16201.0,30925.0,False
ORD-02477,2025-08-04 17:00:00,BUY-0075,retail,Semangka,2,9631.0,18818.0,False
ORD-02608,2025-08-04 18:00:00,BUY-0074,retail,Mangga,2,24311.0,47630.0,False
ORD-00954,2025-08-04 18:00:00,BUY-0078,retail,Mangga,4,24043.0,87631.0,False
ORD-00115,2025-08-04 20:00:00,BUY-0106,retail,Semangka,1,10357.0,9528.0,False
ORD-02244,2025-08-05 00:00:00,BUY-0039,retail,Pisang,199,16252.0,71908.0,True
ORD-02308,2025-08-05 10:00:00,BUY-0042,reseller,Semangka,20,10034.0,190507.0,False
ORD-02932,2025-08-05 14:00:00,BUY-0004,retail,Pepaya,3,9510.0,28298.0,False
ORD-01561,2025-08-05 15:00:00,BUY-0038,retail,Apel,1,32293.0,31102.0,False
ORD-03105,2025-08-05 19:00:00,BUY-0127,retail,Mangga,2,25342.0,49949.0,False
ORD-02479,2025-08-06 11:00:00,BUY-0131,retail,Semangka,1,9892.0,9638.0,False
ORD-01230,2025-08-06 12:00:00,BUY-0022,retail,Jeruk,2,22371.0,43342.0,False
ORD-03030,2025-08-06 12:00:00,BUY-0144,retail,Jeruk,4,22472.0,82073.0,False
ORD-03700,2025-08-06 18:00:00,BUY-0108,retail,Pisang,1,16070.0,15580.0,False
ORD-02255,2025-08-06 18:00:00,BUY-0037,retail,Pepaya,3,10325.0,28639.0,False
ORD-00961,2025-08-06 21:00:00,BUY-0055,retail,Apel,1,31033.0,29041.0,False
ORD-00143,2025-08-07 02:00:00,BUY-0004,retail,Jeruk,108,22653.0,119131.0,True
ORD-02958,2025-08-07 08:00:00,BUY-0096,retail,Apel,2,32077.0,59923.0,False
ORD-01536,2025-08-07 13:00:00,BUY-0135,retail,Semangka,3,10024.0,29271.0,False
ORD-02281,2025-08-07 13:00:00,BUY-0013,retail,Apel,4,32142.0,124863.0,False
ORD-01186,2025-08-07 14:00:00,BUY-0061,retail,Semangka,2,10167.0,18638.0,False
ORD-02657,2025-08-07 18:00:00,BUY-0017,retail,Mangga,1,23798.0,23676.0,False
ORD-03792,2025-08-07 19:00:00,BUY-0056,retail,Nanas,4,12210.0,46589.0,False
ORD-01665,2025-08-07 20:00:00,BUY-0139,retail,Pepaya,4,10020.0,38608.0,False
ORD-02018,2025-08-07 20:00:00,BUY-0098,retail,Pisang,2,17260.0,32240.0,False
ORD-00916,2025-08-08 08:00:00,BUY-0110,reseller,Pepaya,37,10316.0,349772.0,False
ORD-03486,2025-08-08 10:00:00,BUY-0129,retail,Apel,1,31844.0,31735.0,False
ORD-03392,2025-08-08 12:00:00,BUY-0083,reseller,Pisang,30,17180.0,493207.0,False
ORD-03033,2025-08-08 13:00:00,BUY-0065,retail,Anggur,3,52777.0,146088.0,False
ORD-00363,2025-08-08 14:00:00,BUY-0001,retail,Anggur,1,50164.0,48230.0,False
ORD-00340,2025-08-08 14:00:00,BUY-0069,retail,Jeruk,3,21681.0,60712.0,False
ORD-00548,2025-08-08 20:00:00,BUY-0138,retail,Jeruk,4,22433.0,81573.0,False
ORD-01045,2025-08-08 21:00:00,BUY-0065,retail,Pisang,3,16413.0,49120.0,False
ORD-00320,2025-08-08 21:00:00,BUY-0125,retail,Mangga,3,25689.0,75720.0,False
ORD-03110,2025-08-08 21:00:00,BUY-0031,retail,Anggur,2,53595.0,99995.0,False
ORD-01612,2025-08-09 02:00:00,BUY-0060,retail,Pepaya,176,10151.0,78592.0,True
ORD-00230,2025-08-09 09:00:00,BUY-0112,retail,Nanas,2,12267.0,23727.0,False
ORD-00125,2025-08-09 09:00:00,BUY-0115,retail,Apel,3,31129.0,92738.0,False
ORD-02776,2025-08-09 10:00:00,BUY-0019,reseller,Apel,15,33699.0,473060.0,False
ORD-02777,2025-08-09 18:00:00,BUY-0075,retail,Jeruk,4,22209.0,83013.0,False
ORD-04011,2025-08-09 18:00:00,BUY-0063,retail,Semangka,4,9590.0,36827.0,False
ORD-01097,2025-08-09 20:00:00,BUY-0061,retail,Pisang,2,16187.0,31266.0,False
ORD-00478,2025-08-09 21:00:00,BUY-0093,retail,Semangka,4,10040.0,38627.0,False
ORD-03780,2025-08-10 12:00:00,BUY-0046,reseller,Semangka,22,9835.0,211477.0,False
ORD-02641,2025-08-10 13:00:00,BUY-0051,retail,Apel,2,30932.0,56901.0,False
ORD-01886,2025-08-10 16:00:00,BUY-0085,retail,Apel,1,32017.0,29735.0,False
ORD-03449,2025-08-10 19:00:00,BUY-0112,retail,Apel,2,33381.0,63361.0,False
ORD-02636,2025-08-10 20:00:00,BUY-0102,retail,Pepaya,1,10283.0,9287.0,False
ORD-00963,2025-08-10 20:00:00,BUY-0059,retail,Pisang,1,15685.0,14386.0,False
ORD-02739,2025-08-11 08:00:00,BUY-0108,retail,Apel,3,31286.0,86404.0,False
ORD-01432,2025-08-11 12:00:00,BUY-0084,retail,Jeruk,3,23523.0,69735.0,False
ORD-00045,2025-08-12 09:00:00,BUY-0012,reseller,Mangga,37,23826.0,817844.0,False
ORD-00043,2025-08-12 11:00:00,BUY-0061,retail,Anggur,1,52423.0,49400.0,False
ORD-01617,2025-08-12 13:00:00,BUY-0021,retail,Pisang,2,16977.0,32004.0,False
ORD-00829,2025-08-12 13:00:00,BUY-0016,retail,Semangka,3,10415.0,28837.0,False
ORD-02637,2025-08-12 13:00:00,BUY-0135,retail,Nanas,3,11934.0,34187.0,False
ORD-00613,2025-08-12 14:00:00,BUY-0125,retail,Anggur,1,54497.0,52901.0,False
ORD-03388,2025-08-12 15:00:00,BUY-0020,retail,Jeruk,4,22209.0,83209.0,False
ORD-01454,2025-08-12 16:00:00,BUY-0023,reseller,Anggur,34,51962.0,1684785.0,False
ORD-03590,2025-08-12 20:00:00,BUY-0039,retail,Anggur,1,51784.0,49418.0,False
ORD-03572,2025-08-12 21:00:00,BUY-0014,reseller,Pisang,26,17173.0,402651.0,False
ORD-03634,2025-08-13 14:00:00,BUY-0010,retail,Anggur,1,54575.0,49601.0,False
ORD-03807,2025-08-13 15:00:00,BUY-0079,retail,Pepaya,1,10273.0,9597.0,False
ORD-00057,2025-08-13 15:00:00,BUY-0143,reseller,Mangga,21,24497.0,471485.0,False
ORD-03582,2025-08-13 17:00:00,BUY-0060,retail,Jeruk,4,22518.0,87666.0,False
ORD-00293,2025-08-13 21:00:00,BUY-0145,retail,Nanas,2,12259.0,22162.0,False
ORD-03401,2025-08-14 12:00:00,BUY-0058,retail,Pisang,2,17192.0,32484.0,False
ORD-03498,2025-08-14 13:00:00,BUY-0135,retail,Nanas,3,12130.0,33236.0,False
ORD-02499,2025-08-14 16:00:00,BUY-0029,retail,Jeruk,3,22619.0,65199.0,False
ORD-03403,2025-08-15 08:00:00,BUY-0012,reseller,Pisang,28,16896.0,426350.0,False
ORD-01804,2025-08-15 09:00:00,BUY-0047,retail,Jeruk,4,22133.0,85434.0,False
ORD-02523,2025-08-15 13:00:00,BUY-0145,retail,Mangga,4,25178.0,91710.0,False
ORD-02729,2025-08-15 15:00:00,BUY-0080,retail,Pepaya,4,10093.0,36901.0,False
ORD-00967,2025-08-15 17:00:00,BUY-0037,retail,Mangga,1,25508.0,24388.0,False
ORD-02580,2025-08-15 21:00:00,BUY-0105,retail,Apel,4,33543.0,121493.0,False
ORD-03489,2025-08-16 11:00:00,BUY-0115,retail,Mangga,4,24457.0,97254.0,False
ORD-03574,2025-08-16 13:00:00,BUY-0082,retail,Pepaya,1,9627.0,9043.0,False
ORD-03967,2025-08-16 14:00:00,BUY-0002,retail,Pisang,1,15812.0,14921.0,False
ORD-00099,2025-08-16 15:00:00,BUY-0042,reseller,Apel,15,32886.0,484918.0,False
ORD-00684,2025-08-16 18:00:00,BUY-0041,retail,Jeruk,1,22692.0,22085.0,False
ORD-00782,2025-08-16 19:00:00,BUY-0058,retail,Pepaya,3,9548.0,27260.0,False
ORD-02335,2025-08-17 08:00:00,BUY-0012,reseller,Pepaya,29,9903.0,284582.0,False
ORD-01069,2025-08-17 09:00:00,BUY-0016,retail,Nanas,3,12457.0,36601.0,False
ORD-01234,2025-08-17 15:00:00,BUY-0035,retail,Semangka,3,10196.0,29462.0,False
ORD-01948,2025-08-17 16:00:00,BUY-0071,retail,Mangga,3,26245.0,71074.0,False
ORD-00796,2025-08-17 19:00:00,BUY-0002,retail,Mangga,4,24275.0,88074.0,False
ORD-02285,2025-08-18 16:00:00,BUY-0019,reseller,Pepaya,21,9577.0,195907.0,False
ORD-00748,2025-08-18 16:00:00,BUY-0025,retail,Apel,3,33689.0,95308.0,False
ORD-00843,2025-08-18 19:00:00,BUY-0129,retail,Pepaya,3,9627.0,26649.0,False
ORD-02970,2025-08-19 11:00:00,BUY-0094,retail,Nanas,3,12769.0,37744.0,False
ORD-03081,2025-08-19 13:00:00,BUY-0028,retail,Nanas,2,12700.0,23962.0,False
ORD-00419,2025-08-19 13:00:00,BUY-0084,retail,Semangka,4,9889.0,35891.0,False
ORD-00237,2025-08-19 14:00:00,BUY-0014,reseller,Mangga,19,26052.0,453538.0,False
ORD-02547,2025-08-19 15:00:00,BUY-0020,retail,Apel,2,32289.0,61228.0,False
ORD-01298,2025-08-19 15:00:00,BUY-0122,retail,Nanas,2,12759.0,24848.0,False
ORD-02673,2025-08-19 17:00:00,BUY-0073,reseller,Pisang,13,16680.0,212842.0,False
ORD-00835,2025-08-19 18:00:00,BUY-0039,retail,Mangga,2,24462.0,48115.0,False
ORD-03694,2025-08-19 18:00:00,BUY-0109,retail,Semangka,3,10269.0,29483.0,False
ORD-03982,2025-08-19 20:00:00,BUY-0113,retail,Pisang,4,16557.0,63780.0,False
ORD-01836,2025-08-19 21:00:00,BUY-0012,reseller,Pisang,25,16170.0,375636.0,False
ORD-01975,2025-08-20 09:00:00,BUY-0070,retail,Mangga,4,24526.0,92648.0,False
ORD-01131,2025-08-20 12:00:00,BUY-0100,reseller,Nanas,37,12164.0,443429.0,False
ORD-01093,2025-08-20 14:00:00,BUY-0060,retail,Mangga,4,24473.0,92680.0,False
ORD-02266,2025-08-20 15:00:00,BUY-0087,retail,Anggur,4,51698.0,199458.0,False
ORD-03463,2025-08-21 01:00:00,BUY-0074,retail,Mangga,105,26123.0,138601.0,True
ORD-01367,2025-08-21 09:00:00,BUY-0102,retail,Jeruk,3,22287.0,66779.0,False
ORD-01160,2025-08-21 12:00:00,BUY-0031,retail,Nanas,2,12734.0,24923.0,False
ORD-01520,2025-08-21 13:00:00,BUY-0050,retail,Semangka,4,10254.0,40704.0,False
ORD-03413,2025-08-21 20:00:00,BUY-0070,retail,Anggur,4,54562.0,206385.0,False
ORD-01869,2025-08-22 09:00:00,BUY-0121,retail,Anggur,2,52255.0,96904.0,False
ORD-01281,2025-08-22 13:00:00,BUY-0031,retail,Semangka,1,10494.0,9667.0,False
ORD-02303,2025-08-22 13:00:00,BUY-0017,retail,Nanas,2,12139.0,24021.0,False
ORD-01645,2025-08-22 18:00:00,BUY-0063,retail,Jeruk,4,21857.0,86961.0,False
ORD-01968,2025-08-22 19:00:00,BUY-0141,retail,Mangga,4,25108.0,97764.0,False
ORD-03213,2025-08-22 19:00:00,BUY-0070,retail,Apel,1,31897.0,29735.0,False
ORD-01143,2025-08-22 19:00:00,BUY-0001,retail,Jeruk,2,22419.0,43248.0,False
ORD-03281,2025-08-22 21:00:00,BUY-0059,retail,Pepaya,4,10251.0,40125.0,False
ORD-00128,2025-08-23 08:00:00,BUY-0041,retail,Pepaya,2,10348.0,19205.0,False
ORD-01560,2025-08-23 11:00:00,BUY-0087,retail,Mangga,2,24259.0,45226.0,False
ORD-02742,2025-08-23 14:00:00,BUY-0100,reseller,Apel,24,31213.0,704023.0,False
ORD-03802,2025-08-23 16:00:00,BUY-0042,reseller,Mangga,37,24983.0,880469.0,False
ORD-00975,2025-08-23 19:00:00,BUY-0082,retail,Pepaya,2,10098.0,18780.0,False
ORD-00648,2025-08-24 10:00:00,BUY-0030,retail,Pepaya,4,9546.0,34455.0,False
ORD-00503,2025-08-24 13:00:00,BUY-0060,retail,Semangka,4,10210.0,39095.0,False
ORD-03747,2025-08-24 14:00:00,BUY-0041,retail,Pisang,1,16802.0,15678.0,False
ORD-00037,2025-08-25 08:00:00,BUY-0109,retail,Apel,4,31721.0,126763.0,False
ORD-01637,2025-08-25 15:00:00,BUY-0107,retail,Pisang,3,17316.0,49283.0,False
ORD-04063,2025-08-25 20:00:00,BUY-0029,retail,Jeruk,4,22206.0,83871.0,False
ORD-02238,2025-08-25 21:00:00,BUY-0077,retail,Anggur,2,54055.0,103478.0,False
ORD-03238,2025-08-26 09:00:00,BUY-0033,retail,Mangga,3,24941.0,67361.0,False
ORD-00636,2025-08-26 11:00:00,BUY-0136,retail,Jeruk,2,23157.0,42261.0,False
ORD-01113,2025-08-26 14:00:00,BUY-0012,reseller,Pepaya,25,10152.0,231891.0,False
ORD-03299,2025-08-26 16:00:00,BUY-0134,retail,Nanas,3,12285.0,34240.0,False
ORD-01239,2025-08-27 08:00:00,BUY-0052,retail,Nanas,3,12696.0,36393.0,False
ORD-00899,2025-08-27 10:00:00,BUY-0044,retail,Mangga,2,25642.0,49626.0,False
ORD-03999,2025-08-27 10:00:00,BUY-0107,retail,Mangga,4,25691.0,101727.0,False
ORD-03400,2025-08-27 10:00:00,BUY-0110,reseller,Nanas,17,13077.0,205805.0,False
ORD-03407,2025-08-27 12:00:00,BUY-0118,retail,Mangga,4,24064.0,92674.0,False
ORD-02455,2025-08-27 13:00:00,BUY-0007,retail,Pepaya,3,9952.0,29403.0,False
ORD-02997,2025-08-27 14:00:00,BUY-0020,retail,Nanas,1,12048.0,10875.0,False
ORD-00032,2025-08-27 18:00:00,BUY-0056,retail,Nanas,4,13120.0,47614.0,False
ORD-00142,2025-08-27 18:00:00,BUY-0132,reseller,Apel,17,33355.0,522776.0,False
ORD-03418,2025-08-27 20:00:00,BUY-0130,retail,Apel,2,31512.0,58180.0,False
ORD-00181,2025-08-28 12:00:00,BUY-0105,retail,Anggur,2,51909.0,94683.0,False
ORD-01342,2025-08-28 15:00:00,BUY-0138,retail,Apel,1,32192.0,29722.0,False
ORD-01098,2025-08-28 17:00:00,BUY-0038,retail,Anggur,1,50239.0,46591.0,False
ORD-02940,2025-08-28 19:00:00,BUY-0033,retail,Nanas,2,12274.0,22337.0,False
ORD-01953,2025-08-29 11:00:00,BUY-0119,retail,Pisang,3,16849.0,46951.0,False
ORD-03348,2025-08-29 11:00:00,BUY-0095,retail,Pepaya,3,10495.0,29702.0,False
ORD-02768,2025-08-29 14:00:00,BUY-0060,retail,Semangka,4,10048.0,38481.0,False
ORD-04054,2025-08-29 18:00:00,BUY-0117,retail,Apel,1,31340.0,28595.0,False
ORD-02339,2025-08-30 11:00:00,BUY-0031,retail,Anggur,2,52463.0,103928.0,False
ORD-01508,2025-08-30 17:00:00,BUY-0015,retail,Pepaya,3,9766.0,28254.0,False
ORD-00619,2025-08-30 18:00:00,BUY-0050,retail,Semangka,2,9502.0,18867.0,False
ORD-03546,2025-08-30 19:00:00,BUY-0150,retail,Pepaya,3,9926.0,26936.0,False
ORD-02820,2025-08-30 20:00:00,BUY-0013,retail,Apel,3,33462.0,90810.0,False
ORD-02723,2025-08-31 04:00:00,BUY-0109,retail,Pepaya,107,9914.0,51523.0,True
ORD-02419,2025-08-31 10:00:00,BUY-0122,retail,Pepaya,1,9535.0,8903.0,False
ORD-01438,2025-08-31 21:00:00,BUY-0092,retail,Apel,2,31761.0,57467.0,False
ORD-03331,2025-08-31 21:00:00,BUY-0057,retail,Semangka,3,9627.0,27993.0,False
ORD-03168,2025-09-01 08:00:00,BUY-0012,reseller,Semangka,15,9612.0,131864.0,False
ORD-00673,2025-09-01 10:00:00,BUY-0010,retail,Pisang,2,15776.0,31334.0,False
ORD-00511,2025-09-01 13:00:00,BUY-0120,retail,Apel,4,32976.0,125592.0,False
ORD-00301,2025-09-01 16:00:00,BUY-0050,retail,Apel,3,31365.0,92229.0,False
ORD-02858,2025-09-01 17:00:00,BUY-0077,retail,Mangga,2,24318.0,46859.0,False
ORD-03248,2025-09-01 21:00:00,BUY-0125,retail,Pisang,4,15773.0,62489.0,False
ORD-03947,2025-09-02 14:00:00,BUY-0089,retail,Jeruk,2,22059.0,43175.0,False
ORD-01946,2025-09-02 16:00:00,BUY-0068,retail,Pisang,1,16485.0,15999.0,False
ORD-00649,2025-09-02 20:00:00,BUY-0099,retail,Pepaya,2,9798.0,18390.0,False
ORD-03222,2025-09-02 20:00:00,BUY-0122,retail,Jeruk,3,22477.0,61990.0,False
ORD-01921,2025-09-02 21:00:00,BUY-0112,retail,Jeruk,1,23236.0,23040.0,False
ORD-03798,2025-09-03 10:00:00,BUY-0059,retail,Mangga,4,26016.0,101464.0,False
ORD-02280,2025-09-03 12:00:00,BUY-0066,retail,Mangga,4,25819.0,94714.0,False
ORD-00665,2025-09-03 12:00:00,BUY-0018,retail,Apel,2,33857.0,65337.0,False
ORD-00549,2025-09-03 12:00:00,BUY-0063,retail,Anggur,4,52221.0,197739.0,False
ORD-02118,2025-09-03 14:00:00,BUY-0099,retail,Apel,2,31081.0,60449.0,False
ORD-01965,2025-09-03 19:00:00,BUY-0037,retail,Semangka,3,10078.0,29772.0,False
ORD-01051,2025-09-03 21:00:00,BUY-0023,reseller,Pepaya,18,9689.0,158386.0,False
ORD-02713,2025-09-04 08:00:00,BUY-0143,reseller,Apel,35,33728.0,1090439.0,False
ORD-03470,2025-09-04 11:00:00,BUY-0133,retail,Apel,2,33505.0,64147.0,False
ORD-03480,2025-09-04 12:00:00,BUY-0026,retail,Semangka,3,9632.0,26788.0,False
ORD-03370,2025-09-04 13:00:00,BUY-0133,retail,Apel,4,32908.0,122897.0,False
ORD-00473,2025-09-04 17:00:00,BUY-0022,retail,Semangka,4,10481.0,38165.0,False
ORD-00715,2025-09-04 18:00:00,BUY-0055,retail,Pepaya,1,10069.0,9083.0,False
ORD-02341,2025-09-04 20:00:00,BUY-0005,retail,Anggur,1,50237.0,47184.0,False
ORD-01501,2025-09-04 20:00:00,BUY-0088,retail,Pisang,1,16968.0,15767.0,False
ORD-01732,2025-09-04 21:00:00,BUY-0003,reseller,Apel,21,31708.0,611361.0,False
ORD-01738,2025-09-05 15:00:00,BUY-0107,retail,Anggur,4,53933.0,205370.0,False
ORD-00590,2025-09-06 11:00:00,BUY-0071,retail,Pisang,4,16064.0,58457.0,False
ORD-01295,2025-09-06 13:00:00,BUY-0119,retail,Semangka,2,10471.0,20132.0,False
ORD-03657,2025-09-06 14:00:00,BUY-0106,retail,Jeruk,2,21619.0,40109.0,False
ORD-01982,2025-09-06 17:00:00,BUY-0067,retail,Jeruk,2,22011.0,43923.0,False
ORD-03391,2025-09-06 18:00:00,BUY-0064,retail,Jeruk,4,22490.0,87245.0,False
ORD-01288,2025-09-06 19:00:00,BUY-0107,retail,Pisang,4,15856.0,62040.0,False
ORD-01801,2025-09-06 21:00:00,BUY-0103,retail,Jeruk,1,22362.0,20852.0,False
ORD-03268,2025-09-07 00:00:00,BUY-0035,retail,Pepaya,62,9869.0,43510.0,True
ORD-00799,2025-09-07 04:00:00,BUY-0052,retail,Apel,117,31773.0,185160.0,True
ORD-01827,2025-09-07 11:00:00,BUY-0033,retail,Apel,1,32861.0,30947.0,False
ORD-01064,2025-09-07 14:00:00,BUY-0059,retail,Nanas,1,12925.0,12791.0,False
ORD-00233,2025-09-07 16:00:00,BUY-0145,retail,Nanas,4,12231.0,46137.0,False
ORD-00211,2025-09-07 20:00:00,BUY-0002,retail,Semangka,1,10051.0,9850.0,False
ORD-03083,2025-09-08 08:00:00,BUY-0132,reseller,Mangga,14,24635.0,310549.0,False
ORD-00819,2025-09-08 15:00:00,BUY-0024,reseller,Anggur,39,55089.0,1985634.0,False
ORD-02410,2025-09-08 16:00:00,BUY-0081,retail,Nanas,2,13117.0,25094.0,False
ORD-02274,2025-09-08 17:00:00,BUY-0005,retail,Pisang,2,16997.0,32736.0,False
ORD-03995,2025-09-08 18:00:00,BUY-0003,reseller,Pepaya,23,10398.0,230691.0,False
ORD-01188,2025-09-08 19:00:00,BUY-0013,retail,Pisang,2,16628.0,31611.0,False
ORD-02188,2025-09-08 21:00:00,BUY-0045,reseller,Anggur,38,54825.0,1904473.0,False
ORD-02195,2025-09-09 11:00:00,BUY-0142,retail,Mangga,4,25567.0,96136.0,False
ORD-01513,2025-09-09 11:00:00,BUY-0093,retail,Pisang,2,16728.0,32961.0,False
ORD-01957,2025-09-09 14:00:00,BUY-0088,retail,Jeruk,1,22385.0,21371.0,False
ORD-00808,2025-09-09 16:00:00,BUY-0116,reseller,Pisang,17,16213.0,260564.0,False
ORD-03916,2025-09-09 17:00:00,BUY-0066,retail,Jeruk,1,23327.0,22665.0,False
ORD-01179,2025-09-09 19:00:00,BUY-0097,retail,Pisang,2,16205.0,30283.0,False
ORD-03543,2025-09-10 09:00:00,BUY-0003,reseller,Apel,13,33742.0,436975.0,False
ORD-01351,2025-09-10 12:00:00,BUY-0060,retail,Pisang,3,15901.0,45231.0,False
ORD-01647,2025-09-10 14:00:00,BUY-0030,retail,Pisang,2,15831.0,29580.0,False
ORD-01005,2025-09-10 21:00:00,BUY-0085,retail,Semangka,2,9644.0,18359.0,False
ORD-00960,2025-09-10 21:00:00,BUY-0122,retail,Apel,4,32566.0,122413.0,False
ORD-00090,2025-09-11 00:00:00,BUY-0077,retail,Pisang,196,16255.0,95158.0,True
ORD-04071,2025-09-11 10:00:00,BUY-0150,retail,Anggur,2,52208.0,103278.0,False
ORD-03789,2025-09-11 15:00:00,BUY-0049,retail,Semangka,3,9602.0,27179.0,False
ORD-03805,2025-09-11 16:00:00,BUY-0074,retail,Semangka,3,10077.0,29148.0,False
ORD-03514,2025-09-12 10:00:00,BUY-0054,retail,Apel,1,30958.0,28336.0,False
ORD-00159,2025-09-12 14:00:00,BUY-0069,retail,Pisang,2,17099.0,31305.0,False
ORD-01022,2025-09-12 15:00:00,BUY-0052,retail,Anggur,2,53004.0,104945.0,False
ORD-00495,2025-09-12 16:00:00,BUY-0057,retail,Semangka,4,10007.0,38632.0,False
ORD-02212,2025-09-12 20:00:00,BUY-0052,retail,Semangka,2,9768.0,19318.0,False
ORD-02310,2025-09-13 11:00:00,BUY-0063,retail,Semangka,1,9739.0,9476.0,False
ORD-01607,2025-09-13 12:00:00,BUY-0063,retail,Anggur,1,53679.0,53415.0,False
ORD-01091,2025-09-13 12:00:00,BUY-0034,retail,Apel,1,33148.0,31199.0,False
ORD-00259,2025-09-13 12:00:00,BUY-0133,retail,Jeruk,4,21575.0,84956.0,False
ORD-03255,2025-09-13 14:00:00,BUY-0062,retail,Nanas,1,12924.0,12412.0,False
ORD-01909,2025-09-13 14:00:00,BUY-0108,retail,Nanas,4,12492.0,45990.0,False
ORD-00119,2025-09-13 17:00:00,BUY-0143,reseller,Pisang,28,15962.0,424548.0,False
ORD-03882,2025-09-13 19:00:00,BUY-0138,retail,Nanas,4,12229.0,45996.0,False
ORD-03176,2025-09-14 08:00:00,BUY-0072,retail,Nanas,1,11907.0,11497.0,False
ORD-01939,2025-09-14 09:00:00,BUY-0016,retail,Jeruk,2,23370.0,43049.0,False
ORD-04075,2025-09-14 11:00:00,BUY-0123,retail,Anggur,2,51481.0,98145.0,False
ORD-03457,2025-09-14 12:00:00,BUY-0133,retail,Nanas,2,12529.0,22832.0,False
ORD-01533,2025-09-14 14:00:00,BUY-0033,retail,Jeruk,1,22348.0,21857.0,False
ORD-01922,2025-09-14 14:00:00,BUY-0135,retail,Pepaya,4,10165.0,39743.0,False
ORD-03585,2025-09-14 15:00:00,BUY-0137,reseller,Pepaya,38,9602.0,362752.0,False
ORD-00927,2025-09-15 15:00:00,BUY-0109,retail,Apel,4,33190.0,120083.0,False
ORD-00373,2025-09-15 16:00:00,BUY-0128,retail,Apel,4,30888.0,119364.0,False
ORD-03642,2025-09-15 18:00:00,BUY-0001,retail,Nanas,1,11917.0,11165.0,False
ORD-03717,2025-09-16 08:00:00,BUY-0003,reseller,Apel,36,32541.0,1057859.0,False
ORD-02954,2025-09-16 08:00:00,BUY-0104,reseller,Apel,37,31992.0,1104387.0,False
ORD-00149,2025-09-16 10:00:00,BUY-0044,retail,Anggur,2,50544.0,99387.0,False
ORD-03354,2025-09-16 11:00:00,BUY-0132,reseller,Nanas,10,13011.0,118962.0,False
ORD-02504,2025-09-16 17:00:00,BUY-0008,retail,Apel,3,30903.0,85396.0,False
ORD-01197,2025-09-16 19:00:00,BUY-0018,retail,Semangka,3,9927.0,28401.0,False
ORD-02982,2025-09-16 21:00:00,BUY-0059,retail,Semangka,4,9809.0,38159.0,False
ORD-00172,2025-09-17 02:00:00,BUY-0028,retail,Mangga,133,26047.0,276956.0,True
ORD-02937,2025-09-17 08:00:00,BUY-0027,retail,Mangga,3,25041.0,68978.0,False
ORD-02644,2025-09-17 10:00:00,BUY-0005,retail,Apel,1,31546.0,29110.0,False
ORD-03562,2025-09-17 11:00:00,BUY-0039,retail,Nanas,4,12152.0,44597.0,False
ORD-03208,2025-09-17 16:00:00,BUY-0021,retail,Jeruk,3,23323.0,69537.0,False
ORD-02532,2025-09-17 18:00:00,BUY-0022,retail,Mangga,4,24668.0,89924.0,False
ORD-02035,2025-09-18 08:00:00,BUY-0087,retail,Nanas,1,12270.0,11659.0,False
ORD-03714,2025-09-18 18:00:00,BUY-0134,retail,Jeruk,2,22237.0,44242.0,False
ORD-02534,2025-09-18 19:00:00,BUY-0027,retail,Pisang,4,16532.0,60666.0,False
ORD-00755,2025-09-19 09:00:00,BUY-0124,retail,Semangka,4,10414.0,38263.0,False
ORD-02132,2025-09-19 11:00:00,BUY-0092,retail,Pisang,2,16531.0,31100.0,False
ORD-01276,2025-09-19 15:00:00,BUY-0005,retail,Anggur,3,54820.0,159877.0,False
ORD-02032,2025-09-19 20:00:00,BUY-0128,retail,Mangga,3,24810.0,71715.0,False
ORD-01955,2025-09-20 10:00:00,BUY-0094,retail,Pepaya,3,10142.0,27444.0,False
ORD-01336,2025-09-20 12:00:00,BUY-0040,retail,Anggur,3,53744.0,156365.0,False
ORD-01684,2025-09-20 12:00:00,BUY-0095,retail,Jeruk,2,21764.0,43282.0,False
ORD-00740,2025-09-20 13:00:00,BUY-0122,retail,Apel,4,31718.0,118727.0,False
ORD-02594,2025-09-21 04:00:00,BUY-0029,retail,Semangka,113,10203.0,71081.0,True
ORD-03416,2025-09-21 09:00:00,BUY-0051,retail,Apel,3,31733.0,86327.0,False
ORD-03453,2025-09-21 12:00:00,BUY-0043,retail,Semangka,3,9728.0,28604.0,False
ORD-03436,2025-09-21 13:00:00,BUY-0093,retail,Nanas,1,12669.0,12144.0,False
ORD-04042,2025-09-21 15:00:00,BUY-0039,retail,Pisang,4,17253.0,65405.0,False
ORD-01357,2025-09-21 15:00:00,BUY-0075,retail,Pepaya,3,10334.0,27997.0,False
ORD-01825,2025-09-21 15:00:00,BUY-0053,retail,Jeruk,4,22062.0,86422.0,False
ORD-01273,2025-09-21 17:00:00,BUY-0050,retail,Pisang,1,17284.0,16418.0,False
ORD-01016,2025-09-21 17:00:00,BUY-0026,retail,Jeruk,3,21556.0,60202.0,False
ORD-02064,2025-09-21 21:00:00,BUY-0138,retail,Anggur,4,53523.0,207709.0,False
ORD-01217,2025-09-22 08:00:00,BUY-0057,retail,Apel,2,33300.0,65368.0,False
ORD-00529,2025-09-22 08:00:00,BUY-0135,retail,Apel,2,32697.0,59069.0,False
ORD-03910,2025-09-22 09:00:00,BUY-0022,retail,Pepaya,1,10326.0,10123.0,False
ORD-01331,2025-09-22 13:00:00,BUY-0062,retail,Nanas,3,12092.0,33091.0,False
ORD-02176,2025-09-22 16:00:00,BUY-0086,retail,Anggur,4,54798.0,202448.0,False
ORD-00633,2025-09-22 18:00:00,BUY-0113,retail,Anggur,4,50060.0,194408.0,False
ORD-02556,2025-09-22 21:00:00,BUY-0088,retail,Apel,2,33695.0,67200.0,False
ORD-03011,2025-09-23 04:00:00,BUY-0111,retail,Anggur,171,53358.0,218670.0,True
ORD-01967,2025-09-23 11:00:00,BUY-0011,retail,Mangga,3,25663.0,70605.0,False
ORD-01834,2025-09-23 12:00:00,BUY-0019,reseller,Apel,36,31182.0,1078722.0,False
ORD-00158,2025-09-23 15:00:00,BUY-0046,reseller,Anggur,19,53948.0,980545.0,False
ORD-00093,2025-09-23 19:00:00,BUY-0120,retail,Apel,2,33215.0,62894.0,False
ORD-01301,2025-09-24 15:00:00,BUY-0025,retail,Jeruk,1,22215.0,20062.0,False
ORD-01328,2025-09-24 15:00:00,BUY-0064,retail,Anggur,2,51375.0,96425.0,False
ORD-03314,2025-09-24 17:00:00,BUY-0025,retail,Semangka,3,10135.0,29102.0,False
ORD-00973,2025-09-24 21:00:00,BUY-0134,retail,Jeruk,4,23127.0,88751.0,False
ORD-00915,2025-09-25 08:00:00,BUY-0040,retail,Jeruk,2,22578.0,44779.0,False
ORD-03952,2025-09-25 08:00:00,BUY-0071,retail,Mangga,3,23812.0,65364.0,False
ORD-00491,2025-09-25 10:00:00,BUY-0105,retail,Mangga,1,25606.0,25365.0,False
ORD-00739,2025-09-25 15:00:00,BUY-0106,retail,Semangka,4,9843.0,38664.0,False
ORD-01347,2025-09-25 17:00:00,BUY-0142,retail,Apel,4,31978.0,117191.0,False
ORD-00850,2025-09-25 17:00:00,BUY-0116,reseller,Pisang,21,17033.0,349640.0,False
ORD-00578,2025-09-26 02:00:00,BUY-0014,reseller,Jeruk,76,22000.0,95857.0,True
ORD-00310,2025-09-26 08:00:00,BUY-0068,retail,Pisang,2,15976.0,30012.0,False
ORD-02311,2025-09-26 09:00:00,BUY-0071,retail,Pisang,1,16725.0,16453.0,False
ORD-01786,2025-09-26 11:00:00,BUY-0078,retail,Semangka,2,9785.0,18570.0,False
ORD-02649,2025-09-26 16:00:00,BUY-0125,retail,Anggur,4,49968.0,198904.0,False
ORD-01245,2025-09-26 18:00:00,BUY-0145,retail,Pepaya,2,9606.0,18827.0,False
ORD-02086,2025-09-26 19:00:00,BUY-0117,retail,Apel,4,33387.0,121013.0,False
ORD-00069,2025-09-27 00:00:00,BUY-0041,retail,Jeruk,173,22318.0,212684.0,True
ORD-03095,2025-09-27 10:00:00,BUY-0052,retail,Nanas,1,12702.0,12206.0,False
ORD-04143,2025-09-27 13:00:00,BUY-0043,retail,Jeruk,4,23192.0,88033.0,False
ORD-00930,2025-09-27 16:00:00,BUY-0090,retail,Nanas,2,12225.0,22089.0,False
ORD-02469,2025-09-27 18:00:00,BUY-0144,retail,Pisang,1,16099.0,15030.0,False
ORD-01934,2025-09-27 20:00:00,BUY-0075,retail,Apel,2,32800.0,63613.0,False
ORD-00891,2025-09-27 21:00:00,BUY-0111,retail,Pepaya,4,10176.0,37435.0,False
ORD-03191,2025-09-28 02:00:00,BUY-0015,retail,Apel,119,32853.0,243331.0,True
ORD-00021,2025-09-28 15:00:00,BUY-0037,retail,Semangka,4,9873.0,38587.0,False
ORD-01642,2025-09-28 18:00:00,BUY-0084,retail,Jeruk,3,22878.0,67179.0,False
ORD-00497,2025-09-29 11:00:00,BUY-0066,retail,Jeruk,1,22576.0,21890.0,False
ORD-02300,2025-09-29 12:00:00,BUY-0072,retail,Nanas,3,12995.0,35654.0,False
ORD-02629,2025-09-29 13:00:00,BUY-0119,retail,Pisang,2,17100.0,30940.0,False
ORD-00887,2025-09-29 14:00:00,BUY-0019,reseller,Nanas,32,12487.0,397777.0,False
ORD-01924,2025-09-29 14:00:00,BUY-0145,retail,Apel,2,32667.0,65144.0,False
ORD-00709,2025-09-29 18:00:00,BUY-0038,retail,Anggur,2,51242.0,99267.0,False
ORD-03593,2025-09-29 18:00:00,BUY-0034,retail,Anggur,2,54228.0,106849.0,False
ORD-03389,2025-09-29 20:00:00,BUY-0086,retail,Pepaya,4,10223.0,40450.0,False
ORD-00108,2025-09-29 21:00:00,BUY-0068,retail,Semangka,1,9904.0,9312.0,False
ORD-02393,2025-09-30 13:00:00,BUY-0061,retail,Nanas,3,12648.0,35903.0,False
ORD-00351,2025-09-30 13:00:00,BUY-0042,reseller,Semangka,16,10247.0,148803.0,False
ORD-00885,2025-09-30 17:00:00,BUY-0067,retail,Pisang,2,16901.0,30448.0,False
ORD-03726,2025-09-30 18:00:00,BUY-0108,retail,Nanas,3,12138.0,33696.0,False
ORD-00104,2025-10-01 13:00:00,BUY-0109,retail,Anggur,2,49943.0,89951.0,False
ORD-02561,2025-10-01 13:00:00,BUY-0034,retail,Apel,2,32856.0,60206.0,False
ORD-02925,2025-10-01 17:00:00,BUY-0073,reseller,Jeruk,36,23447.0,796907.0,False
ORD-04119,2025-10-01 18:00:00,BUY-0086,retail,Nanas,4,12805.0,47336.0,False
ORD-03567,2025-10-01 20:00:00,BUY-0030,retail,Apel,3,31965.0,94391.0,False
ORD-01262,2025-10-02 08:00:00,BUY-0046,reseller,Semangka,34,10077.0,329216.0,False
ORD-04043,2025-10-02 10:00:00,BUY-0054,retail,Pepaya,1,10302.0,10080.0,False
ORD-02827,2025-10-02 13:00:00,BUY-0119,retail,Pisang,2,16097.0,31608.0,False
ORD-03387,2025-10-02 18:00:00,BUY-0033,retail,Apel,4,32548.0,124573.0,False
ORD-00261,2025-10-02 21:00:00,BUY-0111,retail,Semangka,3,9863.0,27599.0,False
ORD-00234,2025-10-03 11:00:00,BUY-0107,retail,Pepaya,4,9994.0,38724.0,False
ORD-03043,2025-10-03 13:00:00,BUY-0117,retail,Apel,3,31526.0,88248.0,False
ORD-03626,2025-10-03 15:00:00,BUY-0101,reseller,Apel,26,33916.0,881232.0,False
ORD-00156,2025-10-03 16:00:00,BUY-0010,retail,Anggur,1,50770.0,46671.0,False
ORD-02863,2025-10-04 09:00:00,BUY-0063,retail,Mangga,1,23785.0,23641.0,False
ORD-01729,2025-10-04 09:00:00,BUY-0114,retail,Anggur,4,53529.0,208896.0,False
ORD-01936,2025-10-04 10:00:00,BUY-0077,retail,Jeruk,4,22421.0,84692.0,False
ORD-02094,2025-10-04 13:00:00,BUY-0046,reseller,Jeruk,23,22339.0,481783.0,False
ORD-04021,2025-10-04 16:00:00,BUY-0060,retail,Semangka,4,9976.0,37664.0,False
ORD-01145,2025-10-04 17:00:00,BUY-0109,retail,Nanas,3,12613.0,37816.0,False
ORD-00389,2025-10-04 17:00:00,BUY-0127,retail,Pepaya,3,10322.0,30849.0,False
ORD-01085,2025-10-04 19:00:00,BUY-0042,reseller,Pepaya,19,9568.0,170626.0,False
ORD-00199,2025-10-04 19:00:00,BUY-0054,retail,Pisang,1,16125.0,15139.0,False
ORD-01993,2025-10-04 20:00:00,BUY-0060,retail,Anggur,3,52071.0,147171.0,False
ORD-00608,2025-10-04 21:00:00,BUY-0035,retail,Apel,1,31071.0,29650.0,False
ORD-01095,2025-10-05 12:00:00,BUY-0064,retail,Anggur,2,54898.0,102980.0,False
ORD-03832,2025-10-05 18:00:00,BUY-0130,retail,Pisang,4,16175.0,58936.0,False
ORD-00450,2025-10-05 20:00:00,BUY-0005,retail,Jeruk,3,23107.0,63594.0,False
ORD-04148,2025-10-06 08:00:00,BUY-0131,retail,Anggur,3,52610.0,148962.0,False
ORD-00472,2025-10-06 11:00:00,BUY-0136,retail,Anggur,2,50680.0,94972.0,False
ORD-00333,2025-10-06 11:00:00,BUY-0045,reseller,Pepaya,30,10286.0,283054.0,False
ORD-03899,2025-10-06 16:00:00,BUY-0005,retail,Pisang,4,16870.0,62239.0,False
ORD-00569,2025-10-06 16:00:00,BUY-0043,retail,Pisang,2,17020.0,32916.0,False
ORD-01495,2025-10-06 17:00:00,BUY-0122,retail,Mangga,1,25043.0,24959.0,False
ORD-00506,2025-10-06 20:00:00,BUY-0119,retail,Jeruk,3,21945.0,60793.0,False
ORD-03771,2025-10-06 20:00:00,BUY-0107,retail,Nanas,2,11967.0,21974.0,False
ORD-03618,2025-10-06 21:00:00,BUY-0025,retail,Pepaya,1,10366.0,9823.0,False
ORD-00767,2025-10-07 02:00:00,BUY-0004,retail,Mangga,72,25792.0,121809.0,True
ORD-00920,2025-10-07 09:00:00,BUY-0012,reseller,Apel,26,32402.0,827170.0,False
ORD-00016,2025-10-07 10:00:00,BUY-0112,retail,Nanas,1,13063.0,12299.0,False
ORD-00188,2025-10-07 11:00:00,BUY-0130,retail,Pepaya,4,9887.0,38684.0,False
ORD-03251,2025-10-07 13:00:00,BUY-0058,retail,Apel,3,32860.0,91171.0,False
ORD-01329,2025-10-07 17:00:00,BUY-0038,retail,Semangka,2,10074.0,19970.0,False
ORD-03488,2025-10-07 19:00:00,BUY-0085,retail,Anggur,1,52882.0,50841.0,False
ORD-01047,2025-10-07 21:00:00,BUY-0073,reseller,Pisang,24,16765.0,373343.0,False
ORD-00404,2025-10-07 21:00:00,BUY-0023,reseller,Semangka,25,10113.0,247532.0,False
ORD-02260,2025-10-09 10:00:00,BUY-0063,retail,Anggur,2,53653.0,106741.0,False
ORD-03870,2025-10-09 16:00:00,BUY-0020,retail,Nanas,3,12795.0,37959.0,False
ORD-01905,2025-10-09 16:00:00,BUY-0130,retail,Jeruk,3,23622.0,64993.0,False
ORD-03820,2025-10-09 18:00:00,BUY-0113,retail,Jeruk,4,21825.0,85200.0,False
ORD-03029,2025-10-09 21:00:00,BUY-0007,retail,Pisang,1,16268.0,15188.0,False
ORD-00499,2025-10-10 08:00:00,BUY-0120,retail,Semangka,2,9775.0,17979.0,False
ORD-01323,2025-10-10 11:00:00,BUY-0104,reseller,Nanas,39,12839.0,488612.0,False
ORD-02911,2025-10-10 12:00:00,BUY-0008,retail,Pisang,3,15752.0,42783.0,False
ORD-03922,2025-10-10 12:00:00,BUY-0022,retail,Pisang,4,16854.0,63973.0,False
ORD-03427,2025-10-10 15:00:00,BUY-0123,retail,Semangka,1,10162.0,9805.0,False
ORD-01195,2025-10-10 18:00:00,BUY-0079,retail,Pisang,1,16826.0,15155.0,False
ORD-02178,2025-10-10 20:00:00,BUY-0149,retail,Nanas,2,12859.0,24029.0,False
ORD-00522,2025-10-10 20:00:00,BUY-0130,retail,Semangka,3,9828.0,27515.0,False
ORD-00169,2025-10-11 11:00:00,BUY-0024,reseller,Pepaya,11,9854.0,99283.0,False
ORD-02604,2025-10-11 12:00:00,BUY-0044,retail,Nanas,1,12029.0,10886.0,False
ORD-03551,2025-10-11 15:00:00,BUY-0122,retail,Semangka,4,9776.0,37009.0,False
ORD-03603,2025-10-11 16:00:00,BUY-0009,retail,Pepaya,1,9574.0,9540.0,False
ORD-01572,2025-10-11 17:00:00,BUY-0073,reseller,Apel,23,32573.0,730658.0,False
ORD-01534,2025-10-11 19:00:00,BUY-0105,retail,Mangga,4,24012.0,92054.0,False
ORD-00221,2025-10-11 20:00:00,BUY-0079,retail,Pisang,3,16335.0,47784.0,False
ORD-00510,2025-10-11 21:00:00,BUY-0066,retail,Pepaya,4,10186.0,38519.0,False
ORD-01420,2025-10-12 09:00:00,BUY-0055,retail,Mangga,1,24257.0,24048.0,False
ORD-02065,2025-10-12 14:00:00,BUY-0066,retail,Anggur,1,53887.0,48653.0,False
ORD-01087,2025-10-12 15:00:00,BUY-0037,retail,Mangga,2,25190.0,47208.0,False
ORD-02464,2025-10-12 15:00:00,BUY-0097,retail,Pepaya,3,9841.0,28592.0,False
ORD-03079,2025-10-12 15:00:00,BUY-0085,retail,Semangka,4,10496.0,40393.0,False
ORD-02286,2025-10-12 17:00:00,BUY-0108,retail,Semangka,1,9695.0,9189.0,False
ORD-00912,2025-10-12 17:00:00,BUY-0143,reseller,Mangga,22,25544.0,520094.0,False
ORD-01816,2025-10-13 10:00:00,BUY-0008,retail,Nanas,4,12347.0,45017.0,False
ORD-03949,2025-10-13 19:00:00,BUY-0086,retail,Pisang,3,17083.0,50013.0,False
ORD-03763,2025-10-14 09:00:00,BUY-0132,reseller,Pepaya,15,10462.0,152644.0,False
ORD-03050,2025-10-14 10:00:00,BUY-0014,reseller,Pisang,18,16978.0,290101.0,False
ORD-00423,2025-10-14 11:00:00,BUY-0131,retail,Pisang,3,16976.0,46239.0,False
ORD-02169,2025-10-14 13:00:00,BUY-0121,retail,Semangka,3,10473.0,29906.0,False
ORD-01114,2025-10-14 14:00:00,BUY-0137,reseller,Mangga,30,26210.0,771861.0,False
ORD-03181,2025-10-15 04:00:00,BUY-0098,retail,Semangka,187,9870.0,64958.0,True
ORD-00547,2025-10-15 08:00:00,BUY-0016,retail,Pepaya,3,10085.0,29342.0,False
ORD-03006,2025-10-15 15:00:00,BUY-0054,retail,Pisang,3,15974.0,46968.0,False
ORD-00024,2025-10-16 09:00:00,BUY-0081,retail,Semangka,3,10325.0,28726.0,False
ORD-01218,2025-10-16 13:00:00,BUY-0032,reseller,Mangga,15,25233.0,342513.0,False
ORD-00494,2025-10-16 19:00:00,BUY-0067,retail,Pepaya,4,10113.0,39162.0,False
ORD-03849,2025-10-17 09:00:00,BUY-0057,retail,Anggur,4,52056.0,200930.0,False
ORD-03808,2025-10-18 09:00:00,BUY-0052,retail,Pepaya,1,10015.0,9515.0,False
ORD-03652,2025-10-18 09:00:00,BUY-0113,retail,Pepaya,3,9552.0,26722.0,False
ORD-02669,2025-10-18 09:00:00,BUY-0138,retail,Pepaya,3,10382.0,30794.0,False
ORD-02850,2025-10-18 11:00:00,BUY-0141,retail,Jeruk,3,23158.0,66350.0,False
ORD-03774,2025-10-18 13:00:00,BUY-0075,retail,Apel,4,31305.0,115311.0,False
ORD-04014,2025-10-18 16:00:00,BUY-0020,retail,Apel,3,33236.0,89899.0,False
ORD-04111,2025-10-19 03:00:00,BUY-0101,reseller,Semangka,163,9879.0,81030.0,True
ORD-02565,2025-10-19 10:00:00,BUY-0140,retail,Pepaya,3,10377.0,30962.0,False
ORD-00274,2025-10-19 11:00:00,BUY-0055,retail,Jeruk,4,23179.0,91641.0,False
ORD-03446,2025-10-19 14:00:00,BUY-0121,retail,Nanas,4,11965.0,45941.0,False
ORD-02650,2025-10-19 16:00:00,BUY-0055,retail,Jeruk,2,21693.0,41331.0,False
ORD-01003,2025-10-19 21:00:00,BUY-0121,retail,Semangka,4,10160.0,36752.0,False
ORD-02675,2025-10-20 10:00:00,BUY-0034,retail,Semangka,3,9743.0,29005.0,False
ORD-00337,2025-10-20 15:00:00,BUY-0011,retail,Jeruk,3,22779.0,62321.0,False
ORD-00371,2025-10-20 16:00:00,BUY-0100,reseller,Semangka,12,10477.0,117952.0,False
ORD-00383,2025-10-20 19:00:00,BUY-0135,retail,Pepaya,1,10303.0,9945.0,False
ORD-02444,2025-10-20 19:00:00,BUY-0031,retail,Pisang,3,16576.0,48973.0,False
ORD-02459,2025-10-20 21:00:00,BUY-0056,retail,Semangka,2,10032.0,19631.0,False
ORD-00818,2025-10-21 00:00:00,BUY-0099,retail,Jeruk,170,22289.0,185877.0,True
ORD-01990,2025-10-21 03:00:00,BUY-0104,reseller,Pisang,128,15710.0,45042.0,True
ORD-03362,2025-10-21 08:00:00,BUY-0123,retail,Jeruk,1,23509.0,23372.0,False
ORD-01254,2025-10-21 11:00:00,BUY-0019,reseller,Semangka,30,9597.0,284238.0,False
ORD-01548,2025-10-21 15:00:00,BUY-0013,retail,Pisang,2,17261.0,34126.0,False
ORD-02007,2025-10-21 17:00:00,BUY-0018,retail,Mangga,4,26161.0,102314.0,False
ORD-00552,2025-10-21 17:00:00,BUY-0070,retail,Anggur,1,54748.0,53415.0,False
ORD-03658,2025-10-22 00:00:00,BUY-0083,reseller,Anggur,191,54896.0,422277.0,True
ORD-03565,2025-10-22 13:00:00,BUY-0140,retail,Pisang,4,16657.0,66570.0,False
ORD-00968,2025-10-22 18:00:00,BUY-0091,retail,Semangka,1,10316.0,10184.0,False
ORD-01207,2025-10-22 20:00:00,BUY-0070,retail,Anggur,2,50980.0,92764.0,False
ORD-03469,2025-10-22 21:00:00,BUY-0057,retail,Apel,1,32543.0,30028.0,False
ORD-00324,2025-10-23 09:00:00,BUY-0150,retail,Anggur,1,51530.0,48611.0,False
ORD-02009,2025-10-24 11:00:00,BUY-0129,retail,Jeruk,2,23394.0,44702.0,False
ORD-02292,2025-10-24 14:00:00,BUY-0048,retail,Nanas,2,12188.0,22546.0,False
ORD-02139,2025-10-24 14:00:00,BUY-0057,retail,Pepaya,2,9898.0,18981.0,False
ORD-01648,2025-10-24 20:00:00,BUY-0065,retail,Pisang,2,16153.0,32131.0,False
ORD-00338,2025-10-25 02:00:00,BUY-0042,reseller,Nanas,68,12288.0,64187.0,True
ORD-02366,2025-10-25 10:00:00,BUY-0091,retail,Jeruk,3,22035.0,66066.0,False
ORD-03041,2025-10-26 08:00:00,BUY-0059,retail,Nanas,4,12950.0,51404.0,False
ORD-02019,2025-10-26 09:00:00,BUY-0080,retail,Nanas,3,12145.0,34027.0,False
ORD-02269,2025-10-26 14:00:00,BUY-0054,retail,Anggur,2,54970.0,105883.0,False
ORD-02791,2025-10-26 17:00:00,BUY-0008,retail,Apel,2,32955.0,65482.0,False
ORD-02816,2025-10-26 17:00:00,BUY-0037,retail,Nanas,4,11979.0,45192.0,False
ORD-03059,2025-10-26 17:00:00,BUY-0095,retail,Anggur,2,50027.0,90131.0,False
ORD-00789,2025-10-27 08:00:00,BUY-0125,retail,Pepaya,3,10460.0,29176.0,False
ORD-03631,2025-10-27 08:00:00,BUY-0073,reseller,Mangga,30,25080.0,678128.0,False
ORD-02203,2025-10-27 18:00:00,BUY-0018,retail,Pisang,2,16954.0,33155.0,False
ORD-02446,2025-10-27 19:00:00,BUY-0046,reseller,Semangka,37,9727.0,339249.0,False
ORD-02052,2025-10-28 08:00:00,BUY-0149,retail,Jeruk,4,21590.0,80598.0,False
ORD-03511,2025-10-28 13:00:00,BUY-0003,reseller,Pepaya,39,9891.0,365382.0,False
ORD-01435,2025-10-28 14:00:00,BUY-0074,retail,Anggur,3,52889.0,145657.0,False
ORD-00167,2025-10-28 15:00:00,BUY-0143,reseller,Anggur,34,51944.0,1676135.0,False
ORD-03231,2025-10-28 18:00:00,BUY-0051,retail,Nanas,4,12086.0,46115.0,False
ORD-02862,2025-10-28 18:00:00,BUY-0094,retail,Pisang,2,16323.0,32408.0,False
ORD-03323,2025-10-29 13:00:00,BUY-0032,reseller,Pepaya,19,9970.0,176933.0,False
ORD-01710,2025-10-29 17:00:00,BUY-0036,retail,Pepaya,4,9558.0,37631.0,False
ORD-03872,2025-10-29 18:00:00,BUY-0065,retail,Anggur,2,54005.0,103870.0,False
ORD-02854,2025-10-29 21:00:00,BUY-0112,retail,Jeruk,2,22033.0,39755.0,False
ORD-01748,2025-10-29 21:00:00,BUY-0027,retail,Apel,3,33435.0,95797.0,False
ORD-02620,2025-10-30 09:00:00,BUY-0041,retail,Apel,4,31620.0,117484.0,False
ORD-02893,2025-10-30 11:00:00,BUY-0149,retail,Nanas,1,12060.0,11444.0,False
ORD-01638,2025-10-30 14:00:00,BUY-0064,retail,Pepaya,2,10332.0,20543.0,False
ORD-02365,2025-10-30 15:00:00,BUY-0118,retail,Pepaya,1,10012.0,9685.0,False
ORD-00750,2025-10-30 16:00:00,BUY-0136,retail,Anggur,4,54603.0,198073.0,False
ORD-00260,2025-10-30 17:00:00,BUY-0081,retail,Jeruk,1,23147.0,22601.0,False
ORD-03383,2025-10-30 18:00:00,BUY-0056,retail,Semangka,3,10288.0,28803.0,False
ORD-03018,2025-10-30 18:00:00,BUY-0088,retail,Semangka,4,10391.0,37604.0,False
ORD-01731,2025-10-30 21:00:00,BUY-0142,retail,Semangka,4,9984.0,36550.0,False
ORD-01266,2025-10-30 21:00:00,BUY-0087,retail,Apel,3,33567.0,98970.0,False
ORD-00077,2025-10-31 14:00:00,BUY-0069,retail,Mangga,1,25022.0,23221.0,False
ORD-01960,2025-10-31 14:00:00,BUY-0089,retail,Nanas,2,12718.0,25100.0,False
ORD-01997,2025-10-31 16:00:00,BUY-0090,retail,Semangka,1,10495.0,10308.0,False
ORD-00806,2025-10-31 18:00:00,BUY-0138,retail,Pepaya,4,9966.0,36665.0,False
ORD-02119,2025-10-31 18:00:00,BUY-0106,retail,Nanas,3,11936.0,34668.0,False
ORD-01974,2025-11-01 10:00:00,BUY-0123,retail,Pepaya,1,9701.0,8846.0,False
ORD-02153,2025-11-01 21:00:00,BUY-0019,reseller,Mangga,32,24282.0,770226.0,False
ORD-01220,2025-11-02 09:00:00,BUY-0099,retail,Anggur,3,54793.0,154716.0,False
ORD-00612,2025-11-02 10:00:00,BUY-0069,retail,Pepaya,3,10470.0,30593.0,False
ORD-01875,2025-11-02 12:00:00,BUY-0033,retail,Mangga,2,25402.0,50394.0,False
ORD-00135,2025-11-02 12:00:00,BUY-0001,retail,Jeruk,3,22804.0,63782.0,False
ORD-01981,2025-11-02 13:00:00,BUY-0074,retail,Anggur,3,49951.0,142514.0,False
ORD-03426,2025-11-02 13:00:00,BUY-0092,retail,Anggur,2,49888.0,90120.0,False
ORD-01213,2025-11-02 15:00:00,BUY-0030,retail,Mangga,3,24339.0,67032.0,False
ORD-00939,2025-11-02 15:00:00,BUY-0002,retail,Apel,3,32536.0,95424.0,False
ORD-01306,2025-11-02 16:00:00,BUY-0083,reseller,Pepaya,25,9679.0,223987.0,False
ORD-03325,2025-11-02 16:00:00,BUY-0047,retail,Nanas,4,12154.0,44071.0,False
ORD-02656,2025-11-04 09:00:00,BUY-0040,retail,Pisang,2,15688.0,30560.0,False
ORD-01381,2025-11-04 14:00:00,BUY-0090,retail,Anggur,2,51627.0,96490.0,False
ORD-00647,2025-11-04 18:00:00,BUY-0122,retail,Mangga,3,24759.0,73145.0,False
ORD-04052,2025-11-04 20:00:00,BUY-0019,reseller,Apel,26,31743.0,823030.0,False
ORD-00066,2025-11-05 08:00:00,BUY-0150,retail,Apel,1,33734.0,32579.0,False
ORD-03417,2025-11-05 09:00:00,BUY-0072,retail,Jeruk,1,23573.0,23492.0,False
ORD-00742,2025-11-05 10:00:00,BUY-0063,retail,Semangka,2,10085.0,18680.0,False
ORD-00974,2025-11-05 10:00:00,BUY-0023,reseller,Anggur,18,50715.0,911854.0,False
ORD-01499,2025-11-05 10:00:00,BUY-0031,retail,Anggur,1,53579.0,51445.0,False
ORD-02486,2025-11-05 12:00:00,BUY-0120,retail,Jeruk,3,22530.0,66296.0,False
ORD-03519,2025-11-05 15:00:00,BUY-0016,retail,Jeruk,4,22040.0,86914.0,False
ORD-02597,2025-11-05 15:00:00,BUY-0051,retail,Nanas,1,12615.0,12050.0,False
ORD-02872,2025-11-05 17:00:00,BUY-0076,retail,Jeruk,4,21387.0,78376.0,False
ORD-02754,2025-11-05 17:00:00,BUY-0030,retail,Pepaya,1,10338.0,10164.0,False
ORD-02865,2025-11-05 18:00:00,BUY-0148,retail,Semangka,4,9794.0,36028.0,False
ORD-02301,2025-11-06 08:00:00,BUY-0106,retail,Jeruk,2,21799.0,40176.0,False
ORD-00751,2025-11-06 10:00:00,BUY-0086,retail,Nanas,1,13072.0,12580.0,False
ORD-02718,2025-11-06 11:00:00,BUY-0038,retail,Pisang,2,16377.0,31243.0,False
ORD-03190,2025-11-06 14:00:00,BUY-0143,reseller,Pisang,30,15949.0,471997.0,False
ORD-02702,2025-11-06 18:00:00,BUY-0078,retail,Jeruk,2,22988.0,45289.0,False
ORD-03077,2025-11-06 20:00:00,BUY-0119,retail,Pepaya,3,10186.0,29909.0,False
ORD-01880,2025-11-07 12:00:00,BUY-0121,retail,Mangga,2,24995.0,47340.0,False
ORD-03814,2025-11-07 21:00:00,BUY-0018,retail,Anggur,3,52303.0,155401.0,False
ORD-02694,2025-11-08 03:00:00,BUY-0111,retail,Nanas,159,12047.0,44545.0,True
ORD-00096,2025-11-08 04:00:00,BUY-0027,retail,Semangka,56,9665.0,17242.0,True
ORD-02116,2025-11-08 09:00:00,BUY-0021,retail,Jeruk,4,22292.0,88861.0,False
ORD-02456,2025-11-08 09:00:00,BUY-0085,retail,Semangka,3,10188.0,28561.0,False
ORD-00889,2025-11-08 12:00:00,BUY-0007,retail,Pisang,4,15799.0,57836.0,False
ORD-01505,2025-11-08 13:00:00,BUY-0140,retail,Apel,4,33528.0,123656.0,False
ORD-01142,2025-11-08 14:00:00,BUY-0020,retail,Apel,1,31896.0,31631.0,False
ORD-04147,2025-11-08 14:00:00,BUY-0057,retail,Pisang,3,16227.0,46040.0,False
ORD-02324,2025-11-08 16:00:00,BUY-0102,retail,Semangka,3,10092.0,29404.0,False
ORD-01992,2025-11-08 19:00:00,BUY-0142,retail,Nanas,3,12293.0,33223.0,False
ORD-01359,2025-11-08 20:00:00,BUY-0116,reseller,Jeruk,21,22635.0,442952.0,False
ORD-04051,2025-11-09 10:00:00,BUY-0008,retail,Pisang,3,16116.0,44976.0,False
ORD-03429,2025-11-09 11:00:00,BUY-0130,retail,Anggur,2,52136.0,98339.0,False
ORD-00513,2025-11-09 11:00:00,BUY-0054,retail,Anggur,4,51928.0,192949.0,False
ORD-01817,2025-11-09 11:00:00,BUY-0008,retail,Pepaya,4,9709.0,35239.0,False
ORD-00651,2025-11-09 12:00:00,BUY-0043,retail,Apel,2,33637.0,61911.0,False
ORD-03439,2025-11-09 12:00:00,BUY-0015,retail,Pisang,1,17302.0,15905.0,False
ORD-00660,2025-11-09 15:00:00,BUY-0004,retail,Jeruk,2,21813.0,42884.0,False
ORD-00079,2025-11-09 18:00:00,BUY-0072,retail,Pepaya,4,10493.0,37978.0,False
ORD-01205,2025-11-10 03:00:00,BUY-0140,retail,Jeruk,172,21829.0,167364.0,True
ORD-00458,2025-11-10 08:00:00,BUY-0058,retail,Pisang,3,16969.0,48341.0,False
ORD-02591,2025-11-10 11:00:00,BUY-0035,retail,Jeruk,3,23511.0,65479.0,False
ORD-03037,2025-11-10 14:00:00,BUY-0009,retail,Jeruk,3,22327.0,65276.0,False
ORD-02817,2025-11-10 15:00:00,BUY-0021,retail,Anggur,1,54534.0,51174.0,False
ORD-00972,2025-11-10 16:00:00,BUY-0066,retail,Semangka,4,9725.0,37604.0,False
ORD-03972,2025-11-10 19:00:00,BUY-0006,reseller,Pepaya,31,9846.0,275007.0,False
ORD-03136,2025-11-10 19:00:00,BUY-0017,retail,Semangka,4,10403.0,40877.0,False
ORD-00984,2025-11-10 19:00:00,BUY-0058,retail,Pisang,2,16437.0,31509.0,False
ORD-00637,2025-11-10 20:00:00,BUY-0008,retail,Jeruk,4,21764.0,85729.0,False
ORD-00830,2025-11-11 01:00:00,BUY-0029,retail,Nanas,152,12634.0,133337.0,True
ORD-03250,2025-11-11 10:00:00,BUY-0025,retail,Anggur,1,53600.0,52200.0,False
ORD-02027,2025-11-11 12:00:00,BUY-0079,retail,Jeruk,3,23021.0,65220.0,False
ORD-03588,2025-11-11 14:00:00,BUY-0075,retail,Pisang,3,15973.0,46140.0,False
ORD-00605,2025-11-11 15:00:00,BUY-0057,retail,Anggur,3,53521.0,144562.0,False
ORD-02080,2025-11-11 20:00:00,BUY-0131,retail,Anggur,4,51141.0,204093.0,False
ORD-00876,2025-11-12 08:00:00,BUY-0018,retail,Apel,2,30979.0,58068.0,False
ORD-00676,2025-11-12 09:00:00,BUY-0074,retail,Pepaya,3,9817.0,26923.0,False
ORD-03506,2025-11-12 10:00:00,BUY-0117,retail,Anggur,1,54580.0,51688.0,False
ORD-01557,2025-11-12 15:00:00,BUY-0144,retail,Nanas,3,12881.0,35884.0,False
ORD-02546,2025-11-12 16:00:00,BUY-0013,retail,Mangga,2,25138.0,48662.0,False
ORD-01555,2025-11-12 20:00:00,BUY-0060,retail,Mangga,2,24661.0,48194.0,False
ORD-02466,2025-11-12 20:00:00,BUY-0067,retail,Anggur,1,54162.0,51799.0,False
ORD-01364,2025-11-12 21:00:00,BUY-0072,retail,Nanas,2,12770.0,24569.0,False
ORD-02998,2025-11-13 09:00:00,BUY-0017,retail,Apel,2,34043.0,66191.0,False
ORD-01813,2025-11-13 13:00:00,BUY-0123,retail,Mangga,2,24852.0,47106.0,False
ORD-03976,2025-11-13 14:00:00,BUY-0072,retail,Jeruk,3,22347.0,61537.0,False
ORD-01032,2025-11-14 03:00:00,BUY-0006,reseller,Nanas,140,12295.0,62917.0,True
ORD-01257,2025-11-14 08:00:00,BUY-0128,retail,Mangga,4,24116.0,94506.0,False
ORD-04130,2025-11-14 09:00:00,BUY-0008,retail,Nanas,4,12173.0,46234.0,False
ORD-03229,2025-11-14 09:00:00,BUY-0052,retail,Pepaya,4,10182.0,36717.0,False
ORD-01059,2025-11-14 12:00:00,BUY-0060,retail,Semangka,2,10115.0,18896.0,False
ORD-03333,2025-11-14 15:00:00,BUY-0140,retail,Anggur,4,53314.0,196602.0,False
ORD-03623,2025-11-14 15:00:00,BUY-0083,reseller,Apel,36,31293.0,1042041.0,False
ORD-03404,2025-11-14 20:00:00,BUY-0130,retail,Pisang,2,16717.0,30266.0,False
ORD-01057,2025-11-15 10:00:00,BUY-0126,retail,Pepaya,1,10345.0,10162.0,False
ORD-01584,2025-11-15 11:00:00,BUY-0065,retail,Anggur,2,52910.0,97899.0,False
ORD-03932,2025-11-15 11:00:00,BUY-0072,retail,Anggur,3,52101.0,147534.0,False
ORD-02071,2025-11-15 12:00:00,BUY-0012,reseller,Anggur,35,51634.0,1748025.0,False
ORD-03425,2025-11-15 17:00:00,BUY-0148,retail,Pepaya,2,10041.0,19780.0,False
ORD-00226,2025-11-15 19:00:00,BUY-0150,retail,Anggur,4,54006.0,196782.0,False
ORD-01901,2025-11-15 19:00:00,BUY-0042,reseller,Anggur,24,54255.0,1250508.0,False
ORD-02514,2025-11-15 20:00:00,BUY-0115,retail,Nanas,2,12582.0,22973.0,False
ORD-01251,2025-11-15 20:00:00,BUY-0067,retail,Pisang,3,16969.0,47802.0,False
ORD-03609,2025-11-16 09:00:00,BUY-0148,retail,Anggur,1,50496.0,47313.0,False
ORD-00217,2025-11-16 10:00:00,BUY-0049,retail,Apel,3,32995.0,94996.0,False
ORD-01242,2025-11-16 11:00:00,BUY-0105,retail,Jeruk,4,22841.0,86440.0,False
ORD-03451,2025-11-16 14:00:00,BUY-0150,retail,Pisang,4,16593.0,61185.0,False
ORD-03695,2025-11-16 14:00:00,BUY-0145,retail,Jeruk,2,23457.0,43200.0,False
ORD-03263,2025-11-16 17:00:00,BUY-0051,retail,Pepaya,2,9523.0,18969.0,False
ORD-04053,2025-11-16 19:00:00,BUY-0141,retail,Apel,1,33145.0,33100.0,False
ORD-02660,2025-11-17 10:00:00,BUY-0144,retail,Semangka,4,9650.0,35389.0,False
ORD-00050,2025-11-17 12:00:00,BUY-0041,retail,Pisang,4,15859.0,57564.0,False
ORD-00873,2025-11-17 14:00:00,BUY-0150,retail,Pepaya,1,10294.0,9621.0,False
ORD-04038,2025-11-17 20:00:00,BUY-0032,reseller,Pisang,10,15851.0,142814.0,False
ORD-00072,2025-11-17 21:00:00,BUY-0108,retail,Mangga,2,24761.0,46548.0,False
ORD-03266,2025-11-18 11:00:00,BUY-0115,retail,Pisang,1,16495.0,15203.0,False
ORD-00112,2025-11-18 13:00:00,BUY-0069,retail,Jeruk,4,22048.0,85894.0,False
ORD-02738,2025-11-18 19:00:00,BUY-0048,retail,Semangka,1,9550.0,9064.0,False
ORD-01350,2025-11-19 12:00:00,BUY-0067,retail,Anggur,1,51163.0,46892.0,False
ORD-03821,2025-11-19 12:00:00,BUY-0093,retail,Apel,4,32335.0,128781.0,False
ORD-03933,2025-11-19 15:00:00,BUY-0115,retail,Apel,2,33346.0,60893.0,False
ORD-01021,2025-11-19 17:00:00,BUY-0116,reseller,Apel,17,31225.0,511229.0,False
ORD-00775,2025-11-20 03:00:00,BUY-0134,retail,Jeruk,125,21659.0,128475.0,True
ORD-00376,2025-11-20 09:00:00,BUY-0008,retail,Semangka,4,10459.0,38449.0,False
ORD-03876,2025-11-20 11:00:00,BUY-0066,retail,Semangka,2,10065.0,19852.0,False
ORD-00555,2025-11-20 15:00:00,BUY-0007,retail,Nanas,1,12148.0,11589.0,False
ORD-03087,2025-11-21 03:00:00,BUY-0090,retail,Jeruk,182,22837.0,98456.0,True
ORD-00696,2025-11-21 10:00:00,BUY-0128,retail,Jeruk,1,22129.0,21940.0,False
ORD-02873,2025-11-21 11:00:00,BUY-0126,retail,Pisang,3,16729.0,49814.0,False
ORD-03508,2025-11-21 14:00:00,BUY-0096,retail,Pepaya,4,10215.0,40856.0,False
ORD-04145,2025-11-21 18:00:00,BUY-0006,reseller,Pepaya,16,10202.0,155507.0,False
ORD-03052,2025-11-21 18:00:00,BUY-0090,retail,Pepaya,1,10228.0,10202.0,False
ORD-01240,2025-11-21 20:00:00,BUY-0013,retail,Anggur,4,51810.0,197111.0,False
ORD-03495,2025-11-21 21:00:00,BUY-0045,reseller,Mangga,20,25296.0,463162.0,False
ORD-03739,2025-11-21 21:00:00,BUY-0135,retail,Anggur,2,54674.0,100142.0,False
ORD-00369,2025-11-21 21:00:00,BUY-0139,retail,Nanas,3,13032.0,36425.0,False
ORD-02175,2025-11-22 20:00:00,BUY-0044,retail,Semangka,1,10191.0,9346.0,False
ORD-03139,2025-11-22 21:00:00,BUY-0010,retail,Apel,1,33461.0,30608.0,False
ORD-03797,2025-11-22 21:00:00,BUY-0099,retail,Nanas,3,12598.0,35090.0,False
ORD-02531,2025-11-23 09:00:00,BUY-0110,reseller,Pisang,17,17022.0,287663.0,False
ORD-03433,2025-11-23 11:00:00,BUY-0150,retail,Pepaya,4,9869.0,37471.0,False
ORD-03965,2025-11-23 19:00:00,BUY-0128,retail,Mangga,1,25341.0,25276.0,False
ORD-02598,2025-11-23 21:00:00,BUY-0038,retail,Anggur,1,54068.0,53969.0,False
ORD-03269,2025-11-24 08:00:00,BUY-0052,retail,Mangga,2,25209.0,46521.0,False
ORD-00277,2025-11-24 09:00:00,BUY-0067,retail,Mangga,2,25703.0,47578.0,False
ORD-00853,2025-11-24 14:00:00,BUY-0126,retail,Jeruk,2,22317.0,42623.0,False
ORD-00449,2025-11-24 14:00:00,BUY-0091,retail,Pepaya,1,9551.0,8680.0,False
ORD-01163,2025-11-24 15:00:00,BUY-0076,retail,Nanas,2,12013.0,22879.0,False
ORD-04086,2025-11-24 17:00:00,BUY-0016,retail,Nanas,3,12101.0,32700.0,False
ORD-01017,2025-11-25 04:00:00,BUY-0055,retail,Anggur,89,52504.0,234429.0,True
ORD-03336,2025-11-25 13:00:00,BUY-0118,retail,Semangka,2,9999.0,19180.0,False
ORD-03297,2025-11-25 16:00:00,BUY-0118,retail,Anggur,3,53579.0,151455.0,False
ORD-03909,2025-11-25 17:00:00,BUY-0061,retail,Anggur,1,52233.0,50451.0,False
ORD-03432,2025-11-25 17:00:00,BUY-0125,retail,Pisang,4,16857.0,62621.0,False
ORD-00576,2025-11-25 18:00:00,BUY-0086,retail,Semangka,1,10003.0,9887.0,False
ORD-02253,2025-11-26 02:00:00,BUY-0030,retail,Mangga,198,24955.0,200321.0,True
ORD-04095,2025-11-26 16:00:00,BUY-0021,retail,Pepaya,2,9674.0,19167.0,False
ORD-04061,2025-11-26 20:00:00,BUY-0101,reseller,Mangga,37,25689.0,856899.0,False
ORD-02864,2025-11-27 10:00:00,BUY-0049,retail,Jeruk,4,22885.0,89111.0,False
ORD-02237,2025-11-27 10:00:00,BUY-0112,retail,Semangka,3,9565.0,27749.0,False
ORD-01944,2025-11-27 15:00:00,BUY-0132,reseller,Jeruk,21,22383.0,444806.0,False
ORD-00132,2025-11-27 15:00:00,BUY-0024,reseller,Pisang,20,16944.0,307857.0,False
ORD-00488,2025-11-27 19:00:00,BUY-0089,retail,Pepaya,3,10202.0,29826.0,False
ORD-03620,2025-11-27 20:00:00,BUY-0129,retail,Jeruk,2,23463.0,45948.0,False
ORD-01502,2025-11-27 20:00:00,BUY-0111,retail,Pepaya,1,9557.0,9248.0,False
ORD-03794,2025-11-28 10:00:00,BUY-0013,retail,Apel,2,33589.0,66961.0,False
ORD-03114,2025-11-28 13:00:00,BUY-0086,retail,Jeruk,3,22399.0,62862.0,False
ORD-03218,2025-11-28 15:00:00,BUY-0131,retail,Pisang,2,17003.0,33508.0,False
ORD-00655,2025-11-28 19:00:00,BUY-0066,retail,Mangga,2,26001.0,49804.0,False
ORD-00124,2025-11-29 12:00:00,BUY-0002,retail,Nanas,2,12409.0,23208.0,False
ORD-01704,2025-11-29 17:00:00,BUY-0108,retail,Nanas,1,12501.0,11550.0,False
ORD-04074,2025-11-30 03:00:00,BUY-0053,retail,Apel,147,33814.0,340995.0,True
ORD-02939,2025-11-30 15:00:00,BUY-0105,retail,Apel,2,33718.0,66640.0,False
ORD-02096,2025-11-30 17:00:00,BUY-0058,retail,Jeruk,1,23180.0,22864.0,False
ORD-01559,2025-11-30 17:00:00,BUY-0097,retail,Nanas,1,11877.0,11107.0,False
ORD-00754,2025-11-30 20:00:00,BUY-0111,retail,Nanas,2,12764.0,23330.0,False
ORD-03162,2025-12-01 12:00:00,BUY-0058,retail,Semangka,3,9577.0,27270.0,False
ORD-02518,2025-12-01 15:00:00,BUY-0136,retail,Pisang,2,16248.0,30463.0,False
ORD-02411,2025-12-01 17:00:00,BUY-0030,retail,Pepaya,3,10297.0,29826.0,False
ORD-03829,2025-12-02 08:00:00,BUY-0029,retail,Pepaya,3,10068.0,29861.0,False
ORD-01623,2025-12-02 08:00:00,BUY-0030,retail,Semangka,2,9653.0,18689.0,False
ORD-01839,2025-12-02 09:00:00,BUY-0035,retail,Apel,3,33912.0,92568.0,False
ORD-02961,2025-12-02 12:00:00,BUY-0001,retail,Anggur,3,50109.0,142878.0,False
ORD-00212,2025-12-02 14:00:00,BUY-0040,retail,Pisang,3,16138.0,43820.0,False
ORD-03258,2025-12-02 14:00:00,BUY-0009,retail,Apel,1,33007.0,29795.0,False
ORD-00432,2025-12-02 15:00:00,BUY-0049,retail,Nanas,2,12587.0,24977.0,False
ORD-00209,2025-12-02 20:00:00,BUY-0086,retail,Jeruk,3,23404.0,64934.0,False
ORD-01581,2025-12-02 21:00:00,BUY-0071,retail,Mangga,2,24382.0,47998.0,False
ORD-03130,2025-12-02 21:00:00,BUY-0001,retail,Anggur,4,52361.0,188974.0,False
ORD-02256,2025-12-03 08:00:00,BUY-0035,retail,Mangga,2,24991.0,45179.0,False
ORD-03836,2025-12-03 20:00:00,BUY-0113,retail,Pepaya,1,10347.0,9787.0,False
ORD-01415,2025-12-03 21:00:00,BUY-0116,reseller,Apel,28,31583.0,855720.0,False
ORD-00567,2025-12-04 08:00:00,BUY-0138,retail,Semangka,1,10420.0,10268.0,False
ORD-01544,2025-12-04 09:00:00,BUY-0048,retail,Mangga,3,25232.0,68412.0,False
ORD-03858,2025-12-04 17:00:00,BUY-0126,retail,Jeruk,1,21574.0,21326.0,False
ORD-00998,2025-12-05 08:00:00,BUY-0116,reseller,Pisang,35,15901.0,540723.0,False
ORD-02371,2025-12-05 12:00:00,BUY-0065,retail,Semangka,1,9638.0,8874.0,False
ORD-01670,2025-12-05 15:00:00,BUY-0079,retail,Semangka,4,10142.0,39880.0,False
ORD-01543,2025-12-05 21:00:00,BUY-0057,retail,Nanas,2,12601.0,24353.0,False
ORD-02957,2025-12-06 10:00:00,BUY-0126,retail,Pepaya,3,9787.0,28595.0,False
ORD-03318,2025-12-06 13:00:00,BUY-0065,retail,Jeruk,4,22158.0,84759.0,False
ORD-04015,2025-12-06 17:00:00,BUY-0073,reseller,Apel,22,32249.0,677130.0,False
ORD-03380,2025-12-06 21:00:00,BUY-0039,retail,Apel,4,33068.0,119857.0,False
ORD-00847,2025-12-07 09:00:00,BUY-0149,retail,Apel,3,33861.0,99435.0,False
ORD-00267,2025-12-07 16:00:00,BUY-0018,retail,Mangga,4,25770.0,92956.0,False
ORD-01040,2025-12-07 18:00:00,BUY-0053,retail,Semangka,3,9781.0,26669.0,False
ORD-02330,2025-12-07 19:00:00,BUY-0028,retail,Apel,4,33671.0,125491.0,False
ORD-01737,2025-12-07 21:00:00,BUY-0100,reseller,Apel,25,32811.0,753219.0,False
ORD-01890,2025-12-08 08:00:00,BUY-0149,retail,Pisang,2,16939.0,32924.0,False
ORD-03467,2025-12-08 09:00:00,BUY-0042,reseller,Anggur,25,51833.0,1215254.0,False
ORD-03405,2025-12-08 12:00:00,BUY-0044,retail,Nanas,4,12299.0,47069.0,False
ORD-00521,2025-12-08 20:00:00,BUY-0057,retail,Mangga,3,23889.0,66868.0,False
ORD-02322,2025-12-08 20:00:00,BUY-0041,retail,Mangga,4,26090.0,95179.0,False
ORD-01711,2025-12-09 10:00:00,BUY-0107,retail,Mangga,1,23852.0,21477.0,False
ORD-00038,2025-12-09 12:00:00,BUY-0043,retail,Semangka,2,9745.0,18282.0,False
ORD-01721,2025-12-09 20:00:00,BUY-0089,retail,Nanas,2,12076.0,21751.0,False
ORD-02789,2025-12-10 09:00:00,BUY-0084,retail,Jeruk,4,22762.0,89091.0,False
ORD-00490,2025-12-10 12:00:00,BUY-0101,reseller,Nanas,30,12908.0,369185.0,False
ORD-02611,2025-12-10 15:00:00,BUY-0115,retail,Anggur,4,54426.0,209062.0,False
ORD-03096,2025-12-10 16:00:00,BUY-0047,retail,Anggur,3,54491.0,158536.0,False
ORD-01808,2025-12-10 16:00:00,BUY-0144,retail,Nanas,2,12288.0,23359.0,False
ORD-01927,2025-12-10 17:00:00,BUY-0132,reseller,Jeruk,16,22319.0,338540.0,False
ORD-03777,2025-12-10 21:00:00,BUY-0049,retail,Mangga,1,24307.0,22457.0,False
ORD-02409,2025-12-11 04:00:00,BUY-0146,retail,Anggur,172,55119.0,750398.0,True
ORD-02043,2025-12-11 09:00:00,BUY-0073,reseller,Pepaya,31,9862.0,300251.0,False
ORD-01937,2025-12-11 14:00:00,BUY-0129,retail,Pisang,3,15761.0,42894.0,False
ORD-01507,2025-12-11 19:00:00,BUY-0075,retail,Anggur,1,50055.0,46100.0,False
ORD-00558,2025-12-11 19:00:00,BUY-0024,reseller,Apel,31,33430.0,968746.0,False
ORD-03542,2025-12-12 19:00:00,BUY-0045,reseller,Semangka,10,10054.0,95709.0,False
ORD-00966,2025-12-12 21:00:00,BUY-0079,retail,Pepaya,2,10290.0,19714.0,False
ORD-00910,2025-12-13 03:00:00,BUY-0031,retail,Pisang,182,17212.0,169076.0,True
ORD-02102,2025-12-13 08:00:00,BUY-0022,retail,Nanas,4,12797.0,47900.0,False
ORD-01828,2025-12-13 11:00:00,BUY-0086,retail,Jeruk,4,21476.0,80428.0,False
ORD-01644,2025-12-13 14:00:00,BUY-0067,retail,Jeruk,1,21876.0,20301.0,False
ORD-01000,2025-12-13 17:00:00,BUY-0136,retail,Anggur,2,50101.0,94455.0,False
ORD-02079,2025-12-13 18:00:00,BUY-0034,retail,Apel,4,31237.0,123591.0,False
ORD-02792,2025-12-13 21:00:00,BUY-0034,retail,Pisang,1,17109.0,16398.0,False
ORD-02473,2025-12-13 21:00:00,BUY-0072,retail,Nanas,2,12302.0,23615.0,False
ORD-01285,2025-12-13 21:00:00,BUY-0091,retail,Anggur,4,50926.0,201713.0,False
ORD-03877,2025-12-14 17:00:00,BUY-0073,reseller,Jeruk,28,23368.0,619984.0,False
ORD-01340,2025-12-14 18:00:00,BUY-0057,retail,Pepaya,4,9910.0,37435.0,False
ORD-03661,2025-12-14 21:00:00,BUY-0076,retail,Pepaya,2,9890.0,19244.0,False
ORD-00447,2025-12-14 21:00:00,BUY-0121,retail,Jeruk,4,21608.0,81468.0,False
ORD-01972,2025-12-15 12:00:00,BUY-0009,retail,Mangga,1,25569.0,25142.0,False
ORD-02706,2025-12-16 12:00:00,BUY-0080,retail,Anggur,4,50743.0,193744.0,False
ORD-01717,2025-12-16 14:00:00,BUY-0070,retail,Mangga,4,24326.0,92002.0,False
ORD-00999,2025-12-16 17:00:00,BUY-0127,retail,Nanas,2,13023.0,23849.0,False
ORD-00774,2025-12-16 20:00:00,BUY-0032,reseller,Pepaya,19,9657.0,166734.0,False
ORD-03835,2025-12-17 08:00:00,BUY-0062,retail,Apel,3,33249.0,92164.0,False
ORD-00401,2025-12-17 09:00:00,BUY-0013,retail,Pisang,3,16060.0,47178.0,False
ORD-01409,2025-12-17 13:00:00,BUY-0055,retail,Pepaya,3,9958.0,28505.0,False
ORD-02625,2025-12-17 15:00:00,BUY-0087,retail,Jeruk,3,21395.0,61425.0,False
ORD-00550,2025-12-17 19:00:00,BUY-0127,retail,Pisang,2,16880.0,31987.0,False
ORD-00163,2025-12-18 11:00:00,BUY-0048,retail,Anggur,2,51049.0,101991.0,False
ORD-03611,2025-12-18 14:00:00,BUY-0070,retail,Pepaya,3,9602.0,27036.0,False
ORD-03983,2025-12-18 18:00:00,BUY-0116,reseller,Jeruk,20,21415.0,410595.0,False
ORD-01846,2025-12-18 21:00:00,BUY-0101,reseller,Pisang,32,16979.0,538942.0,False
ORD-03021,2025-12-19 18:00:00,BUY-0016,retail,Pepaya,4,9963.0,39560.0,False
ORD-02355,2025-12-19 21:00:00,BUY-0109,retail,Pisang,3,16543.0,46207.0,False
ORD-01494,2025-12-20 01:00:00,BUY-0118,retail,Pepaya,170,10404.0,110496.0,True
ORD-01278,2025-12-20 08:00:00,BUY-0123,retail,Pepaya,3,10065.0,27518.0,False
ORD-01303,2025-12-20 17:00:00,BUY-0014,reseller,Pisang,31,16117.0,493257.0,False
ORD-01923,2025-12-21 15:00:00,BUY-0018,retail,Nanas,1,13061.0,12067.0,False
ORD-02163,2025-12-21 16:00:00,BUY-0066,retail,Mangga,1,24014.0,22228.0,False
ORD-02349,2025-12-21 18:00:00,BUY-0034,retail,Nanas,4,12763.0,50035.0,False
ORD-03343,2025-12-21 20:00:00,BUY-0019,reseller,Nanas,17,11882.0,198577.0,False
ORD-01545,2025-12-21 20:00:00,BUY-0150,retail,Pepaya,1,10206.0,9398.0,False
ORD-00035,2025-12-22 11:00:00,BUY-0123,retail,Apel,2,32984.0,65186.0,False
ORD-00976,2025-12-22 12:00:00,BUY-0129,retail,Nanas,2,12816.0,25559.0,False
ORD-00787,2025-12-22 14:00:00,BUY-0090,retail,Anggur,2,52544.0,98301.0,False
ORD-02815,2025-12-22 17:00:00,BUY-0062,retail,Pepaya,1,10403.0,9749.0,False
ORD-00380,2025-12-22 18:00:00,BUY-0065,retail,Mangga,3,26189.0,76194.0,False
ORD-01873,2025-12-22 18:00:00,BUY-0129,retail,Pepaya,4,9758.0,35637.0,False
ORD-01930,2025-12-22 19:00:00,BUY-0113,retail,Jeruk,4,23215.0,84994.0,False
ORD-02593,2025-12-22 20:00:00,BUY-0082,retail,Pepaya,1,9915.0,9678.0,False
ORD-01393,2025-12-22 20:00:00,BUY-0003,reseller,Jeruk,31,21651.0,658078.0,False
ORD-02160,2025-12-22 21:00:00,BUY-0085,retail,Jeruk,4,22896.0,89377.0,False
ORD-02294,2025-12-22 21:00:00,BUY-0133,retail,Apel,2,31459.0,60251.0,False
ORD-02316,2025-12-23 09:00:00,BUY-0065,retail,Jeruk,2,21499.0,40318.0,False
ORD-01401,2025-12-23 14:00:00,BUY-0027,retail,Nanas,1,12770.0,11866.0,False
ORD-01156,2025-12-23 19:00:00,BUY-0062,retail,Semangka,4,10036.0,37183.0,False
ORD-03399,2025-12-23 21:00:00,BUY-0108,retail,Pisang,3,16546.0,45749.0,False
ORD-01445,2025-12-24 10:00:00,BUY-0123,retail,Semangka,4,9892.0,36314.0,False
ORD-03129,2025-12-24 14:00:00,BUY-0016,retail,Mangga,3,23890.0,66417.0,False
ORD-00599,2025-12-24 15:00:00,BUY-0008,retail,Pepaya,4,10318.0,37686.0,False
ORD-00561,2025-12-24 15:00:00,BUY-0068,retail,Semangka,2,9769.0,18282.0,False
ORD-00379,2025-12-24 16:00:00,BUY-0016,retail,Jeruk,1,22764.0,21852.0,False
ORD-01514,2025-12-24 16:00:00,BUY-0011,retail,Apel,2,34015.0,65650.0,False
ORD-02901,2025-12-24 16:00:00,BUY-0107,retail,Nanas,2,12810.0,23082.0,False
ORD-02733,2025-12-24 20:00:00,BUY-0062,retail,Mangga,1,26192.0,25943.0,False
ORD-02183,2025-12-25 08:00:00,BUY-0029,retail,Jeruk,2,22133.0,42187.0,False
ORD-01473,2025-12-25 09:00:00,BUY-0012,reseller,Pisang,11,16063.0,165404.0,False
ORD-01688,2025-12-25 11:00:00,BUY-0040,retail,Pisang,1,16052.0,15837.0,False
ORD-01206,2025-12-25 13:00:00,BUY-0007,retail,Semangka,3,10465.0,31070.0,False
ORD-03386,2025-12-25 14:00:00,BUY-0085,retail,Mangga,4,25888.0,102017.0,False
ORD-00076,2025-12-25 16:00:00,BUY-0089,retail,Pisang,4,16592.0,63058.0,False
ORD-00904,2025-12-25 17:00:00,BUY-0105,retail,Semangka,2,9589.0,17448.0,False
ORD-00251,2025-12-25 18:00:00,BUY-0019,reseller,Apel,24,31476.0,737780.0,False
ORD-02919,2025-12-25 19:00:00,BUY-0075,retail,Pepaya,1,9633.0,8816.0,False
ORD-01751,2025-12-25 20:00:00,BUY-0133,retail,Apel,3,32914.0,92001.0,False
ORD-02231,2025-12-25 21:00:00,BUY-0053,retail,Anggur,4,49935.0,181089.0,False
ORD-02955,2025-12-25 21:00:00,BUY-0111,retail,Anggur,3,52336.0,143232.0,False
ORD-03499,2025-12-25 21:00:00,BUY-0020,retail,Apel,3,31334.0,90337.0,False
ORD-01058,2025-12-25 21:00:00,BUY-0098,retail,Jeruk,4,23466.0,87832.0,False
ORD-02442,2025-12-26 08:00:00,BUY-0058,retail,Mangga,3,24970.0,67620.0,False
ORD-01626,2025-12-26 10:00:00,BUY-0103,retail,Mangga,1,25761.0,24778.0,False
ORD-03783,2025-12-26 16:00:00,BUY-0129,retail,Anggur,4,53904.0,200682.0,False
ORD-00103,2025-12-26 18:00:00,BUY-0025,retail,Jeruk,1,21517.0,21366.0,False
ORD-03177,2025-12-26 19:00:00,BUY-0023,reseller,Mangga,29,24671.0,651514.0,False
ORD-00543,2025-12-26 20:00:00,BUY-0029,retail,Apel,2,32492.0,64643.0,False
ORD-01741,2025-12-26 20:00:00,BUY-0144,retail,Pepaya,2,9651.0,17509.0,False
ORD-03460,2025-12-26 21:00:00,BUY-0149,retail,Anggur,2,53513.0,102813.0,False
ORD-02430,2025-12-27 13:00:00,BUY-0013,retail,Jeruk,3,23591.0,68216.0,False
ORD-01770,2025-12-27 17:00:00,BUY-0078,retail,Semangka,2,9915.0,18315.0,False
ORD-00519,2025-12-28 03:00:00,BUY-0015,retail,Jeruk,147,22411.0,209186.0,True
ORD-01020,2025-12-28 15:00:00,BUY-0138,retail,Mangga,1,25253.0,23288.0,False
ORD-04109,2025-12-28 16:00:00,BUY-0022,retail,Semangka,4,9646.0,35397.0,False
ORD-02104,2025-12-28 21:00:00,BUY-0088,retail,Mangga,2,24651.0,48828.0,False
ORD-03285,2025-12-29 04:00:00,BUY-0022,retail,Apel,76,32369.0,92361.0,True
ORD-03600,2025-12-29 12:00:00,BUY-0041,retail,Pepaya,4,9685.0,38133.0,False
ORD-02756,2025-12-29 14:00:00,BUY-0138,retail,Apel,4,33755.0,121789.0,False
ORD-02836,2025-12-29 20:00:00,BUY-0094,retail,Mangga,2,23892.0,46310.0,False
ORD-02039,2025-12-30 08:00:00,BUY-0108,retail,Pepaya,2,10437.0,19440.0,False
ORD-03180,2025-12-30 09:00:00,BUY-0012,reseller,Apel,18,31470.0,544936.0,False
ORD-00643,2025-12-30 11:00:00,BUY-0001,retail,Anggur,1,50725.0,49494.0,False
ORD-02619,2025-12-30 13:00:00,BUY-0139,retail,Mangga,2,24649.0,46167.0,False
ORD-02558,2025-12-30 14:00:00,BUY-0107,retail,Nanas,2,12119.0,24110.0,False
ORD-01324,2025-12-30 16:00:00,BUY-0139,retail,Pepaya,1,10316.0,9329.0,False
ORD-03606,2025-12-30 16:00:00,BUY-0038,retail,Nanas,4,12022.0,46510.0,False
ORD-02220,2025-12-31 10:00:00,BUY-0144,retail,Anggur,3,53861.0,155840.0,False
ORD-03437,2025-12-31 12:00:00,BUY-0048,retail,Jeruk,2,23477.0,44458.0,False
ORD-03456,2025-12-31 13:00:00,BUY-0125,retail,Pisang,4,16025.0,60266.0,False
ORD-01442,2025-12-31 17:00:00,BUY-0077,retail,Nanas,1,12929.0,12544.0,False
ORD-02508,2025-12-31 19:00:00,BUY-0061,retail,Mangga,1,25543.0,25425.0,False
